vehicle,earlier_journey,later_journey,earlier_start,later_start,earlier_km,later_km,earlier_fuel_l,later_fuel_l,earlier_l_per_100km,later_l_per_100km,earlier_idle_minutes_estimated,later_idle_minutes_estimated,earlier_event8,later_event8,start_gap_km,end_gap_km,both_fuel_at_least_5l,earlier_route_coverage,later_route_coverage,route_min_coverage,rate_change_pct
584LGFL6EX,250311000001,250331000002,2025-03-11T08:26:07,2025-03-31T08:58:42,44.0,36.0,22.0,16.5,50.0,45.83333333333333,0.0723833333390454,0.0661333333351649,5,10,0.0059505117452153,0.0081678128316253,True,0.4,0.41414141414141414,0.4,-8.333333333333348
584LGFL6EX,250321000001,250331000002,2025-03-21T08:12:10,2025-03-31T08:58:42,31.0,36.0,13.0,16.5,41.935483870967744,45.83333333333333,0.0607500000041909,0.0661333333351649,1,10,0.0565074787593086,0.0126271127099208,True,0.6617647058823529,0.32323232323232326,0.32323232323232326,9.294871794871785
584LGFL6EX,250121010001,250521000001,2025-01-21T09:37:35,2025-05-21T08:08:42,94.0,76.0,36.5,30.5,38.82978723404255,40.131578947368425,0.1721999999989445,0.0833166666678153,15,10,0.0173679608337146,0.0157539437598341,True,0.11258278145695365,0.07741935483870968,0.07741935483870968,3.352559480894035
584LGFL6EX,250521060004,250701060002,2025-05-21T14:11:58,2025-07-01T14:54:11,29.0,31.0,17.0,20.5,58.620689655172406,66.12903225806451,0.1135666666668839,0.1040333333270003,0,3,0.0087721055135988,0.012670173270647,True,0.2875,0.7435897435897436,0.2875,12.808349146110064
584LGFL6EX,250321000001,250731020003,2025-03-21T08:12:10,2025-07-31T10:35:55,31.0,31.0,13.0,13.5,41.935483870967744,43.54838709677419,0.0607500000041909,0.017249999998603,1,5,0.0299192919259281,0.0050269123304863,True,0.7058823529411765,0.7333333333333333,0.7058823529411765,3.8461538461538325
584LGFL6EX,250331000002,250731020003,2025-03-31T08:58:42,2025-07-31T10:35:55,36.0,31.0,16.5,13.5,45.83333333333333,43.54838709677419,0.0661333333351649,0.017249999998603,10,5,0.029077917128318,0.0114013517468129,True,0.3939393939393939,0.7833333333333333,0.3939393939393939,-4.985337243401755
584LGFL6EX,250731010002,250831230002,2025-07-31T09:19:10,2025-09-01T07:52:35,15.0,15.0,6.5,8.5,43.333333333333336,56.66666666666666,0.0155666666687466,0.0212333333368102,2,0,0.0022737538806849,0.0211471465662611,True,0.21052631578947367,0.24,0.21052631578947367,30.76923076923075
584LGFL6EX,250701010001,251101010001,2025-07-01T09:32:42,2025-11-01T09:26:53,69.0,64.0,34.5,27.5,50.0,42.96875,0.1230333333252929,0.0685333333327435,15,4,0.0065991145835428,0.0289276194854813,True,0.2711864406779661,0.31746031746031744,0.2711864406779661,-14.0625
584LGFL6EX,250501000001,251111010001,2025-05-01T08:48:17,2025-11-11T09:53:37,132.0,140.0,57.5,59.5,43.56060606060606,42.5,0.2231166666722856,0.2001000000047497,14,16,0.0111904539787713,0.0023734347975285,True,0.3826530612244898,0.3116279069767442,0.3116279069767442,-2.4347826086956514
584LGFL6EX,250101060002,251121060001,2025-01-01T14:37:26,2025-11-21T14:03:56,37.0,35.0,18.5,18.0,50.0,51.42857142857142,0.124833333325417,0.1238500000016453,5,3,0.0154617080720584,0.0031911096945528,True,0.3644859813084112,0.4,0.3644859813084112,2.857142857142847
AHMPUL0C13,250111000001,250120220007,2025-01-11T08:37:09,2025-01-21T06:04:58,30.0,31.0,7.0,6.0,23.33333333333333,19.35483870967742,0.0127833333332091,0.0,12,10,0.0754224523180173,0.018563898052681,True,1.0,1.0,1.0,-17.050691244239612
AHMPUL0C13,250111020002,250120230010,2025-01-11T10:07:29,2025-01-21T07:34:19,28.0,28.0,6.5,5.5,23.214285714285715,19.642857142857142,0.0,0.0039333333338921,14,12,0.0278437007259056,0.1120079935031152,True,0.9852941176470589,1.0,0.9852941176470589,-15.384615384615385
AHMPUL0C13,250111000001,250121010002,2025-01-11T08:37:09,2025-01-21T09:11:20,30.0,30.0,7.0,6.5,23.33333333333333,21.666666666666668,0.0127833333332091,0.0,12,10,0.0690433704189869,0.0071777841757232,True,0.9850746268656716,1.0,0.9850746268656716,-7.1428571428571175
AHMPUL0C13,250120220007,250121010002,2025-01-21T06:04:58,2025-01-21T09:11:20,31.0,30.0,6.0,6.5,19.35483870967742,21.666666666666668,0.0,0.0,10,10,0.1243270209029166,0.0228003370812028,True,1.0,0.9850746268656716,0.9850746268656716,11.944444444444446
AHMPUL0C13,250111000001,250310220011,2025-01-11T08:37:09,2025-03-11T06:30:15,30.0,30.0,7.0,6.5,23.33333333333333,21.666666666666668,0.0127833333332091,0.0,12,10,0.0667186527733592,0.0145829091195404,True,0.9850746268656716,1.0,0.9850746268656716,-7.1428571428571175
AHMPUL0C13,250120220007,250310220011,2025-01-21T06:04:58,2025-03-11T06:30:15,31.0,30.0,6.0,6.5,19.35483870967742,21.666666666666668,0.0,0.0,10,10,0.0087153428213384,0.0235183036560123,True,0.984375,1.0,0.984375,11.944444444444446
AHMPUL0C13,250121010002,250310220011,2025-01-21T09:11:20,2025-03-11T06:30:15,30.0,30.0,6.5,6.5,21.666666666666668,21.666666666666668,0.0,0.0,10,10,0.1165833334199687,0.0089171416108844,True,0.9701492537313433,1.0,0.9701492537313433,0.0
AHMPUL0C13,250111020002,250311000001,2025-01-11T10:07:29,2025-03-11T08:20:04,28.0,29.0,6.5,5.5,23.214285714285715,18.96551724137931,0.0,0.0,14,10,0.0153581238010405,0.5998846558313787,True,0.9852941176470589,0.9850746268656716,0.9850746268656716,-18.302387267904518
AHMPUL0C13,250120230010,250311000001,2025-01-21T07:34:19,2025-03-11T08:20:04,28.0,29.0,5.5,5.5,19.642857142857142,18.96551724137931,0.0039333333338921,0.0,12,10,0.0297418202635452,0.5959261694162606,True,1.0,0.9850746268656716,0.9850746268656716,-3.4482758620689613
AHMPUL0C13,250111000001,250311020004,2025-01-11T08:37:09,2025-03-11T10:43:44,30.0,30.0,7.0,8.0,23.33333333333333,26.666666666666668,0.0127833333332091,0.0079833333341715,12,11,0.0622675249778229,0.003473503404633,True,1.0,0.9857142857142858,0.9857142857142858,14.285714285714324
AHMPUL0C13,250120220007,250311020004,2025-01-21T06:04:58,2025-03-11T10:43:44,31.0,30.0,6.0,8.0,19.35483870967742,26.666666666666668,0.0,0.0079833333341715,10,11,0.1311807679548272,0.0219401853834656,True,1.0,0.9857142857142858,0.9857142857142858,37.77777777777778
AHMPUL0C13,250121010002,250311020004,2025-01-21T09:11:20,2025-03-11T10:43:44,30.0,30.0,6.5,8.0,21.666666666666668,26.666666666666668,0.0,0.0079833333341715,10,11,0.030000889362505,0.0072444578736383,True,1.0,1.0,1.0,23.076923076923084
AHMPUL0C13,250310220011,250311020004,2025-03-11T06:30:15,2025-03-11T10:43:44,30.0,30.0,6.5,8.0,21.666666666666668,26.666666666666668,0.0,0.0079833333341715,10,11,0.1227134773088353,0.0158539847205031,True,1.0,0.9571428571428572,0.9571428571428572,23.076923076923084
AHMPUL0C13,250111000001,250311060007,2025-01-11T08:37:09,2025-03-11T14:17:44,30.0,31.0,7.0,7.0,23.33333333333333,22.58064516129032,0.0127833333332091,0.0,12,13,0.0359963158545931,0.057197291627676,True,0.9850746268656716,1.0,0.9850746268656716,-3.2258064516128893
AHMPUL0C13,250120220007,250311060007,2025-01-21T06:04:58,2025-03-11T14:17:44,31.0,31.0,6.0,7.0,19.35483870967742,22.58064516129032,0.0,0.0,10,13,0.1112817297474495,0.0616712230551482,True,0.984375,0.9852941176470589,0.984375,16.66666666666665
AHMPUL0C13,250121010002,250311060007,2025-01-21T09:11:20,2025-03-11T14:17:44,30.0,31.0,6.5,7.0,21.666666666666668,22.58064516129032,0.0,0.0,10,13,0.056810424794111,0.0633551673131306,True,0.9850746268656716,1.0,0.9850746268656716,4.218362282878396
AHMPUL0C13,250310220011,250311060007,2025-03-11T06:30:15,2025-03-11T14:17:44,30.0,31.0,6.5,7.0,21.666666666666668,22.58064516129032,0.0,0.0,10,13,0.1025673343482434,0.0717425019046273,True,1.0,0.9852941176470589,0.9852941176470589,4.218362282878396
AHMPUL0C13,250311020004,250311060007,2025-03-11T10:43:44,2025-03-11T14:17:44,30.0,31.0,8.0,7.0,26.666666666666668,22.58064516129032,0.0079833333341715,0.0,11,13,0.0356377117534002,0.0561129440457962,True,0.9714285714285714,0.9852941176470589,0.9714285714285714,-15.322580645161299
AHMPUL0C13,250111000001,250320220012,2025-01-11T08:37:09,2025-03-21T06:02:37,30.0,31.0,7.0,7.0,23.33333333333333,22.58064516129032,0.0127833333332091,0.0,12,10,0.1006399282479412,0.0242526469804977,True,1.0,1.0,1.0,-3.2258064516128893
AHMPUL0C13,250120220007,250320220012,2025-01-21T06:04:58,2025-03-21T06:02:37,31.0,31.0,6.0,7.0,19.35483870967742,22.58064516129032,0.0,0.0,10,10,0.1095346306133248,0.0112892583128222,True,1.0,1.0,1.0,16.66666666666665
AHMPUL0C13,250121010002,250320220012,2025-01-21T09:11:20,2025-03-21T06:02:37,30.0,31.0,6.5,7.0,21.666666666666668,22.58064516129032,0.0,0.0,10,10,0.0691145638656972,0.0303676634300975,True,0.9850746268656716,1.0,0.9850746268656716,4.218362282878396
AHMPUL0C13,250310220011,250320220012,2025-03-11T06:30:15,2025-03-21T06:02:37,30.0,31.0,6.5,7.0,21.666666666666668,22.58064516129032,0.0,0.0,10,10,0.1054481101733045,0.0333518049471678,True,1.0,0.9859154929577465,0.9859154929577465,4.218362282878396
AHMPUL0C13,250311020004,250320220012,2025-03-11T10:43:44,2025-03-21T06:02:37,30.0,31.0,8.0,7.0,26.666666666666668,22.58064516129032,0.0079833333341715,0.0,11,10,0.0975684235867618,0.0269575578311122,True,0.9714285714285714,1.0,0.9714285714285714,-15.322580645161299
AHMPUL0C13,250311060007,250320220012,2025-03-11T14:17:44,2025-03-21T06:02:37,31.0,31.0,7.0,7.0,22.58064516129032,22.58064516129032,0.0,0.0,13,10,0.1117773529909839,0.0533142057192852,True,0.9852941176470589,0.9859154929577465,0.9852941176470589,0.0
AHMPUL0C13,250111020002,250320230014,2025-01-11T10:07:29,2025-03-21T07:34:21,28.0,28.0,6.5,5.5,23.214285714285715,19.642857142857142,0.0,0.0,14,11,0.0193479172359103,0.0484973413404805,True,0.9852941176470589,1.0,0.9852941176470589,-15.384615384615385
AHMPUL0C13,250120230010,250320230014,2025-01-21T07:34:19,2025-03-21T07:34:21,28.0,28.0,5.5,5.5,19.642857142857142,19.642857142857142,0.0039333333338921,0.0,12,11,0.0154085633560602,0.0902787336914494,True,0.9857142857142858,1.0,0.9857142857142858,0.0
AHMPUL0C13,250311000001,250320230014,2025-03-11T08:20:04,2025-03-21T07:34:21,29.0,28.0,5.5,5.5,18.96551724137931,19.642857142857142,0.0,0.0,10,11,0.0149319606376082,0.5588762463418676,True,0.9850746268656716,1.0,0.9850746268656716,3.571428571428581
AHMPUL0C13,250111000001,250321000002,2025-01-11T08:37:09,2025-03-21T08:53:36,30.0,31.0,7.0,6.0,23.33333333333333,19.35483870967742,0.0127833333332091,0.0,12,9,0.5685520585252768,0.0168028017087601,True,1.0,0.9864864864864865,0.9864864864864865,-17.050691244239612
AHMPUL0C13,250120220007,250321000002,2025-01-21T06:04:58,2025-03-21T08:53:36,31.0,31.0,6.0,6.0,19.35483870967742,19.35483870967742,0.0,0.0,10,9,0.6090405196988876,0.0239080602967342,True,1.0,0.9594594594594594,0.9594594594594594,0.0
AHMPUL0C13,250121010002,250321000002,2025-01-21T09:11:20,2025-03-21T08:53:36,30.0,31.0,6.5,6.0,21.666666666666668,19.35483870967742,0.0,0.0,10,9,0.6079500404889536,0.011445000854668,True,1.0,0.9864864864864865,0.9864864864864865,-10.66997518610422
AHMPUL0C13,250310220011,250321000002,2025-03-11T06:30:15,2025-03-21T08:53:36,30.0,31.0,6.5,6.0,21.666666666666668,19.35483870967742,0.0,0.0,10,9,0.6043714789250001,0.0025574833126809,True,1.0,0.9594594594594594,0.9594594594594594,-10.66997518610422
AHMPUL0C13,250311020004,250321000002,2025-03-11T10:43:44,2025-03-21T08:53:36,30.0,31.0,8.0,6.0,26.666666666666668,19.35483870967742,0.0079833333341715,0.0,11,9,0.578628654795618,0.018278489402785,True,1.0,0.9864864864864865,0.9864864864864865,-27.419354838709676
AHMPUL0C13,250311060007,250321000002,2025-03-11T14:17:44,2025-03-21T08:53:36,31.0,31.0,7.0,6.0,22.58064516129032,19.35483870967742,0.0,0.0,13,9,0.5553359714383541,0.0740000910827205,True,1.0,0.9864864864864865,0.9864864864864865,-14.28571428571428
AHMPUL0C13,250320220012,250321000002,2025-03-21T06:02:37,2025-03-21T08:53:36,31.0,31.0,7.0,6.0,22.58064516129032,19.35483870967742,0.0,0.0,10,9,0.666370463624667,0.0341896844524254,True,1.0,0.972972972972973,0.972972972972973,-14.28571428571428
AHMPUL0C13,250111000001,250321030006,2025-01-11T08:37:09,2025-03-21T11:23:27,30.0,31.0,7.0,6.0,23.33333333333333,19.35483870967742,0.0127833333332091,0.009299999999348,12,9,0.0143909506275709,0.0131074262363675,True,0.9850746268656716,1.0,0.9850746268656716,-17.050691244239612
AHMPUL0C13,250120220007,250321030006,2025-01-21T06:04:58,2025-03-21T11:23:27,31.0,31.0,6.0,6.0,19.35483870967742,19.35483870967742,0.0,0.009299999999348,10,9,0.0639496763993982,0.0267150823981366,True,0.984375,1.0,0.984375,0.0
AHMPUL0C13,250121010002,250321030006,2025-01-21T09:11:20,2025-03-21T11:23:27,30.0,31.0,6.5,6.0,21.666666666666668,19.35483870967742,0.0,0.009299999999348,10,9,0.0820677351617764,0.0059634533058104,True,0.9701492537313433,1.0,0.9701492537313433,-10.66997518610422
AHMPUL0C13,250310220011,250321030006,2025-03-11T06:30:15,2025-03-21T11:23:27,30.0,31.0,6.5,6.0,21.666666666666668,19.35483870967742,0.0,0.009299999999348,10,9,0.0553857658940843,0.0060165528818592,True,0.9850746268656716,1.0,0.9850746268656716,-10.66997518610422
AHMPUL0C13,250311020004,250321030006,2025-03-11T10:43:44,2025-03-21T11:23:27,30.0,31.0,8.0,6.0,26.666666666666668,19.35483870967742,0.0079833333341715,0.009299999999348,11,9,0.0766523991127492,0.0130168038080124,True,0.9714285714285714,1.0,0.9714285714285714,-27.419354838709676
AHMPUL0C13,250311060007,250321030006,2025-03-11T14:17:44,2025-03-21T11:23:27,31.0,31.0,7.0,6.0,22.58064516129032,19.35483870967742,0.0,0.009299999999348,13,9,0.049201843684539,0.0689573767068875,True,0.9705882352941176,0.9838709677419355,0.9705882352941176,-14.28571428571428
AHMPUL0C13,250320220012,250321030006,2025-03-21T06:02:37,2025-03-21T11:23:27,31.0,31.0,7.0,6.0,22.58064516129032,19.35483870967742,0.0,0.009299999999348,10,9,0.1062287629443686,0.0353617776054458,True,0.9859154929577465,1.0,0.9859154929577465,-14.28571428571428
AHMPUL0C13,250321000002,250321030006,2025-03-21T08:53:36,2025-03-21T11:23:27,31.0,31.0,6.0,6.0,19.35483870967742,19.35483870967742,0.0,0.009299999999348,9,9,0.5676340241500086,0.00830075386836,True,0.972972972972973,1.0,0.972972972972973,0.0
AHMPUL0C13,250111020002,250321040007,2025-01-11T10:07:29,2025-03-21T12:44:13,28.0,28.0,6.5,6.0,23.214285714285715,21.428571428571427,0.0,0.0,14,10,0.0131074262363675,0.1001538491250325,True,1.0,1.0,1.0,-7.692307692307699
AHMPUL0C13,250120230010,250321040007,2025-01-21T07:34:19,2025-03-21T12:44:13,28.0,28.0,5.5,6.0,19.642857142857142,21.428571428571427,0.0039333333338921,0.0,12,10,0.0310448285970361,0.0259084179080623,True,0.9857142857142858,1.0,0.9857142857142858,9.090909090909083
AHMPUL0C13,250311000001,250321040007,2025-03-11T08:20:04,2025-03-21T12:44:13,29.0,28.0,5.5,6.0,18.96551724137931,21.428571428571427,0.0,0.0,10,10,0.0284097471474435,0.5736216019003553,True,0.9850746268656716,1.0,0.9850746268656716,12.987012987012992
AHMPUL0C13,250320230014,250321040007,2025-03-21T07:34:21,2025-03-21T12:44:13,28.0,28.0,5.5,6.0,19.642857142857142,21.428571428571427,0.0,0.0,11,10,0.0287372075728456,0.0696123480769918,True,1.0,1.0,1.0,9.090909090909083
AHMPUL0C13,250111000001,250330230001,2025-01-11T08:37:09,2025-03-31T07:24:49,30.0,31.0,7.0,7.0,23.33333333333333,22.58064516129032,0.0127833333332091,0.0,12,12,0.0828938336024692,0.0426337833655046,True,1.0,1.0,1.0,-3.2258064516128893
AHMPUL0C13,250120220007,250330230001,2025-01-21T06:04:58,2025-03-31T07:24:49,31.0,31.0,6.0,7.0,19.35483870967742,22.58064516129032,0.0,0.0,10,12,0.0090472214407685,0.0455485951031632,True,1.0,0.9864864864864865,0.9864864864864865,16.66666666666665
AHMPUL0C13,250121010002,250330230001,2025-01-21T09:11:20,2025-03-31T07:24:49,30.0,31.0,6.5,7.0,21.666666666666668,22.58064516129032,0.0,0.0,10,12,0.1283610736709831,0.0492558109116289,True,0.9850746268656716,0.9864864864864865,0.9850746268656716,4.218362282878396
AHMPUL0C13,250310220011,250330230001,2025-03-11T06:30:15,2025-03-31T07:24:49,30.0,31.0,6.5,7.0,21.666666666666668,22.58064516129032,0.0,0.0,10,12,0.0167443857934639,0.0571950911950095,True,0.9701492537313433,0.972972972972973,0.9701492537313433,4.218362282878396
AHMPUL0C13,250311020004,250330230001,2025-03-11T10:43:44,2025-03-31T07:24:49,30.0,31.0,8.0,7.0,26.666666666666668,22.58064516129032,0.0079833333341715,0.0,11,12,0.1369080146696026,0.0420717964721772,True,0.9857142857142858,1.0,0.9857142857142858,-15.322580645161299
AHMPUL0C13,250311060007,250330230001,2025-03-11T14:17:44,2025-03-31T07:24:49,31.0,31.0,7.0,7.0,22.58064516129032,22.58064516129032,0.0,0.0,13,12,0.1185252051172554,0.016195968105084,True,0.9852941176470589,1.0,0.9852941176470589,0.0
AHMPUL0C13,250320220012,250330230001,2025-03-21T06:02:37,2025-03-31T07:24:49,31.0,31.0,7.0,7.0,22.58064516129032,22.58064516129032,0.0,0.0,10,12,0.108488067679949,0.0371481026040996,True,1.0,0.9864864864864865,0.9864864864864865,0.0
AHMPUL0C13,250321000002,250330230001,2025-03-21T08:53:36,2025-03-31T07:24:49,31.0,31.0,6.0,7.0,19.35483870967742,22.58064516129032,0.0,0.0,9,12,0.6176383971053533,0.0593113427663208,True,0.972972972972973,1.0,0.972972972972973,16.66666666666665
AHMPUL0C13,250321030006,250330230001,2025-03-21T11:23:27,2025-03-31T07:24:49,31.0,31.0,6.0,7.0,19.35483870967742,22.58064516129032,0.009299999999348,0.0,9,12,0.0719929684594134,0.0550875632777103,True,1.0,0.9864864864864865,0.9864864864864865,16.66666666666665
AHMPUL0C13,250111000001,250520220015,2025-01-11T08:37:09,2025-05-21T06:40:10,30.0,30.0,7.0,6.0,23.33333333333333,20.0,0.0127833333332091,0.0,12,9,0.080439565387303,0.027323158026444,True,1.0,1.0,1.0,-14.285714285714269
AHMPUL0C13,250120220007,250520220015,2025-01-21T06:04:58,2025-05-21T06:40:10,31.0,30.0,6.0,6.0,19.35483870967742,20.0,0.0,0.0,10,9,0.1065049634007041,0.0422266265484721,True,1.0,0.9864864864864865,0.9864864864864865,3.3333333333333215
AHMPUL0C13,250121010002,250520220015,2025-01-21T09:11:20,2025-05-21T06:40:10,30.0,30.0,6.5,6.0,21.666666666666668,20.0,0.0,0.0,10,9,0.043304666857554,0.0204894564078014,True,1.0,1.0,1.0,-7.692307692307699
AHMPUL0C13,250310220011,250520220015,2025-03-11T06:30:15,2025-05-21T06:40:10,30.0,30.0,6.5,6.0,21.666666666666668,20.0,0.0,0.0,10,9,0.1006608026254844,0.0195101747813998,True,1.0,0.9594594594594594,0.9594594594594594,-7.692307692307699
AHMPUL0C13,250311020004,250520220015,2025-03-11T10:43:44,2025-05-21T06:40:10,30.0,30.0,8.0,6.0,26.666666666666668,20.0,0.0079833333341715,0.0,11,9,0.0713125865168715,0.0258629621957353,True,1.0,1.0,1.0,-25.0
AHMPUL0C13,250311060007,250520220015,2025-03-11T14:17:44,2025-05-21T06:40:10,31.0,30.0,7.0,6.0,22.58064516129032,20.0,0.0,0.0,13,9,0.0868427622292207,0.0781474528736094,True,1.0,0.9864864864864865,0.9864864864864865,-11.428571428571422
AHMPUL0C13,250320220012,250520220015,2025-03-21T06:02:37,2025-05-21T06:40:10,31.0,30.0,7.0,6.0,22.58064516129032,20.0,0.0,0.0,10,9,0.0262752228041385,0.0507614556500468,True,1.0,0.9864864864864865,0.9864864864864865,-11.428571428571422
AHMPUL0C13,250321000002,250520220015,2025-03-21T08:53:36,2025-05-21T06:40:10,31.0,30.0,6.0,6.0,19.35483870967742,20.0,0.0,0.0,9,9,0.6421115947081738,0.0203868981956948,True,0.9864864864864865,1.0,0.9864864864864865,3.3333333333333215
AHMPUL0C13,250321030006,250520220015,2025-03-21T11:23:27,2025-05-21T06:40:10,31.0,30.0,6.0,6.0,19.35483870967742,20.0,0.009299999999348,0.0,9,9,0.0884854277526566,0.01553962906012,True,1.0,0.972972972972973,0.972972972972973,3.3333333333333215
AHMPUL0C13,250330230001,250520220015,2025-03-31T07:24:49,2025-05-21T06:40:10,31.0,30.0,7.0,6.0,22.58064516129032,20.0,0.0,0.0,12,9,0.1076526561003239,0.0659792920776467,True,1.0,1.0,1.0,-11.428571428571422
AHMPUL0C13,250111020002,250521000001,2025-01-11T10:07:29,2025-05-21T08:06:46,28.0,28.0,6.5,5.0,23.214285714285715,17.857142857142858,0.0,0.0,14,10,0.027323158026444,0.0613387592242714,True,0.9852941176470589,0.9841269841269841,0.9841269841269841,-23.076923076923073
AHMPUL0C13,250120230010,250521000001,2025-01-21T07:34:19,2025-05-21T08:06:46,28.0,28.0,5.5,5.0,19.642857142857142,17.857142857142858,0.0039333333338921,0.0,12,10,0.0325149314528728,0.0897800393566826,True,0.9857142857142858,0.9841269841269841,0.9841269841269841,-9.090909090909083
AHMPUL0C13,250311000001,250521000001,2025-03-11T08:20:04,2025-05-21T08:06:46,29.0,28.0,5.5,5.0,18.96551724137931,17.857142857142858,0.0,0.0,10,10,0.0416519424634243,0.5473317222648226,True,0.9850746268656716,0.9841269841269841,0.9841269841269841,-5.844155844155841
AHMPUL0C13,250320230014,250521000001,2025-03-21T07:34:21,2025-05-21T08:06:46,28.0,28.0,5.5,5.0,19.642857142857142,17.857142857142858,0.0,0.0,11,10,0.0371936226048438,0.0129214213786269,True,1.0,0.9841269841269841,0.9841269841269841,-9.090909090909083
AHMPUL0C13,250321040007,250521000001,2025-03-21T12:44:13,2025-05-21T08:06:46,28.0,28.0,6.0,5.0,21.428571428571427,17.857142857142858,0.0,0.0,10,10,0.01553962906012,0.0668430592259205,True,1.0,0.9841269841269841,0.9841269841269841,-16.666666666666664
AHMPUL0C13,250111000001,250521010002,2025-01-11T08:37:09,2025-05-21T09:16:36,30.0,31.0,7.0,6.0,23.33333333333333,19.35483870967742,0.0127833333332091,0.0,12,7,0.0239117962635946,0.0033131809929239,True,0.9850746268656716,1.0,0.9850746268656716,-17.050691244239612
AHMPUL0C13,250120220007,250521010002,2025-01-21T06:04:58,2025-05-21T09:16:36,31.0,31.0,6.0,6.0,19.35483870967742,19.35483870967742,0.0,0.0,10,7,0.0740572105572964,0.0153413954105124,True,1.0,1.0,1.0,0.0
AHMPUL0C13,250121010002,250521010002,2025-01-21T09:11:20,2025-05-21T09:16:36,30.0,31.0,6.5,6.0,21.666666666666668,19.35483870967742,0.0,0.0,10,7,0.0922402546493564,0.0086708730397751,True,1.0,0.9848484848484849,0.9848484848484849,-10.66997518610422
AHMPUL0C13,250310220011,250521010002,2025-03-11T06:30:15,2025-05-21T09:16:36,30.0,31.0,6.5,6.0,21.666666666666668,19.35483870967742,0.0,0.0,10,7,0.0660041456833649,0.014230453757747,True,1.0,0.9848484848484849,0.9848484848484849,-10.66997518610422
AHMPUL0C13,250311020004,250521010002,2025-03-11T10:43:44,2025-05-21T09:16:36,30.0,31.0,8.0,6.0,26.666666666666668,19.35483870967742,0.0079833333341715,0.0,11,7,0.0816136074106209,0.0067849341172599,True,0.9857142857142858,1.0,0.9857142857142858,-27.419354838709676
AHMPUL0C13,250311060007,250521010002,2025-03-11T14:17:44,2025-05-21T09:16:36,31.0,31.0,7.0,6.0,22.58064516129032,19.35483870967742,0.0,0.0,13,7,0.0491294775676014,0.0582656644179363,True,0.9705882352941176,0.9848484848484849,0.9705882352941176,-14.28571428571428
AHMPUL0C13,250320220012,250521010002,2025-03-21T06:02:37,2025-05-21T09:16:36,31.0,31.0,7.0,6.0,22.58064516129032,19.35483870967742,0.0,0.0,10,7,0.1224290230692858,0.0217681352813577,True,1.0,1.0,1.0,-14.28571428571428
AHMPUL0C13,250321000002,250521010002,2025-03-21T08:53:36,2025-05-21T09:16:36,31.0,31.0,6.0,6.0,19.35483870967742,19.35483870967742,0.0,0.0,9,7,0.5509386226037433,0.016131794790122,True,0.972972972972973,1.0,0.972972972972973,0.0
AHMPUL0C13,250321030006,250521010002,2025-03-21T11:23:27,2025-05-21T09:16:36,31.0,31.0,6.0,6.0,19.35483870967742,19.35483870967742,0.009299999999348,0.0,9,7,0.0168173892901716,0.0141573019837627,True,1.0,1.0,1.0,0.0
AHMPUL0C13,250330230001,250521010002,2025-03-31T07:24:49,2025-05-21T09:16:36,31.0,31.0,7.0,6.0,22.58064516129032,19.35483870967742,0.0,0.0,12,7,0.0827158416316429,0.0432770612047227,True,0.972972972972973,1.0,0.972972972972973,-14.28571428571428
AHMPUL0C13,250520220015,250521010002,2025-05-21T06:40:10,2025-05-21T09:16:36,30.0,31.0,6.0,6.0,20.0,19.35483870967742,0.0,0.0,9,7,0.1036099928385371,0.0291594999498318,True,0.9864864864864865,1.0,0.9864864864864865,-3.2258064516129004
AHMPUL0C13,250111000001,250521030005,2025-01-11T08:37:09,2025-05-21T11:58:11,30.0,31.0,7.0,6.5,23.33333333333333,20.967741935483872,0.0127833333332091,0.0093333333342646,12,11,0.009685139199468,0.0056291554822158,True,0.9701492537313433,0.9863013698630136,0.9701492537313433,-10.138248847926246
AHMPUL0C13,250120220007,250521030005,2025-01-21T06:04:58,2025-05-21T11:58:11,31.0,31.0,6.0,6.5,19.35483870967742,20.967741935483872,0.0,0.0093333333342646,10,11,0.0733643285059833,0.0186394558122821,True,0.984375,1.0,0.984375,8.333333333333325
AHMPUL0C13,250121010002,250521030005,2025-01-21T09:11:20,2025-05-21T11:58:11,30.0,31.0,6.5,6.5,21.666666666666668,20.967741935483872,0.0,0.0093333333342646,10,11,0.0785168131130231,0.0041837232028137,True,1.0,1.0,1.0,-3.2258064516129004
AHMPUL0C13,250310220011,250521030005,2025-03-11T06:30:15,2025-05-21T11:58:11,30.0,31.0,6.5,6.5,21.666666666666668,20.967741935483872,0.0,0.0093333333342646,10,11,0.0648011123168506,0.0090318593081699,True,1.0,1.0,1.0,-3.2258064516129004
AHMPUL0C13,250311020004,250521030005,2025-03-11T10:43:44,2025-05-21T11:58:11,30.0,31.0,8.0,6.5,26.666666666666668,20.967741935483872,0.0079833333341715,0.0093333333342646,11,11,0.0701008365267222,0.0076724499383965,True,0.9857142857142858,0.9863013698630136,0.9857142857142858,-21.370967741935488
AHMPUL0C13,250311060007,250521030005,2025-03-11T14:17:44,2025-05-21T11:58:11,31.0,31.0,7.0,6.5,22.58064516129032,20.967741935483872,0.0,0.0093333333342646,13,11,0.0406248768787788,0.0628199529488771,True,1.0,0.9863013698630136,0.9863013698630136,-7.142857142857128
AHMPUL0C13,250320220012,250521030005,2025-03-21T06:02:37,2025-05-21T11:58:11,31.0,31.0,7.0,6.5,22.58064516129032,20.967741935483872,0.0,0.0093333333342646,10,11,0.1090987618693297,0.0265911286590928,True,0.9859154929577465,1.0,0.9859154929577465,-7.142857142857128
AHMPUL0C13,250321000002,250521030005,2025-03-21T08:53:36,2025-05-21T11:58:11,31.0,31.0,6.0,6.5,19.35483870967742,20.967741935483872,0.0,0.0093333333342646,9,11,0.5617703361305715,0.011184118227321,True,0.9864864864864865,1.0,0.9864864864864865,8.333333333333325
AHMPUL0C13,250321030006,250521030005,2025-03-21T11:23:27,2025-05-21T11:58:11,31.0,31.0,6.0,6.5,19.35483870967742,20.967741935483872,0.009299999999348,0.0093333333342646,9,11,0.0094157915472949,0.0088403340476438,True,1.0,0.9863013698630136,0.9863013698630136,8.333333333333325
AHMPUL0C13,250330230001,250521030005,2025-03-31T07:24:49,2025-05-21T11:58:11,31.0,31.0,7.0,6.5,22.58064516129032,20.967741935483872,0.0,0.0093333333342646,12,11,0.0814005559345089,0.0481695976279957,True,0.9864864864864865,0.9726027397260274,0.9726027397260274,-7.142857142857128
AHMPUL0C13,250520220015,250521030005,2025-05-21T06:40:10,2025-05-21T11:58:11,30.0,31.0,6.0,6.5,20.0,20.967741935483872,0.0,0.0093333333342646,9,11,0.0896149722665439,0.0241750387933167,True,0.9864864864864865,1.0,0.9864864864864865,4.8387096774193505
AHMPUL0C13,250521010002,250521030005,2025-05-21T09:16:36,2025-05-21T11:58:11,31.0,31.0,6.0,6.5,19.35483870967742,20.967741935483872,0.0,0.0093333333342646,7,11,0.0142564681825559,0.0054612937786455,True,1.0,0.9863013698630136,0.9863013698630136,8.333333333333325
AHMPUL0C13,250111020002,250521050006,2025-01-11T10:07:29,2025-05-21T13:18:08,28.0,28.0,6.5,6.0,23.214285714285715,21.428571428571427,0.0,0.0,14,11,0.0056291554822158,0.0992471475823583,True,0.9705882352941176,1.0,0.9705882352941176,-7.692307692307699
AHMPUL0C13,250120230010,250521050006,2025-01-21T07:34:19,2025-05-21T13:18:08,28.0,28.0,5.5,6.0,19.642857142857142,21.428571428571427,0.0039333333338921,0.0,12,11,0.0312802803099902,0.0148515276667294,True,0.9857142857142858,1.0,0.9857142857142858,9.090909090909083
AHMPUL0C13,250311000001,250521050006,2025-03-11T08:20:04,2025-05-21T13:18:08,29.0,28.0,5.5,6.0,18.96551724137931,21.428571428571427,0.0,0.0,10,11,0.0206082641642137,0.5881636819875848,True,0.9850746268656716,1.0,0.9850746268656716,12.987012987012992
AHMPUL0C13,250320230014,250521050006,2025-03-21T07:34:21,2025-05-21T13:18:08,28.0,28.0,5.5,6.0,19.642857142857142,21.428571428571427,0.0,0.0,11,11,0.024575540431343,0.0754676906673569,True,1.0,1.0,1.0,9.090909090909083
AHMPUL0C13,250321040007,250521050006,2025-03-21T12:44:13,2025-05-21T13:18:08,28.0,28.0,6.0,6.0,21.428571428571427,21.428571428571427,0.0,0.0,10,11,0.0088403340476438,0.0145576544786165,True,1.0,1.0,1.0,0.0
AHMPUL0C13,250521000001,250521050006,2025-05-21T08:06:46,2025-05-21T13:18:08,28.0,28.0,5.0,6.0,17.857142857142858,21.428571428571427,0.0,0.0,10,11,0.0241750387933167,0.074979900398141,True,0.9841269841269841,1.0,0.9841269841269841,19.999999999999996
AHMPUL0C13,250111000001,250521060007,2025-01-11T08:37:09,2025-05-21T14:29:19,30.0,30.0,7.0,6.5,23.33333333333333,21.666666666666668,0.0127833333332091,0.0121833333318742,12,11,0.0545046998669557,0.0006671695603833,True,1.0,1.0,1.0,-7.1428571428571175
AHMPUL0C13,250120220007,250521060007,2025-01-21T06:04:58,2025-05-21T14:29:19,31.0,30.0,6.0,6.5,19.35483870967742,21.666666666666668,0.0,0.0121833333318742,10,11,0.1137044502986329,0.0182129069742798,True,1.0,0.9857142857142858,0.9857142857142858,11.944444444444446
AHMPUL0C13,250121010002,250521060007,2025-01-21T09:11:20,2025-05-21T14:29:19,30.0,30.0,6.5,6.5,21.666666666666668,21.666666666666668,0.0,0.0121833333318742,10,11,0.0147992319829588,0.0068715214428552,True,0.9850746268656716,0.9857142857142858,0.9850746268656716,0.0
AHMPUL0C13,250310220011,250521060007,2025-03-11T06:30:15,2025-05-21T14:29:19,30.0,30.0,6.5,6.5,21.666666666666668,21.666666666666668,0.0,0.0121833333318742,10,11,0.1056384328331249,0.0140227348654899,True,0.9850746268656716,0.9714285714285714,0.9714285714285714,0.0
AHMPUL0C13,250311020004,250521060007,2025-03-11T10:43:44,2025-05-21T14:29:19,30.0,30.0,8.0,6.5,26.666666666666668,21.666666666666668,0.0079833333341715,0.0121833333318742,11,11,0.0246547202675481,0.0039903497850741,True,0.9714285714285714,0.9714285714285714,0.9714285714285714,-18.75
AHMPUL0C13,250311060007,250521060007,2025-03-11T14:17:44,2025-05-21T14:29:19,31.0,30.0,7.0,6.5,22.58064516129032,21.666666666666668,0.0,0.0121833333318742,13,11,0.0434198900092874,0.0577895564091403,True,0.9852941176470589,0.9571428571428572,0.9571428571428572,-4.047619047619033
AHMPUL0C13,250320220012,250521060007,2025-03-21T06:02:37,2025-05-21T14:29:19,31.0,30.0,7.0,6.5,22.58064516129032,21.666666666666668,0.0,0.0121833333318742,10,11,0.0738799692529574,0.0241913926195136,True,1.0,0.9857142857142858,0.9857142857142858,-4.047619047619033
AHMPUL0C13,250321000002,250521060007,2025-03-21T08:53:36,2025-05-21T14:29:19,31.0,30.0,6.0,6.5,19.35483870967742,21.666666666666668,0.0,0.0121833333318742,9,11,0.5972004083695598,0.016214112678409,True,0.972972972972973,0.9857142857142858,0.972972972972973,11.944444444444446
AHMPUL0C13,250321030006,250521060007,2025-03-21T11:23:27,2025-05-21T14:29:19,31.0,30.0,6.0,6.5,19.35483870967742,21.666666666666668,0.009299999999348,0.0121833333318742,9,11,0.067818897895251,0.0127516892995342,True,1.0,0.9714285714285714,0.9714285714285714,11.944444444444446
AHMPUL0C13,250330230001,250521060007,2025-03-31T07:24:49,2025-05-21T14:29:19,31.0,30.0,7.0,6.5,22.58064516129032,21.666666666666668,0.0,0.0121833333318742,12,11,0.118434252008406,0.0431767094455663,True,0.9864864864864865,1.0,0.9864864864864865,-4.047619047619033
AHMPUL0C13,250520220015,250521060007,2025-05-21T06:40:10,2025-05-21T14:29:19,30.0,30.0,6.0,6.5,20.0,21.666666666666668,0.0,0.0121833333318742,9,11,0.047651071196728,0.0271652247375937,True,0.9864864864864865,0.9857142857142858,0.9857142857142858,8.333333333333348
AHMPUL0C13,250521010002,250521060007,2025-05-21T09:16:36,2025-05-21T14:29:19,31.0,30.0,6.0,6.5,19.35483870967742,21.666666666666668,0.0,0.0121833333318742,7,11,0.0775187786237805,0.0028820959749013,True,1.0,0.9857142857142858,0.9857142857142858,11.944444444444446
AHMPUL0C13,250521030005,250521060007,2025-05-21T11:58:11,2025-05-21T14:29:19,31.0,30.0,6.5,6.5,20.967741935483872,21.666666666666668,0.0093333333342646,0.0121833333318742,11,11,0.0638941570313159,0.0050306467619261,True,0.9863013698630136,0.9714285714285714,0.9714285714285714,3.3333333333333437
AHMPUL0C13,250111020002,250521070008,2025-01-11T10:07:29,2025-05-21T15:56:20,28.0,29.0,6.5,5.5,23.214285714285715,18.96551724137931,0.0,0.0,14,11,0.0006671695603833,0.0566034044790155,True,0.9558823529411765,1.0,0.9558823529411765,-18.302387267904518
AHMPUL0C13,250120230010,250521070008,2025-01-21T07:34:19,2025-05-21T15:56:20,28.0,29.0,5.5,5.5,19.642857142857142,18.96551724137931,0.0039333333338921,0.0,12,11,0.0284107656393736,0.085663567371942,True,0.9714285714285714,1.0,0.9714285714285714,-3.4482758620689613
AHMPUL0C13,250311000001,250521070008,2025-03-11T08:20:04,2025-05-21T15:56:20,29.0,29.0,5.5,5.5,18.96551724137931,18.96551724137931,0.0,0.0,10,11,0.0158009665737497,0.553964920645024,True,0.9701492537313433,0.9846153846153847,0.9701492537313433,0.0
AHMPUL0C13,250320230014,250521070008,2025-03-21T07:34:21,2025-05-21T15:56:20,28.0,29.0,5.5,5.5,19.642857142857142,18.96551724137931,0.0,0.0,11,11,0.0200150867962937,0.0086061348991465,True,0.9696969696969697,0.9846153846153847,0.9696969696969697,-3.4482758620689613
AHMPUL0C13,250321040007,250521070008,2025-03-21T12:44:13,2025-05-21T15:56:20,28.0,29.0,6.0,5.5,21.428571428571427,18.96551724137931,0.0,0.0,10,11,0.0127516892995342,0.0636939699846737,True,0.9841269841269841,0.9846153846153847,0.9841269841269841,-11.494252873563216
AHMPUL0C13,250521000001,250521070008,2025-05-21T08:06:46,2025-05-21T15:56:20,28.0,29.0,5.0,5.5,17.857142857142858,18.96551724137931,0.0,0.0,10,11,0.0271652247375937,0.0067436073908966,True,1.0,0.9846153846153847,0.9846153846153847,6.206896551724128
AHMPUL0C13,250521050006,250521070008,2025-05-21T13:18:08,2025-05-21T15:56:20,28.0,29.0,6.0,5.5,21.428571428571427,18.96551724137931,0.0,0.0,11,11,0.0050306467619261,0.070814091053446,True,0.9852941176470589,0.9846153846153847,0.9846153846153847,-11.494252873563216
AHMPUL0C13,250111000001,250701010002,2025-01-11T08:37:09,2025-07-01T09:24:46,30.0,30.0,7.0,6.0,23.33333333333333,20.0,0.0127833333332091,0.0,12,10,0.0468604342956354,0.0235377806440047,True,1.0,1.0,1.0,-14.285714285714269
AHMPUL0C13,250120220007,250701010002,2025-01-21T06:04:58,2025-07-01T09:24:46,31.0,30.0,6.0,6.0,19.35483870967742,20.0,0.0,0.0,10,10,0.1129859741717016,0.0390702322750577,True,1.0,1.0,1.0,3.3333333333333215
AHMPUL0C13,250121010002,250701010002,2025-01-21T09:11:20,2025-07-01T09:24:46,30.0,30.0,6.5,6.0,21.666666666666668,20.0,0.0,0.0,10,10,0.02667957616448,0.0264770172592318,True,0.9850746268656716,1.0,0.9850746268656716,-7.692307692307699
AHMPUL0C13,250310220011,250701010002,2025-03-11T06:30:15,2025-07-01T09:24:46,30.0,30.0,6.5,6.0,21.666666666666668,20.0,0.0,0.0,10,10,0.1045785518797737,0.0353270692470082,True,1.0,0.9861111111111112,0.9861111111111112,-7.692307692307699
AHMPUL0C13,250311020004,250701010002,2025-03-11T10:43:44,2025-07-01T09:24:46,30.0,30.0,8.0,6.0,26.666666666666668,20.0,0.0079833333341715,0.0,11,10,0.0184495769440584,0.0205783232855938,True,0.9857142857142858,1.0,0.9857142857142858,-25.0
AHMPUL0C13,250311060007,250701010002,2025-03-11T14:17:44,2025-07-01T09:24:46,31.0,30.0,7.0,6.0,22.58064516129032,20.0,0.0,0.0,13,10,0.0302769083032578,0.0423007929961604,True,0.9852941176470589,0.9861111111111112,0.9852941176470589,-11.428571428571422
AHMPUL0C13,250320220012,250701010002,2025-03-21T06:02:37,2025-07-01T09:24:46,31.0,30.0,7.0,6.0,22.58064516129032,20.0,0.0,0.0,10,10,0.0857927038096439,0.0389952635141531,True,1.0,1.0,1.0,-11.428571428571422
AHMPUL0C13,250321000002,250701010002,2025-03-21T08:53:36,2025-07-01T09:24:46,31.0,30.0,6.0,6.0,19.35483870967742,20.0,0.0,0.0,9,10,0.5839823928447432,0.0378792679020309,True,0.972972972972973,1.0,0.972972972972973,3.3333333333333215
AHMPUL0C13,250321030006,250701010002,2025-03-21T11:23:27,2025-07-01T09:24:46,31.0,30.0,6.0,6.0,19.35483870967742,20.0,0.009299999999348,0.0,9,10,0.060984449121936,0.030634948155243,True,1.0,0.9861111111111112,0.9861111111111112,3.3333333333333215
AHMPUL0C13,250330230001,250701010002,2025-03-31T07:24:49,2025-07-01T09:24:46,31.0,30.0,7.0,6.0,22.58064516129032,20.0,0.0,0.0,12,10,0.1185692883797043,0.0325193183394304,True,0.9864864864864865,1.0,0.9864864864864865,-11.428571428571422
AHMPUL0C13,250520220015,250701010002,2025-05-21T06:40:10,2025-07-01T09:24:46,30.0,30.0,6.0,6.0,20.0,20.0,0.0,0.0,9,10,0.0598008768408308,0.0363952034824875,True,0.9864864864864865,1.0,0.9864864864864865,0.0
AHMPUL0C13,250521010002,250701010002,2025-05-21T09:16:36,2025-07-01T09:24:46,31.0,30.0,6.0,6.0,19.35483870967742,20.0,0.0,0.0,7,10,0.0684359851956543,0.0264091090024831,True,1.0,1.0,1.0,3.3333333333333215
AHMPUL0C13,250521030005,250701010002,2025-05-21T11:58:11,2025-07-01T09:24:46,31.0,30.0,6.5,6.0,20.967741935483872,20.0,0.0093333333342646,0.0,11,10,0.0556125415161712,0.0281883346459891,True,1.0,0.9861111111111112,0.9861111111111112,-4.615384615384621
AHMPUL0C13,250521060007,250701010002,2025-05-21T14:29:19,2025-07-01T09:24:46,30.0,30.0,6.5,6.0,21.666666666666668,20.0,0.0121833333318742,0.0,11,10,0.0133201766534144,0.0241875342430588,True,0.9714285714285714,1.0,0.9714285714285714,-7.692307692307699
AHMPUL0C13,250111000001,250701040006,2025-01-11T08:37:09,2025-07-01T12:10:18,30.0,31.0,7.0,7.0,23.33333333333333,22.58064516129032,0.0127833333332091,0.0399500000018936,12,8,0.5672317933982892,0.0055777783716758,True,0.9850746268656716,0.9552238805970149,0.9552238805970149,-3.2258064516128893
AHMPUL0C13,250120220007,250701040006,2025-01-21T06:04:58,2025-07-01T12:10:18,31.0,31.0,6.0,7.0,19.35483870967742,22.58064516129032,0.0,0.0399500000018936,10,8,0.6084626798681444,0.0215090552655337,True,0.984375,0.9850746268656716,0.984375,16.66666666666665
AHMPUL0C13,250121010002,250701040006,2025-01-21T09:11:20,2025-07-01T12:10:18,30.0,31.0,6.5,7.0,21.666666666666668,22.58064516129032,0.0,0.0399500000018936,10,8,0.6059750691328738,0.0016305984930165,True,0.9850746268656716,0.9850746268656716,0.9850746268656716,4.218362282878396
AHMPUL0C13,250310220011,250701040006,2025-03-11T06:30:15,2025-07-01T12:10:18,30.0,31.0,6.5,7.0,21.666666666666668,22.58064516129032,0.0,0.0399500000018936,10,8,0.6037099236666227,0.0098306441083432,True,0.9850746268656716,0.9552238805970149,0.9552238805970149,4.218362282878396
AHMPUL0C13,250311020004,250701040006,2025-03-11T10:43:44,2025-07-01T12:10:18,30.0,31.0,8.0,7.0,26.666666666666668,22.58064516129032,0.0079833333341715,0.0399500000018936,11,8,0.576584185514609,0.0060361647935988,True,1.0,0.9850746268656716,0.9850746268656716,-15.322580645161299
AHMPUL0C13,250311060007,250701040006,2025-03-11T14:17:44,2025-07-01T12:10:18,31.0,31.0,7.0,7.0,22.58064516129032,22.58064516129032,0.0,0.0399500000018936,13,8,0.5536120014241432,0.0620962384050475,True,1.0,0.9701492537313433,0.9701492537313433,0.0
AHMPUL0C13,250320220012,250701040006,2025-03-21T06:02:37,2025-07-01T12:10:18,31.0,31.0,7.0,7.0,22.58064516129032,22.58064516129032,0.0,0.0399500000018936,10,8,0.6647826043153847,0.0288217134923835,True,0.9859154929577465,0.9701492537313433,0.9701492537313433,0.0
AHMPUL0C13,250321000002,250701040006,2025-03-21T08:53:36,2025-07-01T12:10:18,31.0,31.0,6.0,7.0,19.35483870967742,22.58064516129032,0.0,0.0399500000018936,9,8,0.0069509802065267,0.0122864961053673,True,1.0,1.0,1.0,16.66666666666665
AHMPUL0C13,250321030006,250701040006,2025-03-21T11:23:27,2025-07-01T12:10:18,31.0,31.0,6.0,7.0,19.35483870967742,22.58064516129032,0.009299999999348,0.0399500000018936,9,8,0.566486944275455,0.0075308441763521,True,0.9838709677419355,0.9850746268656716,0.9838709677419355,16.66666666666665
AHMPUL0C13,250330230001,250701040006,2025-03-31T07:24:49,2025-07-01T12:10:18,31.0,31.0,7.0,7.0,22.58064516129032,22.58064516129032,0.0,0.0399500000018936,12,8,0.6170918299884234,0.0478625963771593,True,0.9864864864864865,0.9701492537313433,0.9701492537313433,0.0
AHMPUL0C13,250520220015,250701040006,2025-05-21T06:40:10,2025-07-01T12:10:18,30.0,31.0,6.0,7.0,20.0,22.58064516129032,0.0,0.0399500000018936,9,8,0.6404206636107318,0.0220928847544389,True,1.0,0.9850746268656716,0.9850746268656716,12.903225806451601
AHMPUL0C13,250521010002,250701040006,2025-05-21T09:16:36,2025-07-01T12:10:18,31.0,31.0,6.0,7.0,19.35483870967742,22.58064516129032,0.0,0.0399500000018936,7,8,0.5498176204311701,0.0070827739445689,True,0.9848484848484849,0.9850746268656716,0.9848484848484849,16.66666666666665
AHMPUL0C13,250521030005,250701040006,2025-05-21T11:58:11,2025-07-01T12:10:18,31.0,31.0,6.5,7.0,20.967741935483872,22.58064516129032,0.0093333333342646,0.0399500000018936,11,8,0.5605342542496431,0.0031603837610068,True,0.9863013698630136,0.9850746268656716,0.9850746268656716,7.692307692307687
AHMPUL0C13,250521060007,250701040006,2025-05-21T14:29:19,2025-07-01T12:10:18,30.0,31.0,6.5,7.0,21.666666666666668,22.58064516129032,0.0121833333318742,0.0399500000018936,11,8,0.5953390609265973,0.0052488751919285,True,0.9857142857142858,0.9701492537313433,0.9701492537313433,4.218362282878396
AHMPUL0C13,250701010002,250701040006,2025-07-01T09:24:46,2025-07-01T12:10:18,30.0,31.0,6.0,7.0,20.0,22.58064516129032,0.0,0.0399500000018936,10,8,0.5821406080239037,0.0259182916014519,True,1.0,0.9850746268656716,0.9850746268656716,12.903225806451601
AHMPUL0C13,250111020002,250701050007,2025-01-11T10:07:29,2025-07-01T13:58:49,28.0,28.0,6.5,5.0,23.214285714285715,17.857142857142858,0.0,0.0,14,11,0.0055777783716758,0.0989714783308288,True,0.9705882352941176,1.0,0.9705882352941176,-23.076923076923073
AHMPUL0C13,250120230010,250701050007,2025-01-21T07:34:19,2025-07-01T13:58:49,28.0,28.0,5.5,5.0,19.642857142857142,17.857142857142858,0.0039333333338921,0.0,12,11,0.0284361828612306,0.0162571080268478,True,0.9857142857142858,1.0,0.9857142857142858,-9.090909090909083
AHMPUL0C13,250311000001,250701050007,2025-03-11T08:20:04,2025-07-01T13:58:49,29.0,28.0,5.5,5.0,18.96551724137931,17.857142857142858,0.0,0.0,10,11,0.0208950575422416,0.5861756641359751,True,0.9850746268656716,1.0,0.9850746268656716,-5.844155844155841
AHMPUL0C13,250320230014,250701050007,2025-03-21T07:34:21,2025-07-01T13:58:49,28.0,28.0,5.5,5.0,19.642857142857142,17.857142857142858,0.0,0.0,11,11,0.0228391890617027,0.0742777417391331,True,1.0,1.0,1.0,-9.090909090909083
AHMPUL0C13,250321040007,250701050007,2025-03-21T12:44:13,2025-07-01T13:58:49,28.0,28.0,6.0,5.0,21.428571428571427,17.857142857142858,0.0,0.0,10,11,0.0075308441763521,0.0125579017969109,True,1.0,1.0,1.0,-16.666666666666664
AHMPUL0C13,250521000001,250701050007,2025-05-21T08:06:46,2025-07-01T13:58:49,28.0,28.0,5.0,5.0,17.857142857142858,17.857142857142858,0.0,0.0,10,11,0.0220928847544389,0.0735259717496302,True,1.0,1.0,1.0,0.0
AHMPUL0C13,250521050006,250701050007,2025-05-21T13:18:08,2025-07-01T13:58:49,28.0,28.0,6.0,5.0,21.428571428571427,17.857142857142858,0.0,0.0,11,11,0.0031603837610068,0.0020214480321055,True,1.0,1.0,1.0,-16.666666666666664
AHMPUL0C13,250521070008,250701050007,2025-05-21T15:56:20,2025-07-01T13:58:49,29.0,28.0,5.5,5.0,18.96551724137931,17.857142857142858,0.0,0.0,11,11,0.0052488751919285,0.0694680955787373,True,0.9692307692307692,0.9848484848484849,0.9692307692307692,-5.844155844155841
AHMPUL0C13,250111000001,250710210010,2025-01-11T08:37:09,2025-07-11T05:57:31,30.0,30.0,7.0,6.0,23.33333333333333,20.0,0.0127833333332091,0.0,12,10,0.0825106957300955,0.0211012185787367,True,0.9701492537313433,0.9850746268656716,0.9701492537313433,-14.285714285714269
AHMPUL0C13,250120220007,250710210010,2025-01-21T06:04:58,2025-07-11T05:57:31,31.0,30.0,6.0,6.0,19.35483870967742,20.0,0.0,0.0,10,10,0.1176512299825004,0.0126691843050294,True,0.984375,1.0,0.984375,3.3333333333333215
AHMPUL0C13,250121010002,250710210010,2025-01-21T09:11:20,2025-07-11T05:57:31,30.0,30.0,6.5,6.0,21.666666666666668,20.0,0.0,0.0,10,10,0.032378882569126,0.0277404089084437,True,0.9850746268656716,1.0,0.9850746268656716,-7.692307692307699
AHMPUL0C13,250310220011,250710210010,2025-03-11T06:30:15,2025-07-11T05:57:31,30.0,30.0,6.5,6.0,21.666666666666668,20.0,0.0,0.0,10,10,0.1112662957391193,0.0319469450013247,True,0.9850746268656716,1.0,0.9850746268656716,-7.692307692307699
AHMPUL0C13,250311020004,250710210010,2025-03-11T10:43:44,2025-07-11T05:57:31,30.0,30.0,8.0,6.0,26.666666666666668,20.0,0.0079833333341715,0.0,11,10,0.0619934316998343,0.0234284742349972,True,0.9857142857142858,1.0,0.9857142857142858,-25.0
AHMPUL0C13,250311060007,250710210010,2025-03-11T14:17:44,2025-07-11T05:57:31,31.0,30.0,7.0,6.0,22.58064516129032,20.0,0.0,0.0,13,10,0.0827048553122468,0.0495562199649231,True,0.9852941176470589,0.9850746268656716,0.9850746268656716,-11.428571428571422
AHMPUL0C13,250320220012,250710210010,2025-03-21T06:02:37,2025-07-11T05:57:31,31.0,30.0,7.0,6.0,22.58064516129032,20.0,0.0,0.0,10,10,0.0375304677709124,0.005042134381808,True,0.9859154929577465,1.0,0.9859154929577465,-11.428571428571422
AHMPUL0C13,250321000002,250710210010,2025-03-21T08:53:36,2025-07-11T05:57:31,31.0,30.0,6.0,6.0,19.35483870967742,20.0,0.0,0.0,9,10,0.637513651999925,0.0331311664870499,True,0.9864864864864865,1.0,0.9864864864864865,3.3333333333333215
AHMPUL0C13,250321030006,250710210010,2025-03-21T11:23:27,2025-07-11T05:57:31,31.0,30.0,6.0,6.0,19.35483870967742,20.0,0.009299999999348,0.0,9,10,0.0924038793863098,0.0331412820688937,True,1.0,1.0,1.0,3.3333333333333215
AHMPUL0C13,250330230001,250710210010,2025-03-31T07:24:49,2025-07-11T05:57:31,31.0,30.0,7.0,6.0,22.58064516129032,20.0,0.0,0.0,12,10,0.1194897629843299,0.0333628599880419,True,0.9864864864864865,0.9850746268656716,0.9850746268656716,-11.428571428571422
AHMPUL0C13,250520220015,250710210010,2025-05-21T06:40:10,2025-07-11T05:57:31,30.0,30.0,6.0,6.0,20.0,20.0,0.0,0.0,9,10,0.0144349606197835,0.0482266568676513,True,0.9864864864864865,1.0,0.9864864864864865,0.0
AHMPUL0C13,250521010002,250710210010,2025-05-21T09:16:36,2025-07-11T05:57:31,31.0,30.0,6.0,6.0,19.35483870967742,20.0,0.0,0.0,7,10,0.1063134283594268,0.0190795402386097,True,0.9848484848484849,0.9850746268656716,0.9848484848484849,3.3333333333333215
AHMPUL0C13,250521030005,250710210010,2025-05-21T11:58:11,2025-07-11T05:57:31,31.0,30.0,6.5,6.0,20.967741935483872,20.0,0.0093333333342646,0.0,11,10,0.0920721849802579,0.0243042676445798,True,0.9863013698630136,1.0,0.9863013698630136,-4.615384615384621
AHMPUL0C13,250521060007,250710210010,2025-05-21T14:29:19,2025-07-11T05:57:31,30.0,30.0,6.5,6.0,21.666666666666668,20.0,0.0121833333318742,0.0,11,10,0.0404017176632217,0.0211573957107748,True,0.9857142857142858,1.0,0.9857142857142858,-7.692307692307699
AHMPUL0C13,250701010002,250710210010,2025-07-01T09:24:46,2025-07-11T05:57:31,30.0,30.0,6.0,6.0,20.0,20.0,0.0,0.0,10,10,0.0535395350112872,0.0340749781992529,True,0.9861111111111112,1.0,0.9861111111111112,0.0
AHMPUL0C13,250701040006,250710210010,2025-07-01T12:10:18,2025-07-11T05:57:31,31.0,30.0,7.0,6.0,22.58064516129032,20.0,0.0399500000018936,0.0,8,10,0.6356789840918715,0.0261337774367938,True,0.9850746268656716,1.0,0.9850746268656716,-11.428571428571422
AHMPUL0C13,250111020002,250710230012,2025-01-11T10:07:29,2025-07-11T07:35:54,28.0,29.0,6.5,5.5,23.214285714285715,18.96551724137931,0.0,0.0,14,8,0.0056291551439608,0.0325200259407488,True,1.0,0.9866666666666667,0.9866666666666667,-18.302387267904518
AHMPUL0C13,250120230010,250710230012,2025-01-21T07:34:19,2025-07-11T07:35:54,28.0,29.0,5.5,5.5,19.642857142857142,18.96551724137931,0.0039333333338921,0.0,12,8,0.0252083739567946,0.1230960071855323,True,1.0,0.9866666666666667,0.9866666666666667,-3.4482758620689613
AHMPUL0C13,250311000001,250710230012,2025-03-11T08:20:04,2025-07-11T07:35:54,29.0,29.0,5.5,5.5,18.96551724137931,18.96551724137931,0.0,0.0,10,8,0.010508006036828,0.5693667839977575,True,0.9850746268656716,0.9733333333333334,0.9733333333333334,0.0
AHMPUL0C13,250320230014,250710230012,2025-03-21T07:34:21,2025-07-11T07:35:54,28.0,29.0,5.5,5.5,19.642857142857142,18.96551724137931,0.0,0.0,11,8,0.0144257193908283,0.0375576250699927,True,1.0,0.9866666666666667,0.9866666666666667,-3.4482758620689613
AHMPUL0C13,250321040007,250710230012,2025-03-21T12:44:13,2025-07-11T07:35:54,28.0,29.0,6.0,5.5,21.428571428571427,18.96551724137931,0.0,0.0,10,8,0.0181337389431778,0.1051887033849164,True,1.0,0.9866666666666667,0.9866666666666667,-11.494252873563216
AHMPUL0C13,250521000001,250710230012,2025-05-21T08:06:46,2025-07-11T07:35:54,28.0,29.0,5.0,5.5,17.857142857142858,18.96551724137931,0.0,0.0,10,8,0.0311777505097812,0.0470252898482767,True,1.0,1.0,1.0,6.206896551724128
AHMPUL0C13,250521050006,250710230012,2025-05-21T13:18:08,2025-07-11T07:35:54,28.0,29.0,6.0,5.5,21.428571428571427,18.96551724137931,0.0,0.0,11,8,0.0112583106261766,0.1087314487583484,True,1.0,0.9866666666666667,0.9866666666666667,-11.494252873563216
AHMPUL0C13,250521070008,250710230012,2025-05-21T15:56:20,2025-07-11T07:35:54,29.0,29.0,5.5,5.5,18.96551724137931,18.96551724137931,0.0,0.0,11,8,0.0062416026126983,0.0457059689496482,True,0.9846153846153847,0.9733333333333334,0.9733333333333334,0.0
AHMPUL0C13,250701050007,250710230012,2025-07-01T13:58:49,2025-07-11T07:35:54,28.0,29.0,5.0,5.5,17.857142857142858,18.96551724137931,0.0,0.0,11,8,0.0107522073873556,0.1078721999261464,True,1.0,0.9733333333333334,0.9733333333333334,6.206896551724128
AHMPUL0C13,250111000001,250711030005,2025-01-11T08:37:09,2025-07-11T11:11:21,30.0,31.0,7.0,6.5,23.33333333333333,20.967741935483872,0.0127833333332091,0.0200333333341404,12,12,0.0174371622137408,0.0079244458131283,True,0.9701492537313433,0.9850746268656716,0.9701492537313433,-10.138248847926246
AHMPUL0C13,250120220007,250711030005,2025-01-21T06:04:58,2025-07-11T11:11:21,31.0,31.0,6.0,6.5,19.35483870967742,20.967741935483872,0.0,0.0200333333341404,10,12,0.091312539305468,0.0224594023286946,True,0.984375,0.9850746268656716,0.984375,8.333333333333325
AHMPUL0C13,250121010002,250711030005,2025-01-21T09:11:20,2025-07-11T11:11:21,30.0,31.0,6.5,6.5,21.666666666666668,20.967741935483872,0.0,0.0200333333341404,10,12,0.0706824061286226,0.0013343391197057,True,1.0,1.0,1.0,-3.2258064516129004
AHMPUL0C13,250310220011,250711030005,2025-03-11T06:30:15,2025-07-11T11:11:21,30.0,31.0,6.5,6.5,21.666666666666668,20.967741935483872,0.0,0.0200333333341404,10,12,0.0826847654963064,0.007606125202906,True,1.0,0.9850746268656716,0.9850746268656716,-3.2258064516129004
AHMPUL0C13,250311020004,250711030005,2025-03-11T10:43:44,2025-07-11T11:11:21,30.0,31.0,8.0,6.5,26.666666666666668,20.967741935483872,0.0079833333341715,0.0200333333341404,11,12,0.0563668988020271,0.0084014000965944,True,0.9857142857142858,1.0,0.9857142857142858,-21.370967741935488
AHMPUL0C13,250311060007,250711030005,2025-03-11T14:17:44,2025-07-11T11:11:21,31.0,31.0,7.0,6.5,22.58064516129032,20.967741935483872,0.0,0.0200333333341404,13,12,0.023385550611854,0.0645016945590093,True,1.0,1.0,1.0,-7.142857142857128
AHMPUL0C13,250320220012,250711030005,2025-03-21T06:02:37,2025-07-11T11:11:21,31.0,31.0,7.0,6.5,22.58064516129032,20.967741935483872,0.0,0.0200333333341404,10,12,0.1129488328523707,0.0304408642644612,True,0.9859154929577465,0.9850746268656716,0.9850746268656716,-7.142857142857128
AHMPUL0C13,250321000002,250711030005,2025-03-21T08:53:36,2025-07-11T11:11:21,31.0,31.0,6.0,6.5,19.35483870967742,20.967741935483872,0.0,0.0200333333341404,9,12,0.554141682555719,0.0101242614838247,True,0.9864864864864865,1.0,0.9864864864864865,8.333333333333325
AHMPUL0C13,250321030006,250711030005,2025-03-21T11:23:27,2025-07-11T11:11:21,31.0,31.0,6.0,6.5,19.35483870967742,20.967741935483872,0.009299999999348,0.0200333333341404,9,12,0.027521553027899,0.0052488763871498,True,1.0,0.9850746268656716,0.9850746268656716,8.333333333333325
AHMPUL0C13,250330230001,250711030005,2025-03-31T07:24:49,2025-07-11T11:11:21,31.0,31.0,7.0,6.5,22.58064516129032,20.967741935483872,0.0,0.0200333333341404,12,12,0.0991573751442285,0.0502961079082781,True,0.9864864864864865,0.9850746268656716,0.9850746268656716,-7.142857142857128
AHMPUL0C13,250520220015,250711030005,2025-05-21T06:40:10,2025-07-11T11:11:21,30.0,31.0,6.0,6.5,20.0,20.967741935483872,0.0,0.0200333333341404,9,12,0.0906077022828521,0.0203222233183077,True,0.9864864864864865,1.0,0.9864864864864865,4.8387096774193505
AHMPUL0C13,250521010002,250711030005,2025-05-21T09:16:36,2025-07-11T11:11:21,31.0,31.0,6.0,6.5,19.35483870967742,20.967741935483872,0.0,0.0200333333341404,7,12,0.0258285750527585,0.0089570466711857,True,0.9848484848484849,0.9850746268656716,0.9848484848484849,8.333333333333325
AHMPUL0C13,250521030005,250711030005,2025-05-21T11:58:11,2025-07-11T11:11:21,31.0,31.0,6.5,6.5,20.967741935483872,20.967741935483872,0.0093333333342646,0.0200333333341404,11,12,0.0182556040544265,0.0038896777944098,True,1.0,1.0,1.0,0.0
AHMPUL0C13,250521060007,250711030005,2025-05-21T14:29:19,2025-07-11T11:11:21,30.0,31.0,6.5,6.5,21.666666666666668,20.967741935483872,0.0121833333318742,0.0200333333341404,11,12,0.0559466894477719,0.0075308433673641,True,0.9857142857142858,1.0,0.9857142857142858,-3.2258064516129004
AHMPUL0C13,250701010002,250711030005,2025-07-01T09:24:46,2025-07-11T11:11:21,30.0,31.0,6.0,6.5,20.0,20.967741935483872,0.0,0.0200333333341404,10,12,0.0450412850885,0.0278107506620452,True,0.9861111111111112,0.9850746268656716,0.9850746268656716,4.8387096774193505
AHMPUL0C13,250701040006,250711030005,2025-07-01T12:10:18,2025-07-11T11:11:21,31.0,31.0,7.0,6.5,22.58064516129032,20.967741935483872,0.0399500000018936,0.0200333333341404,8,12,0.5527031703520316,0.0024337275830347,True,0.9850746268656716,1.0,0.9850746268656716,-7.142857142857128
AHMPUL0C13,250710210010,250711030005,2025-07-11T05:57:31,2025-07-11T11:11:21,30.0,31.0,6.0,6.5,20.0,20.967741935483872,0.0,0.0200333333341404,10,12,0.0901648181074889,0.028011859467326,True,1.0,1.0,1.0,4.8387096774193505
AHMPUL0C13,250111020002,250711050006,2025-01-11T10:07:29,2025-07-11T13:00:53,28.0,28.0,6.5,5.5,23.214285714285715,19.642857142857142,0.0,0.0,14,8,0.0079244458131283,0.0960470619459431,True,0.9705882352941176,1.0,0.9705882352941176,-15.384615384615385
AHMPUL0C13,250120230010,250711050006,2025-01-21T07:34:19,2025-07-11T13:00:53,28.0,28.0,5.5,5.5,19.642857142857142,19.642857142857142,0.0039333333338921,0.0,12,8,0.0297320595983643,0.0172887072085032,True,0.9857142857142858,1.0,0.9857142857142858,0.0
AHMPUL0C13,250311000001,250711050006,2025-03-11T08:20:04,2025-07-11T13:00:53,29.0,28.0,5.5,5.5,18.96551724137931,19.642857142857142,0.0,0.0,10,8,0.0232774472130093,0.5890526427892679,True,0.9850746268656716,1.0,0.9850746268656716,3.571428571428581
AHMPUL0C13,250320230014,250711050006,2025-03-21T07:34:21,2025-07-11T13:00:53,28.0,28.0,5.5,5.5,19.642857142857142,19.642857142857142,0.0,0.0,11,8,0.0250292036056348,0.0730437436515628,True,1.0,1.0,1.0,0.0
AHMPUL0C13,250321040007,250711050006,2025-03-21T12:44:13,2025-07-11T13:00:53,28.0,28.0,6.0,5.5,21.428571428571427,19.642857142857142,0.0,0.0,10,8,0.0052488763871498,0.0156257085135433,True,1.0,1.0,1.0,-8.333333333333325
AHMPUL0C13,250521000001,250711050006,2025-05-21T08:06:46,2025-07-11T13:00:53,28.0,28.0,5.0,5.5,17.857142857142858,19.642857142857142,0.0,0.0,10,8,0.0203222233183077,0.072980155523108,True,1.0,1.0,1.0,9.999999999999986
AHMPUL0C13,250521050006,250711050006,2025-05-21T13:18:08,2025-07-11T13:00:53,28.0,28.0,6.0,5.5,21.428571428571427,19.642857142857142,0.0,0.0,11,8,0.0038896777944098,0.0032941966082918,True,1.0,1.0,1.0,-8.333333333333325
AHMPUL0C13,250521070008,250711050006,2025-05-21T15:56:20,2025-07-11T13:00:53,29.0,28.0,5.5,5.5,18.96551724137931,19.642857142857142,0.0,0.0,11,8,0.0075308433673641,0.0686291783462827,True,0.9846153846153847,1.0,0.9846153846153847,3.571428571428581
AHMPUL0C13,250701050007,250711050006,2025-07-01T13:58:49,2025-07-11T13:00:53,28.0,28.0,5.0,5.5,17.857142857142858,19.642857142857142,0.0,0.0,11,8,0.0024337275830347,0.0040147610032124,True,1.0,1.0,1.0,9.999999999999986
AHMPUL0C13,250710230012,250711050006,2025-07-11T07:35:54,2025-07-11T13:00:53,29.0,28.0,5.5,5.5,18.96551724137931,19.642857142857142,0.0,0.0,8,8,0.013184796247147,0.1059129565056476,True,1.0,1.0,1.0,3.571428571428581
AHMPUL0C13,250111000001,250711060008,2025-01-11T08:37:09,2025-07-11T14:44:08,30.0,36.0,7.0,7.0,23.33333333333333,19.444444444444446,0.0127833333332091,0.023316666666263,12,10,0.049780841929741,0.0317004969354807,True,0.9850746268656716,0.9012345679012346,0.9012345679012346,-16.66666666666664
AHMPUL0C13,250120220007,250711060008,2025-01-21T06:04:58,2025-07-11T14:44:08,31.0,36.0,6.0,7.0,19.35483870967742,19.444444444444446,0.0,0.023316666666263,10,10,0.1116144810406281,0.0160977121773918,True,0.984375,0.8888888888888888,0.8888888888888888,0.4629629629629761
AHMPUL0C13,250121010002,250711060008,2025-01-21T09:11:20,2025-07-11T14:44:08,30.0,36.0,6.5,7.0,21.666666666666668,19.444444444444446,0.0,0.023316666666263,10,10,0.0202633943016617,0.0374685116606545,True,1.0,0.9012345679012346,0.9012345679012346,-10.256410256410254
AHMPUL0C13,250310220011,250711060008,2025-03-11T06:30:15,2025-07-11T14:44:08,30.0,36.0,6.5,7.0,21.666666666666668,19.444444444444446,0.0,0.023316666666263,10,10,0.1033967762127698,0.0394841988959339,True,1.0,0.8888888888888888,0.8888888888888888,-10.256410256410254
AHMPUL0C13,250311020004,250711060008,2025-03-11T10:43:44,2025-07-11T14:44:08,30.0,36.0,8.0,7.0,26.666666666666668,19.444444444444446,0.0079833333341715,0.023316666666263,11,10,0.0227003893864699,0.0345410124069863,True,0.9857142857142858,0.9012345679012346,0.9012345679012346,-27.083333333333325
AHMPUL0C13,250311060007,250711060008,2025-03-11T14:17:44,2025-07-11T14:44:08,31.0,36.0,7.0,7.0,22.58064516129032,19.444444444444446,0.0,0.023316666666263,13,10,0.0377625181084813,0.056682287308868,True,1.0,0.9012345679012346,0.9012345679012346,-13.888888888888873
AHMPUL0C13,250320220012,250711060008,2025-03-21T06:02:37,2025-07-11T14:44:08,31.0,36.0,7.0,7.0,22.58064516129032,19.444444444444446,0.0,0.023316666666263,10,10,0.0780303970846423,0.007753642225637,True,0.9859154929577465,0.8888888888888888,0.8888888888888888,-13.888888888888873
AHMPUL0C13,250321000002,250711060008,2025-03-21T08:53:36,2025-07-11T14:44:08,31.0,36.0,6.0,7.0,19.35483870967742,19.444444444444446,0.0,0.023316666666263,9,10,0.5919428859304151,0.0399887444955248,True,1.0,0.9259259259259259,0.9259259259259259,0.4629629629629761
AHMPUL0C13,250321030006,250711060008,2025-03-21T11:23:27,2025-07-11T14:44:08,31.0,36.0,6.0,7.0,19.35483870967742,19.444444444444446,0.009299999999348,0.023316666666263,9,10,0.0633936758052657,0.0421281226858288,True,1.0,0.8765432098765432,0.8765432098765432,0.4629629629629761
AHMPUL0C13,250330230001,250711060008,2025-03-31T07:24:49,2025-07-11T14:44:08,31.0,36.0,7.0,7.0,22.58064516129032,19.444444444444446,0.0,0.023316666666263,12,10,0.1167009290177255,0.0408422873471837,True,1.0,0.8765432098765432,0.8765432098765432,-13.888888888888873
AHMPUL0C13,250520220015,250711060008,2025-05-21T06:40:10,2025-07-11T14:44:08,30.0,36.0,6.0,7.0,20.0,19.444444444444446,0.0,0.023316666666263,9,10,0.0519515791058401,0.05764526376684,True,0.9864864864864865,0.9012345679012346,0.9012345679012346,-2.777777777777768
AHMPUL0C13,250521010002,250711060008,2025-05-21T09:16:36,2025-07-11T14:44:08,31.0,36.0,6.0,7.0,19.35483870967742,19.444444444444446,0.0,0.023316666666263,7,10,0.0724603019503633,0.029023707315561,True,1.0,0.8888888888888888,0.8888888888888888,0.4629629629629761
AHMPUL0C13,250521030005,250711060008,2025-05-21T11:58:11,2025-07-11T14:44:08,31.0,36.0,6.5,7.0,20.967741935483872,19.444444444444446,0.0093333333342646,0.023316666666263,11,10,0.0590244527572008,0.0335257808298292,True,1.0,0.9012345679012346,0.9012345679012346,-7.264957264957261
AHMPUL0C13,250521060007,250711060008,2025-05-21T14:29:19,2025-07-11T14:44:08,30.0,36.0,6.5,7.0,21.666666666666668,19.444444444444446,0.0121833333318742,0.023316666666263,11,10,0.0057297095074321,0.0315856191058078,True,0.9857142857142858,0.8765432098765432,0.8765432098765432,-10.256410256410254
AHMPUL0C13,250701010002,250711060008,2025-07-01T09:24:46,2025-07-11T14:44:08,30.0,36.0,6.0,7.0,20.0,19.444444444444446,0.0,0.023316666666263,10,10,0.0079840662897823,0.0464916300749382,True,0.9861111111111112,0.8888888888888888,0.8888888888888888,-2.777777777777768
AHMPUL0C13,250701040006,250711060008,2025-07-01T12:10:18,2025-07-11T14:44:08,31.0,36.0,7.0,7.0,22.58064516129032,19.444444444444446,0.0399500000018936,0.023316666666263,8,10,0.5901075828541548,0.0359771249614399,True,1.0,0.9259259259259259,0.9259259259259259,-13.888888888888873
AHMPUL0C13,250710210010,250711060008,2025-07-11T05:57:31,2025-07-11T14:44:08,30.0,36.0,6.0,7.0,20.0,19.444444444444446,0.0,0.023316666666263,10,10,0.0455718012539182,0.0124335849644033,True,1.0,0.8888888888888888,0.8888888888888888,-2.777777777777768
AHMPUL0C13,250711030005,250711060008,2025-07-11T11:11:21,2025-07-11T14:44:08,31.0,36.0,6.5,7.0,20.967741935483872,19.444444444444446,0.0200333333341404,0.023316666666263,12,10,0.0504232013302808,0.0374130335978218,True,1.0,0.9012345679012346,0.9012345679012346,-7.264957264957261
AHMPUL0C13,250111000001,250720210001,2025-01-11T08:37:09,2025-07-21T05:57:24,30.0,30.0,7.0,6.0,23.33333333333333,20.0,0.0127833333332091,0.0,12,11,0.1152946510141376,0.0148516627849354,True,0.9701492537313433,0.9850746268656716,0.9701492537313433,-14.285714285714269
AHMPUL0C13,250120220007,250720210001,2025-01-21T06:04:58,2025-07-21T05:57:24,31.0,30.0,6.0,6.0,19.35483870967742,20.0,0.0,0.0,10,11,0.1330994474401723,0.0110386136226899,True,1.0,1.0,1.0,3.3333333333333215
AHMPUL0C13,250121010002,250720210001,2025-01-21T09:11:20,2025-07-21T05:57:24,30.0,30.0,6.5,6.0,21.666666666666668,20.0,0.0,0.0,10,11,0.0684753089077173,0.0215396468019184,True,1.0,1.0,1.0,-7.692307692307699
AHMPUL0C13,250310220011,250720210001,2025-03-11T06:30:15,2025-07-21T05:57:24,30.0,30.0,6.5,6.0,21.666666666666668,20.0,0.0,0.0,10,11,0.128558998784601,0.0262318073675628,True,1.0,0.9701492537313433,0.9701492537313433,-7.692307692307699
AHMPUL0C13,250311020004,250720210001,2025-03-11T10:43:44,2025-07-21T05:57:24,30.0,30.0,8.0,6.0,26.666666666666668,20.0,0.0079833333341715,0.0,11,11,0.0984674877174403,0.0172387658424477,True,0.9714285714285714,1.0,0.9714285714285714,-25.0
AHMPUL0C13,250311060007,250720210001,2025-03-11T14:17:44,2025-07-21T05:57:24,31.0,30.0,7.0,6.0,22.58064516129032,20.0,0.0,0.0,13,11,0.1196365978926458,0.051051164723526,True,1.0,0.9850746268656716,0.9850746268656716,-11.428571428571422
AHMPUL0C13,250320220012,250720210001,2025-03-21T06:02:37,2025-07-21T05:57:24,31.0,30.0,7.0,6.0,22.58064516129032,20.0,0.0,0.0,10,11,0.0244076667507169,0.0099570093723711,True,1.0,1.0,1.0,-11.428571428571422
AHMPUL0C13,250321000002,250720210001,2025-03-21T08:53:36,2025-07-21T05:57:24,31.0,30.0,6.0,6.0,19.35483870967742,20.0,0.0,0.0,9,11,0.6747049648889982,0.027620635892777,True,0.9864864864864865,1.0,0.9864864864864865,3.3333333333333215
AHMPUL0C13,250321030006,250720210001,2025-03-21T11:23:27,2025-07-21T05:57:24,31.0,30.0,6.0,6.0,19.35483870967742,20.0,0.009299999999348,0.0,9,11,0.1230248981713911,0.0270351364673278,True,0.9838709677419355,0.9850746268656716,0.9838709677419355,3.3333333333333215
AHMPUL0C13,250330230001,250720210001,2025-03-31T07:24:49,2025-07-21T05:57:24,31.0,30.0,7.0,6.0,22.58064516129032,20.0,0.0,0.0,12,11,0.1324625995555759,0.0350717725289063,True,0.972972972972973,0.9850746268656716,0.972972972972973,-11.428571428571422
AHMPUL0C13,250520220015,250720210001,2025-05-21T06:40:10,2025-07-21T05:57:24,30.0,30.0,6.0,6.0,20.0,20.0,0.0,0.0,9,11,0.0348592186908207,0.0420130875465409,True,1.0,1.0,1.0,0.0
AHMPUL0C13,250521010002,250720210001,2025-05-21T09:16:36,2025-07-21T05:57:24,31.0,30.0,6.0,6.0,19.35483870967742,20.0,0.0,0.0,7,11,0.1383790356666856,0.0129060442887364,True,0.9848484848484849,1.0,0.9848484848484849,3.3333333333333215
AHMPUL0C13,250521030005,250720210001,2025-05-21T11:58:11,2025-07-21T05:57:24,31.0,30.0,6.5,6.0,20.967741935483872,20.0,0.0093333333342646,0.0,11,11,0.12443629426059,0.0182250881435285,True,1.0,0.9850746268656716,0.9850746268656716,-4.615384615384621
AHMPUL0C13,250521060007,250720210001,2025-05-21T14:29:19,2025-07-21T05:57:24,30.0,30.0,6.5,6.0,21.666666666666668,20.0,0.0121833333318742,0.0,11,11,0.0776294661534987,0.0149114841054421,True,0.9857142857142858,0.9850746268656716,0.9850746268656716,-7.692307692307699
AHMPUL0C13,250701010002,250720210001,2025-07-01T09:24:46,2025-07-21T05:57:24,30.0,30.0,6.0,6.0,20.0,20.0,0.0,0.0,10,11,0.0907599034532943,0.0298205477333269,True,1.0,1.0,1.0,0.0
AHMPUL0C13,250701040006,250720210001,2025-07-01T12:10:18,2025-07-21T05:57:24,31.0,30.0,7.0,6.0,22.58064516129032,20.0,0.0399500000018936,0.0,8,11,0.6728858345008175,0.0199250155549591,True,0.9701492537313433,1.0,0.9701492537313433,-11.428571428571422
AHMPUL0C13,250710210010,250720210001,2025-07-11T05:57:31,2025-07-21T05:57:24,30.0,30.0,6.0,6.0,20.0,20.0,0.0,0.0,10,11,0.0372305007318192,0.0062495874844598,True,1.0,0.9850746268656716,0.9850746268656716,0.0
AHMPUL0C13,250711030005,250720210001,2025-07-11T11:11:21,2025-07-21T05:57:24,31.0,30.0,6.5,6.0,20.967741935483872,20.0,0.0200333333341404,0.0,12,11,0.1251925980058812,0.0218610010697165,True,1.0,0.9850746268656716,0.9850746268656716,-4.615384615384621
AHMPUL0C13,250711060008,250720210001,2025-07-11T14:44:08,2025-07-21T05:57:24,36.0,30.0,7.0,6.0,19.444444444444446,20.0,0.023316666666263,0.0,10,11,0.0827853219004846,0.0177018694685354,True,0.8888888888888888,0.9850746268656716,0.8888888888888888,2.857142857142847
AHMPUL0C13,250111020002,250720230003,2025-01-11T10:07:29,2025-07-21T07:34:50,28.0,29.0,6.5,5.0,23.214285714285715,17.24137931034483,0.0,0.0,14,7,0.026121611534594,0.0694764215235368,True,0.9705882352941176,0.96875,0.96875,-25.72944297082228
AHMPUL0C13,250120230010,250720230003,2025-01-21T07:34:19,2025-07-21T07:34:50,28.0,29.0,5.5,5.0,19.642857142857142,17.24137931034483,0.0039333333338921,0.0,12,7,0.0166884856638639,0.0654414170079287,True,0.9714285714285714,0.96875,0.96875,-12.225705329153591
AHMPUL0C13,250311000001,250720230003,2025-03-11T08:20:04,2025-07-21T07:34:50,29.0,29.0,5.5,5.0,18.96551724137931,17.24137931034483,0.0,0.0,10,7,0.0358702217380865,0.5576363442305122,True,0.9701492537313433,0.96875,0.96875,-9.090909090909083
AHMPUL0C13,250320230014,250720230003,2025-03-21T07:34:21,2025-07-21T07:34:50,28.0,29.0,5.5,5.0,19.642857142857142,17.24137931034483,0.0,0.0,11,7,0.0260391060650272,0.0283166146187912,True,0.9848484848484849,0.984375,0.984375,-12.225705329153591
AHMPUL0C13,250321040007,250720230003,2025-03-21T12:44:13,2025-07-21T07:34:50,28.0,29.0,6.0,5.0,21.428571428571427,17.24137931034483,0.0,0.0,10,7,0.0215853635803709,0.042451600719219,True,1.0,1.0,1.0,-19.540229885057457
AHMPUL0C13,250521000001,250720230003,2025-05-21T08:06:46,2025-07-21T07:34:50,28.0,29.0,5.0,5.0,17.857142857142858,17.24137931034483,0.0,0.0,10,7,0.0167198875813831,0.0244746359162784,True,1.0,1.0,1.0,-3.4482758620689613
AHMPUL0C13,250521050006,250720230003,2025-05-21T13:18:08,2025-07-21T07:34:50,28.0,29.0,6.0,5.0,21.428571428571427,17.24137931034483,0.0,0.0,11,7,0.0264627062180461,0.0507051244661191,True,0.9852941176470589,0.984375,0.984375,-19.540229885057457
AHMPUL0C13,250521070008,250720230003,2025-05-21T15:56:20,2025-07-21T07:34:50,29.0,29.0,5.5,5.0,18.96551724137931,17.24137931034483,0.0,0.0,11,7,0.0263787877642123,0.0214242102221361,True,0.9692307692307692,0.96875,0.96875,-9.090909090909083
AHMPUL0C13,250701050007,250720230003,2025-07-01T13:58:49,2025-07-21T07:34:50,28.0,29.0,5.0,5.0,17.857142857142858,17.24137931034483,0.0,0.0,11,7,0.0233345215051333,0.0491871175917731,True,0.9848484848484849,1.0,0.9848484848484849,-3.4482758620689613
AHMPUL0C13,250710230012,250720230003,2025-07-11T07:35:54,2025-07-21T07:34:50,29.0,29.0,5.5,5.0,18.96551724137931,17.24137931034483,0.0,0.0,8,7,0.0269773432966413,0.0656075253957119,True,0.9866666666666667,1.0,0.9866666666666667,-9.090909090909083
AHMPUL0C13,250711050006,250720230003,2025-07-11T13:00:53,2025-07-21T07:34:50,28.0,29.0,5.5,5.0,19.642857142857142,17.24137931034483,0.0,0.0,8,7,0.0232148085690081,0.0488666606578554,True,1.0,1.0,1.0,-12.225705329153591
AHMPUL0C13,250111000001,250721010002,2025-01-11T08:37:09,2025-07-21T09:14:47,30.0,30.0,7.0,6.0,23.33333333333333,20.0,0.0127833333332091,0.0,12,9,0.0560487676699257,0.0365905029729846,True,1.0,0.9726027397260274,0.9726027397260274,-14.285714285714269
AHMPUL0C13,250120220007,250721010002,2025-01-21T06:04:58,2025-07-21T09:14:47,31.0,30.0,6.0,6.0,19.35483870967742,20.0,0.0,0.0,10,9,0.1294690615466298,0.0515799979858484,True,1.0,1.0,1.0,3.3333333333333215
AHMPUL0C13,250121010002,250721010002,2025-01-21T09:11:20,2025-07-21T09:14:47,30.0,30.0,6.5,6.0,21.666666666666668,20.0,0.0,0.0,10,9,0.0455174562881824,0.0298621322932916,True,1.0,1.0,1.0,-7.692307692307699
AHMPUL0C13,250310220011,250721010002,2025-03-11T06:30:15,2025-07-21T09:14:47,30.0,30.0,6.5,6.0,21.666666666666668,20.0,0.0,0.0,10,9,0.1208022542805367,0.0285646376553137,True,1.0,0.9726027397260274,0.9726027397260274,-7.692307692307699
AHMPUL0C13,250311020004,250721010002,2025-03-11T10:43:44,2025-07-21T09:14:47,30.0,30.0,8.0,6.0,26.666666666666668,20.0,0.0079833333341715,0.0,11,9,0.0169098995024439,0.0349182133580466,True,1.0,0.9726027397260274,0.9726027397260274,-25.0
AHMPUL0C13,250311060007,250721010002,2025-03-11T14:17:44,2025-07-21T09:14:47,31.0,30.0,7.0,6.0,22.58064516129032,20.0,0.0,0.0,13,9,0.0229101080003896,0.0851006573261083,True,1.0,0.958904109589041,0.958904109589041,-11.428571428571422
AHMPUL0C13,250320220012,250721010002,2025-03-21T06:02:37,2025-07-21T09:14:47,31.0,30.0,7.0,6.0,22.58064516129032,20.0,0.0,0.0,10,9,0.1102446981504851,0.0601685185605733,True,1.0,0.9863013698630136,0.9863013698630136,-11.428571428571422
AHMPUL0C13,250321000002,250721010002,2025-03-21T08:53:36,2025-07-21T09:14:47,31.0,30.0,6.0,6.0,19.35483870967742,20.0,0.0,0.0,9,9,0.5624489659500181,0.0291314652022074,True,0.9864864864864865,0.9863013698630136,0.9863013698630136,3.3333333333333215
AHMPUL0C13,250321030006,250721010002,2025-03-21T11:23:27,2025-07-21T09:14:47,31.0,30.0,6.0,6.0,19.35483870967742,20.0,0.009299999999348,0.0,9,9,0.0701250101516881,0.024934974305912,True,1.0,0.9726027397260274,0.9726027397260274,3.3333333333333215
AHMPUL0C13,250330230001,250721010002,2025-03-31T07:24:49,2025-07-21T09:14:47,31.0,30.0,7.0,6.0,22.58064516129032,20.0,0.0,0.0,12,9,0.1360342122717709,0.0737915956151102,True,1.0,0.9726027397260274,0.9726027397260274,-11.428571428571422
AHMPUL0C13,250520220015,250721010002,2025-05-21T06:40:10,2025-07-21T09:14:47,30.0,30.0,6.0,6.0,20.0,20.0,0.0,0.0,9,9,0.0840667172223241,0.0094122265054686,True,1.0,1.0,1.0,0.0
AHMPUL0C13,250521010002,250721010002,2025-05-21T09:16:36,2025-07-21T09:14:47,31.0,30.0,6.0,6.0,19.35483870967742,20.0,0.0,0.0,7,9,0.0718338072703395,0.0385318744470123,True,1.0,0.958904109589041,0.958904109589041,3.3333333333333215
AHMPUL0C13,250521030005,250721010002,2025-05-21T11:58:11,2025-07-21T09:14:47,31.0,30.0,6.5,6.0,20.967741935483872,20.0,0.0093333333342646,0.0,11,9,0.0622538016520135,0.0335856590089067,True,1.0,0.9863013698630136,0.9863013698630136,-4.615384615384621
AHMPUL0C13,250521060007,250721010002,2025-05-21T14:29:19,2025-07-21T09:14:47,30.0,30.0,6.5,6.0,21.666666666666668,20.0,0.0121833333318742,0.0,11,9,0.0364489584031237,0.0364645844304097,True,1.0,1.0,1.0,-7.692307692307699
AHMPUL0C13,250701010002,250721010002,2025-07-01T09:24:46,2025-07-21T09:14:47,30.0,30.0,6.0,6.0,20.0,20.0,0.0,0.0,10,9,0.024883174698256,0.0428421905958396,True,1.0,0.9863013698630136,0.9863013698630136,0.0
AHMPUL0C13,250701040006,250721010002,2025-07-01T12:10:18,2025-07-21T09:14:47,31.0,30.0,7.0,6.0,22.58064516129032,20.0,0.0399500000018936,0.0,8,9,0.5604630215747366,0.0314538195467488,True,0.9850746268656716,0.9863013698630136,0.9850746268656716,-11.428571428571422
AHMPUL0C13,250710210010,250721010002,2025-07-11T05:57:31,2025-07-21T09:14:47,30.0,30.0,6.0,6.0,20.0,20.0,0.0,0.0,10,9,0.0763502898487704,0.0575782013450941,True,1.0,0.9726027397260274,0.9726027397260274,0.0
AHMPUL0C13,250711030005,250721010002,2025-07-11T11:11:21,2025-07-21T09:14:47,31.0,30.0,6.5,6.0,20.967741935483872,20.0,0.0200333333341404,0.0,12,9,0.046005593975386,0.0297276798624942,True,1.0,0.9863013698630136,0.9863013698630136,-4.615384615384621
AHMPUL0C13,250711060008,250721010002,2025-07-11T14:44:08,2025-07-21T09:14:47,36.0,30.0,7.0,6.0,19.444444444444446,20.0,0.023316666666263,0.0,10,9,0.0322949287706363,0.0670538713894342,True,0.9012345679012346,1.0,0.9012345679012346,2.857142857142847
AHMPUL0C13,250720210001,250721010002,2025-07-21T05:57:24,2025-07-21T09:14:47,30.0,30.0,6.0,6.0,20.0,20.0,0.0,0.0,11,9,0.113384484654885,0.0513510181363126,True,1.0,0.9863013698630136,0.9863013698630136,0.0
AHMPUL0C13,250111000001,250721050007,2025-01-11T08:37:09,2025-07-21T13:08:37,30.0,30.0,7.0,6.0,23.33333333333333,20.0,0.0127833333332091,0.0,12,11,0.0321366441195977,0.0102625486646422,True,1.0,1.0,1.0,-14.285714285714269
AHMPUL0C13,250120220007,250721050007,2025-01-21T06:04:58,2025-07-21T13:08:37,31.0,30.0,6.0,6.0,19.35483870967742,20.0,0.0,0.0,10,11,0.1046247918222533,0.0260817225138738,True,1.0,0.9852941176470589,0.9852941176470589,3.3333333333333215
AHMPUL0C13,250121010002,250721050007,2025-01-21T09:11:20,2025-07-21T13:08:37,30.0,30.0,6.5,6.0,21.666666666666668,20.0,0.0,0.0,10,11,0.0764897945309919,0.014813806897919,True,1.0,1.0,1.0,-7.692307692307699
AHMPUL0C13,250310220011,250721050007,2025-03-11T06:30:15,2025-07-21T13:08:37,30.0,30.0,6.5,6.0,21.666666666666668,20.0,0.0,0.0,10,11,0.0960979850964926,0.0236180174795843,True,1.0,0.9705882352941176,0.9705882352941176,-7.692307692307699
AHMPUL0C13,250311020004,250721050007,2025-03-11T10:43:44,2025-07-21T13:08:37,30.0,30.0,8.0,6.0,26.666666666666668,20.0,0.0079833333341715,0.0,11,11,0.0566787994251513,0.0078240800507969,True,0.9714285714285714,1.0,0.9714285714285714,-25.0
AHMPUL0C13,250311060007,250721050007,2025-03-11T14:17:44,2025-07-21T13:08:37,31.0,30.0,7.0,6.0,22.58064516129032,20.0,0.0,0.0,13,11,0.0210588504556843,0.0488130232608297,True,1.0,0.9852941176470589,0.9852941176470589,-11.428571428571422
AHMPUL0C13,250320220012,250721050007,2025-03-21T06:02:37,2025-07-21T13:08:37,31.0,30.0,7.0,6.0,22.58064516129032,20.0,0.0,0.0,10,11,0.1250951920138742,0.0280226701032257,True,1.0,0.9852941176470589,0.9852941176470589,-11.428571428571422
AHMPUL0C13,250321000002,250721050007,2025-03-21T08:53:36,2025-07-21T13:08:37,31.0,30.0,6.0,6.0,19.35483870967742,20.0,0.0,0.0,9,11,0.5413581136164536,0.0260731551912833,True,0.9864864864864865,1.0,0.9864864864864865,3.3333333333333215
AHMPUL0C13,250321030006,250721050007,2025-03-21T11:23:27,2025-07-21T13:08:37,31.0,30.0,6.0,6.0,19.35483870967742,20.0,0.009299999999348,0.0,9,11,0.0407306559530618,0.0201772814529776,True,0.9838709677419355,0.9558823529411765,0.9558823529411765,3.3333333333333215
AHMPUL0C13,250330230001,250721050007,2025-03-31T07:24:49,2025-07-21T13:08:37,31.0,30.0,7.0,6.0,22.58064516129032,20.0,0.0,0.0,12,11,0.1127231926125954,0.0354428287279125,True,1.0,0.9852941176470589,0.9852941176470589,-11.428571428571422
AHMPUL0C13,250520220015,250721050007,2025-05-21T06:40:10,2025-07-21T13:08:37,30.0,30.0,6.0,6.0,20.0,20.0,0.0,0.0,9,11,0.1016627235434098,0.0307794476052803,True,1.0,1.0,1.0,0.0
AHMPUL0C13,250521010002,250721050007,2025-05-21T09:16:36,2025-07-21T13:08:37,31.0,30.0,6.0,6.0,19.35483870967742,20.0,0.0,0.0,7,11,0.034011602987269,0.012958236866238,True,1.0,0.9852941176470589,0.9852941176470589,3.3333333333333215
AHMPUL0C13,250521030005,250721050007,2025-05-21T11:58:11,2025-07-21T13:08:37,31.0,30.0,6.5,6.0,20.967741935483872,20.0,0.0093333333342646,0.0,11,11,0.031330261139033,0.0154212740727389,True,1.0,0.9852941176470589,0.9852941176470589,-4.615384615384621
AHMPUL0C13,250521060007,250721050007,2025-05-21T14:29:19,2025-07-21T13:08:37,30.0,30.0,6.5,6.0,21.666666666666668,20.0,0.0121833333318742,0.0,11,11,0.0623366423013537,0.0109277271418267,True,0.9857142857142858,0.9852941176470589,0.9852941176470589,-7.692307692307699
AHMPUL0C13,250701010002,250721050007,2025-07-01T09:24:46,2025-07-21T13:08:37,30.0,30.0,6.0,6.0,20.0,20.0,0.0,0.0,10,11,0.0498389635138634,0.0134845923681508,True,1.0,0.9852941176470589,0.9852941176470589,0.0
AHMPUL0C13,250701040006,250721050007,2025-07-01T12:10:18,2025-07-21T13:08:37,31.0,30.0,7.0,6.0,22.58064516129032,20.0,0.0399500000018936,0.0,8,11,0.5398296302295746,0.013790255136375,True,0.9701492537313433,1.0,0.9701492537313433,-11.428571428571422
AHMPUL0C13,250710210010,250721050007,2025-07-11T05:57:31,2025-07-21T13:08:37,30.0,30.0,6.0,6.0,20.0,20.0,0.0,0.0,10,11,0.0996295520533793,0.0235674920843345,True,1.0,0.9705882352941176,0.9705882352941176,0.0
AHMPUL0C13,250711030005,250721050007,2025-07-11T11:11:21,2025-07-21T13:08:37,31.0,30.0,6.5,6.0,20.967741935483872,20.0,0.0200333333341404,0.0,12,11,0.0147341054399618,0.0160631730982091,True,1.0,0.9852941176470589,0.9852941176470589,-4.615384615384621
AHMPUL0C13,250711060008,250721050007,2025-07-11T14:44:08,2025-07-21T13:08:37,36.0,30.0,7.0,6.0,19.444444444444446,20.0,0.023316666666263,0.0,10,11,0.0566097436570034,0.0357701798702085,True,0.8888888888888888,0.9852941176470589,0.8888888888888888,2.857142857142847
AHMPUL0C13,250720210001,250721050007,2025-07-21T05:57:24,2025-07-21T13:08:37,30.0,30.0,6.0,6.0,20.0,20.0,0.0,0.0,11,11,0.1357176207180288,0.0181561223830054,True,1.0,1.0,1.0,0.0
AHMPUL0C13,250721010002,250721050007,2025-07-21T09:14:47,2025-07-21T13:08:37,30.0,30.0,6.0,6.0,20.0,20.0,0.0,0.0,9,11,0.0428920882379568,0.0391587989019796,True,0.9863013698630136,1.0,0.9863013698630136,0.0
AHMPUL0C13,250111020002,250721060008,2025-01-11T10:07:29,2025-07-21T14:55:05,28.0,28.0,6.5,5.5,23.214285714285715,19.642857142857142,0.0,0.0042500000020178,14,10,0.0102625486646422,0.0496199498432013,True,0.9705882352941176,0.9850746268656716,0.9705882352941176,-15.384615384615385
AHMPUL0C13,250120230010,250721060008,2025-01-21T07:34:19,2025-07-21T14:55:05,28.0,28.0,5.5,5.5,19.642857142857142,19.642857142857142,0.0039333333338921,0.0042500000020178,12,10,0.0193405260960388,0.0959969052925999,True,0.9857142857142858,0.9850746268656716,0.9850746268656716,0.0
AHMPUL0C13,250311000001,250721060008,2025-03-11T08:20:04,2025-07-21T14:55:05,29.0,28.0,5.5,5.5,18.96551724137931,19.642857142857142,0.0,0.0042500000020178,10,10,0.0124694558862541,0.6393145856597521,True,0.9850746268656716,1.0,0.9850746268656716,3.571428571428581
AHMPUL0C13,250320230014,250721060008,2025-03-21T07:34:21,2025-07-21T14:55:05,28.0,28.0,5.5,5.5,19.642857142857142,19.642857142857142,0.0,0.0042500000020178,11,10,0.0091545618054482,0.0804726207340216,True,1.0,0.9850746268656716,0.9850746268656716,0.0
AHMPUL0C13,250321040007,250721060008,2025-03-21T12:44:13,2025-07-21T14:55:05,28.0,28.0,6.0,5.5,21.428571428571427,19.642857142857142,0.0,0.0042500000020178,10,10,0.0201772814529776,0.0962816614713145,True,1.0,0.9850746268656716,0.9850746268656716,-8.333333333333325
AHMPUL0C13,250521000001,250721060008,2025-05-21T08:06:46,2025-07-21T14:55:05,28.0,28.0,5.0,5.5,17.857142857142858,19.642857142857142,0.0,0.0042500000020178,10,10,0.0307794476052803,0.0920648047470678,True,1.0,1.0,1.0,9.999999999999986
AHMPUL0C13,250521050006,250721060008,2025-05-21T13:18:08,2025-07-21T14:55:05,28.0,28.0,6.0,5.5,21.428571428571427,19.642857142857142,0.0,0.0042500000020178,11,10,0.0154212740727389,0.0883077236925448,True,1.0,1.0,1.0,-8.333333333333325
AHMPUL0C13,250521070008,250721060008,2025-05-21T15:56:20,2025-07-21T14:55:05,29.0,28.0,5.5,5.5,18.96551724137931,19.642857142857142,0.0,0.0042500000020178,11,10,0.0109277271418267,0.0855091644198412,True,0.9846153846153847,0.9850746268656716,0.9846153846153847,3.571428571428581
AHMPUL0C13,250701050007,250721060008,2025-07-01T13:58:49,2025-07-21T14:55:05,28.0,28.0,5.0,5.5,17.857142857142858,19.642857142857142,0.0,0.0042500000020178,11,10,0.013790255136375,0.0890699069108501,True,1.0,1.0,1.0,9.999999999999986
AHMPUL0C13,250710230012,250721060008,2025-07-11T07:35:54,2025-07-21T14:55:05,29.0,28.0,5.5,5.5,18.96551724137931,19.642857142857142,0.0,0.0042500000020178,8,10,0.0060165509214964,0.0810480646769475,True,1.0,1.0,1.0,3.571428571428581
AHMPUL0C13,250711050006,250721060008,2025-07-11T13:00:53,2025-07-21T14:55:05,28.0,28.0,5.5,5.5,19.642857142857142,19.642857142857142,0.0,0.0042500000020178,8,10,0.0160631730982091,0.0851536520531617,True,1.0,1.0,1.0,0.0
AHMPUL0C13,250720230003,250721060008,2025-07-21T07:34:50,2025-07-21T14:55:05,29.0,28.0,5.0,5.5,17.24137931034483,19.642857142857142,0.0,0.0042500000020178,7,10,0.023406285746889,0.0863156258856015,True,0.984375,0.9850746268656716,0.984375,13.928571428571423
AHMPUL0C13,250111000001,250730220015,2025-01-11T08:37:09,2025-07-31T06:32:13,30.0,30.0,7.0,6.5,23.33333333333333,21.666666666666668,0.0127833333332091,0.0,12,8,0.0142507874025428,0.010936855417486,True,0.9701492537313433,1.0,0.9701492537313433,-7.1428571428571175
AHMPUL0C13,250120220007,250730220015,2025-01-21T06:04:58,2025-07-31T06:32:13,31.0,30.0,6.0,6.5,19.35483870967742,21.666666666666668,0.0,0.0,10,8,0.0882782401683547,0.0283146045298698,True,0.96875,0.9696969696969697,0.96875,11.944444444444446
AHMPUL0C13,250121010002,250730220015,2025-01-21T09:11:20,2025-07-31T06:32:13,30.0,30.0,6.5,6.5,21.666666666666668,21.666666666666668,0.0,0.0,10,8,0.0702806569526174,0.0057641920508565,True,0.9701492537313433,0.9848484848484849,0.9701492537313433,0.0
AHMPUL0C13,250310220011,250730220015,2025-03-11T06:30:15,2025-07-31T06:32:13,30.0,30.0,6.5,6.5,21.666666666666668,21.666666666666668,0.0,0.0,10,8,0.0796368585767219,0.0125274262203025,True,0.9850746268656716,0.9696969696969697,0.9696969696969697,0.0
AHMPUL0C13,250311020004,250730220015,2025-03-11T10:43:44,2025-07-31T06:32:13,30.0,30.0,8.0,6.5,26.666666666666668,21.666666666666668,0.0079833333341715,0.0,11,8,0.0573090920996736,0.0090230599885012,True,0.9714285714285714,0.9848484848484849,0.9714285714285714,-18.75
AHMPUL0C13,250311060007,250730220015,2025-03-11T14:17:44,2025-07-31T06:32:13,31.0,30.0,7.0,6.5,22.58064516129032,21.666666666666668,0.0,0.0,13,8,0.0254385068785117,0.0631864343760933,True,0.9852941176470589,0.9696969696969697,0.9696969696969697,-4.047619047619033
AHMPUL0C13,250320220012,250730220015,2025-03-21T06:02:37,2025-07-31T06:32:13,31.0,30.0,7.0,6.5,22.58064516129032,21.666666666666668,0.0,0.0,10,8,0.1107467027337019,0.0351297132298393,True,0.971830985915493,0.9696969696969697,0.9696969696969697,-4.047619047619033
AHMPUL0C13,250321000002,250730220015,2025-03-21T08:53:36,2025-07-31T06:32:13,31.0,30.0,6.0,6.5,19.35483870967742,21.666666666666668,0.0,0.0,9,8,0.5566375603270117,0.0150157180728948,True,0.9864864864864865,0.9848484848484849,0.9848484848484849,11.944444444444446
AHMPUL0C13,250321030006,250730220015,2025-03-21T11:23:27,2025-07-31T06:32:13,31.0,30.0,6.0,6.5,19.35483870967742,21.666666666666668,0.009299999999348,0.0,9,8,0.0246145131961163,0.0070052803783668,True,0.9838709677419355,0.9696969696969697,0.9696969696969697,11.944444444444446
AHMPUL0C13,250330230001,250730220015,2025-03-31T07:24:49,2025-07-31T06:32:13,31.0,30.0,7.0,6.5,22.58064516129032,21.666666666666668,0.0,0.0,12,8,0.0960779585750098,0.0499794091869383,True,0.9864864864864865,1.0,0.9864864864864865,-4.047619047619033
AHMPUL0C13,250520220015,250730220015,2025-05-21T06:40:10,2025-07-31T06:32:13,30.0,30.0,6.0,6.5,20.0,21.666666666666668,0.0,0.0,9,8,0.0887527595016812,0.0168618592575816,True,0.972972972972973,0.9848484848484849,0.972972972972973,8.333333333333348
AHMPUL0C13,250521010002,250730220015,2025-05-21T09:16:36,2025-07-31T06:32:13,31.0,30.0,6.0,6.5,19.35483870967742,21.666666666666668,0.0,0.0,7,8,0.0243728116049292,0.0134519636218201,True,1.0,0.9848484848484849,0.9848484848484849,11.944444444444446
AHMPUL0C13,250521030005,250730220015,2025-05-21T11:58:11,2025-07-31T06:32:13,31.0,30.0,6.5,6.5,20.967741935483872,21.666666666666668,0.0093333333342646,0.0,11,8,0.0154883419311261,0.0098805496946604,True,1.0,1.0,1.0,3.3333333333333437
AHMPUL0C13,250521060007,250730220015,2025-05-21T14:29:19,2025-07-31T06:32:13,30.0,30.0,6.5,6.5,21.666666666666668,21.666666666666668,0.0121833333318742,0.0,11,8,0.0554945607361751,0.0109436366685774,True,0.9857142857142858,0.9848484848484849,0.9848484848484849,0.0
AHMPUL0C13,250701010002,250730220015,2025-07-01T09:24:46,2025-07-31T06:32:13,30.0,30.0,6.0,6.5,20.0,21.666666666666668,0.0,0.0,10,8,0.0450978232968313,0.0237777669181156,True,0.9722222222222222,0.9696969696969697,0.9696969696969697,8.333333333333348
AHMPUL0C13,250701040006,250730220015,2025-07-01T12:10:18,2025-07-31T06:32:13,31.0,30.0,7.0,6.5,22.58064516129032,21.666666666666668,0.0399500000018936,0.0,8,8,0.5552233401172117,0.006825483454928,True,0.9850746268656716,0.9848484848484849,0.9848484848484849,-4.047619047619033
AHMPUL0C13,250710210010,250730220015,2025-07-11T05:57:31,2025-07-31T06:32:13,30.0,30.0,6.0,6.5,20.0,21.666666666666668,0.0,0.0,10,8,0.0887519642258695,0.0320296985993677,True,1.0,1.0,1.0,8.333333333333348
AHMPUL0C13,250711030005,250730220015,2025-07-11T11:11:21,2025-07-31T06:32:13,31.0,30.0,6.5,6.5,20.967741935483872,21.666666666666668,0.0200333333341404,0.0,12,8,0.0031958104556866,0.0066263622978885,True,1.0,1.0,1.0,3.3333333333333437
AHMPUL0C13,250711060008,250730220015,2025-07-11T14:44:08,2025-07-31T06:32:13,36.0,30.0,7.0,6.5,19.444444444444446,21.666666666666668,0.023316666666263,0.0,10,8,0.0500722251331307,0.042468801438864,True,0.8888888888888888,0.9848484848484849,0.8888888888888888,11.428571428571432
AHMPUL0C13,250720210001,250730220015,2025-07-21T05:57:24,2025-07-31T06:32:13,30.0,30.0,6.0,6.5,20.0,21.666666666666668,0.0,0.0,11,8,0.1234358527598473,0.0257815321857309,True,0.9850746268656716,1.0,0.9850746268656716,8.333333333333348
AHMPUL0C13,250721010002,250730220015,2025-07-21T09:14:47,2025-07-31T06:32:13,30.0,30.0,6.0,6.5,20.0,21.666666666666668,0.0,0.0,9,8,0.0477154802341318,0.0259003205309246,True,0.9726027397260274,1.0,0.9726027397260274,8.333333333333348
AHMPUL0C13,250721050007,250730220015,2025-07-21T13:08:37,2025-07-31T06:32:13,30.0,30.0,6.0,6.5,20.0,21.666666666666668,0.0,0.0,11,8,0.0178952428064058,0.0145466758222827,True,0.9705882352941176,0.9848484848484849,0.9705882352941176,8.333333333333348
AHMPUL0C13,250111020002,250730230016,2025-01-11T10:07:29,2025-07-31T07:36:50,28.0,28.0,6.5,6.0,23.214285714285715,21.428571428571427,0.0,0.0,14,9,0.010936855417486,0.1105887345300486,True,0.9852941176470589,1.0,0.9852941176470589,-7.692307692307699
AHMPUL0C13,250120230010,250730230016,2025-01-21T07:34:19,2025-07-31T07:36:50,28.0,28.0,5.5,6.0,19.642857142857142,21.428571428571427,0.0039333333338921,0.0,12,9,0.0241104981565251,0.0190096036074628,True,0.9714285714285714,1.0,0.9714285714285714,9.090909090909083
AHMPUL0C13,250311000001,250730230016,2025-03-11T08:20:04,2025-07-31T07:36:50,29.0,28.0,5.5,6.0,18.96551724137931,21.428571428571427,0.0,0.0,10,9,0.0247933950459851,0.5770169632334271,True,0.9850746268656716,1.0,0.9850746268656716,12.987012987012992
AHMPUL0C13,250320230014,250730230016,2025-03-21T07:34:21,2025-07-31T07:36:50,28.0,28.0,5.5,6.0,19.642857142857142,21.428571428571427,0.0,0.0,11,9,0.0224178971586533,0.081177332574571,True,0.9848484848484849,1.0,0.9848484848484849,9.090909090909083
AHMPUL0C13,250321040007,250730230016,2025-03-21T12:44:13,2025-07-31T07:36:50,28.0,28.0,6.0,6.0,21.428571428571427,21.428571428571427,0.0,0.0,10,9,0.0070052803783668,0.01156612503282,True,1.0,1.0,1.0,0.0
AHMPUL0C13,250521000001,250730230016,2025-05-21T08:06:46,2025-07-31T07:36:50,28.0,28.0,5.0,6.0,17.857142857142858,21.428571428571427,0.0,0.0,10,9,0.0168618592575816,0.0782667140274085,True,0.9841269841269841,1.0,0.9841269841269841,19.999999999999996
AHMPUL0C13,250521050006,250730230016,2025-05-21T13:18:08,2025-07-31T07:36:50,28.0,28.0,6.0,6.0,21.428571428571427,21.428571428571427,0.0,0.0,11,9,0.0098805496946604,0.0153275230293736,True,0.9852941176470589,1.0,0.9852941176470589,0.0
AHMPUL0C13,250521070008,250730230016,2025-05-21T15:56:20,2025-07-31T07:36:50,29.0,28.0,5.5,6.0,18.96551724137931,21.428571428571427,0.0,0.0,11,9,0.0109436366685774,0.0752297895322757,True,0.9692307692307692,0.9846153846153847,0.9692307692307692,12.987012987012992
AHMPUL0C13,250701050007,250730230016,2025-07-01T13:58:49,2025-07-31T07:36:50,28.0,28.0,5.0,6.0,17.857142857142858,21.428571428571427,0.0,0.0,11,9,0.006825483454928,0.0142105473447107,True,0.9848484848484849,1.0,0.9848484848484849,19.999999999999996
AHMPUL0C13,250710230012,250730230016,2025-07-11T07:35:54,2025-07-31T07:36:50,29.0,28.0,5.5,6.0,18.96551724137931,21.428571428571427,0.0,0.0,8,9,0.0143170909901875,0.1166282990427876,True,0.9733333333333334,1.0,0.9733333333333334,12.987012987012992
AHMPUL0C13,250711050006,250730230016,2025-07-11T13:00:53,2025-07-31T07:36:50,28.0,28.0,5.5,6.0,19.642857142857142,21.428571428571427,0.0,0.0,8,9,0.0066263622978885,0.0182135042748732,True,1.0,1.0,1.0,9.090909090909083
AHMPUL0C13,250720230003,250730230016,2025-07-21T07:34:50,2025-07-31T07:36:50,29.0,28.0,5.0,6.0,17.24137931034483,21.428571428571427,0.0,0.0,7,9,0.0166325761589344,0.0539382647417936,True,0.96875,1.0,0.96875,24.285714285714267
AHMPUL0C13,250721060008,250730230016,2025-07-21T14:55:05,2025-07-31T07:36:50,28.0,28.0,5.5,6.0,19.642857142857142,21.428571428571427,0.0042500000020178,0.0,10,9,0.0145466758222827,0.1031768255427061,True,0.9850746268656716,1.0,0.9850746268656716,9.090909090909083
AHMPUL0C13,250111020002,250731030006,2025-01-11T10:07:29,2025-07-31T11:41:45,28.0,28.0,6.5,5.0,23.214285714285715,17.857142857142858,0.0,0.0,14,11,0.0164173734738631,0.0692232684620846,True,0.9852941176470589,0.9848484848484849,0.9848484848484849,-23.076923076923073
AHMPUL0C13,250120230010,250731030006,2025-01-21T07:34:19,2025-07-31T11:41:45,28.0,28.0,5.5,5.0,19.642857142857142,17.857142857142858,0.0039333333338921,0.0,12,11,0.0178769961480997,0.0795721605299665,True,0.9714285714285714,0.9848484848484849,0.9714285714285714,-9.090909090909083
AHMPUL0C13,250311000001,250731030006,2025-03-11T08:20:04,2025-07-31T11:41:45,29.0,28.0,5.5,5.0,18.96551724137931,17.857142857142858,0.0,0.0,10,11,0.0119384360519333,0.5468567053539717,True,0.9850746268656716,1.0,0.9850746268656716,-5.844155844155841
AHMPUL0C13,250320230014,250731030006,2025-03-21T07:34:21,2025-07-31T11:41:45,28.0,28.0,5.5,5.0,19.642857142857142,17.857142857142858,0.0,0.0,11,11,0.003370952417283,0.0218414222880977,True,1.0,0.9848484848484849,0.9848484848484849,-9.090909090909083
AHMPUL0C13,250321040007,250731030006,2025-03-21T12:44:13,2025-07-31T11:41:45,28.0,28.0,6.0,5.0,21.428571428571427,17.857142857142858,0.0,0.0,10,11,0.0266672011032005,0.0556979192877201,True,0.9841269841269841,0.9696969696969697,0.9696969696969697,-16.666666666666664
AHMPUL0C13,250521000001,250731030006,2025-05-21T08:06:46,2025-07-31T11:41:45,28.0,28.0,5.0,5.0,17.857142857142858,17.857142857142858,0.0,0.0,10,11,0.0363176307777449,0.0123157834165635,True,1.0,1.0,1.0,0.0
AHMPUL0C13,250521050006,250731030006,2025-05-21T13:18:08,2025-07-31T11:41:45,28.0,28.0,6.0,5.0,21.428571428571427,17.857142857142858,0.0,0.0,11,11,0.0218091348159793,0.064946455306612,True,1.0,1.0,1.0,-16.666666666666664
AHMPUL0C13,250521070008,250731030006,2025-05-21T15:56:20,2025-07-31T11:41:45,29.0,28.0,5.5,5.0,18.96551724137931,17.857142857142858,0.0,0.0,11,11,0.0170817420945138,0.0132367859034574,True,0.9692307692307692,0.9848484848484849,0.9692307692307692,-5.844155844155841
AHMPUL0C13,250701050007,250731030006,2025-07-01T13:58:49,2025-07-31T11:41:45,28.0,28.0,5.0,5.0,17.857142857142858,17.857142857142858,0.0,0.0,11,11,0.0203273556469945,0.0633569232061043,True,1.0,1.0,1.0,0.0
AHMPUL0C13,250710230012,250731030006,2025-07-11T07:35:54,2025-07-31T11:41:45,29.0,28.0,5.5,5.0,18.96551724137931,17.857142857142858,0.0,0.0,8,11,0.0112604047011084,0.0585645332715267,True,0.96,1.0,0.96,-5.844155844155841
AHMPUL0C13,250711050006,250731030006,2025-07-11T13:00:53,2025-07-31T11:41:45,28.0,28.0,5.5,5.0,19.642857142857142,17.857142857142858,0.0,0.0,8,11,0.0226137770551988,0.0632366988798329,True,1.0,1.0,1.0,-9.090909090909083
AHMPUL0C13,250720230003,250731030006,2025-07-21T07:34:50,2025-07-31T11:41:45,29.0,28.0,5.0,5.0,17.24137931034483,17.857142857142858,0.0,0.0,7,11,0.026574994961127,0.014547744608905,True,1.0,1.0,1.0,3.5714285714285587
AHMPUL0C13,250721060008,250731030006,2025-07-21T14:55:05,2025-07-31T11:41:45,28.0,28.0,5.5,5.0,19.642857142857142,17.857142857142858,0.0042500000020178,0.0,10,11,0.006551834781146,0.0940408505953342,True,1.0,1.0,1.0,-9.090909090909083
AHMPUL0C13,250730230016,250731030006,2025-07-31T07:36:50,2025-07-31T11:41:45,28.0,28.0,6.0,5.0,21.428571428571427,17.857142857142858,0.0,0.0,9,11,0.0207349463499749,0.0669511021835201,True,1.0,1.0,1.0,-16.666666666666664
AHMPUL0C13,250111000001,250731050008,2025-01-11T08:37:09,2025-07-31T13:16:52,30.0,31.0,7.0,6.0,23.33333333333333,19.35483870967742,0.0127833333332091,0.0021000000027318,12,9,0.5599664923740892,0.0409077548413854,True,1.0,0.9855072463768116,0.9855072463768116,-17.050691244239612
AHMPUL0C13,250120220007,250731050008,2025-01-21T06:04:58,2025-07-31T13:16:52,31.0,31.0,6.0,6.0,19.35483870967742,19.35483870967742,0.0,0.0021000000027318,10,9,0.6004562744340266,0.0227341838878866,True,1.0,0.9855072463768116,0.9855072463768116,0.0
AHMPUL0C13,250121010002,250731050008,2025-01-21T09:11:20,2025-07-31T13:16:52,30.0,31.0,6.5,6.0,21.666666666666668,19.35483870967742,0.0,0.0021000000027318,10,9,0.5994491899620201,0.0455343187006643,True,1.0,0.9710144927536232,0.9710144927536232,-10.66997518610422
AHMPUL0C13,250310220011,250731050008,2025-03-11T06:30:15,2025-07-31T13:16:52,30.0,31.0,6.5,6.0,21.666666666666668,19.35483870967742,0.0,0.0021000000027318,10,9,0.595782006521885,0.0453663200560201,True,0.9850746268656716,0.9710144927536232,0.9710144927536232,-10.66997518610422
AHMPUL0C13,250311020004,250731050008,2025-03-11T10:43:44,2025-07-31T13:16:52,30.0,31.0,8.0,6.0,26.666666666666668,19.35483870967742,0.0079833333341715,0.0021000000027318,11,9,0.5701422491996488,0.0441143736528242,True,0.9714285714285714,0.9855072463768116,0.9714285714285714,-27.419354838709676
AHMPUL0C13,250311060007,250731050008,2025-03-11T14:17:44,2025-07-31T13:16:52,31.0,31.0,7.0,6.0,22.58064516129032,19.35483870967742,0.0,0.0021000000027318,13,9,0.5467932781972157,0.0681557940810507,True,1.0,0.9855072463768116,0.9855072463768116,-14.28571428571428
AHMPUL0C13,250320220012,250731050008,2025-03-21T06:02:37,2025-07-31T13:16:52,31.0,31.0,7.0,6.0,22.58064516129032,19.35483870967742,0.0,0.0021000000027318,10,9,0.6578089262439794,0.0193077139610474,True,1.0,0.9855072463768116,0.9855072463768116,-14.28571428571428
AHMPUL0C13,250321000002,250731050008,2025-03-21T08:53:36,2025-07-31T13:16:52,31.0,31.0,6.0,6.0,19.35483870967742,19.35483870967742,0.0,0.0021000000027318,9,9,0.0085976771798449,0.0451999032157311,True,1.0,1.0,1.0,0.0
AHMPUL0C13,250321030006,250731050008,2025-03-21T11:23:27,2025-07-31T13:16:52,31.0,31.0,6.0,6.0,19.35483870967742,19.35483870967742,0.009299999999348,0.0021000000027318,9,9,0.559039623896181,0.0492312451938543,True,1.0,0.9855072463768116,0.9855072463768116,0.0
AHMPUL0C13,250330230001,250731050008,2025-03-31T07:24:49,2025-07-31T13:16:52,31.0,31.0,7.0,6.0,22.58064516129032,19.35483870967742,0.0,0.0021000000027318,12,9,0.609056461714168,0.0526471865750497,True,1.0,0.9855072463768116,0.9855072463768116,-14.28571428571428
AHMPUL0C13,250520220015,250731050008,2025-05-21T06:40:10,2025-07-31T13:16:52,30.0,31.0,6.0,6.0,20.0,19.35483870967742,0.0,0.0021000000027318,9,9,0.6335633448946111,0.0646155546275784,True,1.0,0.9855072463768116,0.9855072463768116,-3.2258064516129004
AHMPUL0C13,250521010002,250731050008,2025-05-21T09:16:36,2025-07-31T13:16:52,31.0,31.0,6.0,6.0,19.35483870967742,19.35483870967742,0.0,0.0021000000027318,7,9,0.5423434157956821,0.0378314988730618,True,1.0,0.9855072463768116,0.9855072463768116,0.0
AHMPUL0C13,250521030005,250731050008,2025-05-21T11:58:11,2025-07-31T13:16:52,31.0,31.0,6.5,6.0,20.967741935483872,19.35483870967742,0.0093333333342646,0.0021000000027318,11,9,0.5531797998694243,0.0413698678301185,True,0.9863013698630136,0.9710144927536232,0.9710144927536232,-7.692307692307699
AHMPUL0C13,250521060007,250731050008,2025-05-21T14:29:19,2025-07-31T13:16:52,30.0,31.0,6.5,6.0,21.666666666666668,19.35483870967742,0.0121833333318742,0.0021000000027318,11,9,0.5886789322594557,0.040642123404897,True,1.0,0.9855072463768116,0.9855072463768116,-10.66997518610422
AHMPUL0C13,250701010002,250731050008,2025-07-01T09:24:46,2025-07-31T13:16:52,30.0,31.0,6.0,6.0,20.0,19.35483870967742,0.0,0.0021000000027318,10,9,0.5754577669246816,0.0582378560729024,True,1.0,0.9855072463768116,0.9855072463768116,-3.2258064516129004
AHMPUL0C13,250701040006,250731050008,2025-07-01T12:10:18,2025-07-31T13:16:52,31.0,31.0,7.0,6.0,22.58064516129032,19.35483870967742,0.0399500000018936,0.0021000000027318,8,9,0.0102486053213151,0.0442348318722247,True,0.9701492537313433,0.9710144927536232,0.9701492537313433,-14.28571428571428
AHMPUL0C13,250710210010,250731050008,2025-07-11T05:57:31,2025-07-31T13:16:52,30.0,31.0,6.0,6.0,20.0,19.35483870967742,0.0,0.0021000000027318,10,9,0.6289872092353851,0.0243277159114389,True,0.9850746268656716,0.9710144927536232,0.9710144927536232,-3.2258064516129004
AHMPUL0C13,250711030005,250731050008,2025-07-11T11:11:21,2025-07-31T13:16:52,31.0,31.0,6.5,6.0,20.967741935483872,19.35483870967742,0.0200333333341404,0.0021000000027318,12,9,0.5455654986327676,0.0451711835596027,True,0.9850746268656716,0.9710144927536232,0.9710144927536232,-7.692307692307699
AHMPUL0C13,250711060008,250731050008,2025-07-11T14:44:08,2025-07-31T13:16:52,36.0,31.0,7.0,6.0,19.444444444444446,19.35483870967742,0.023316666666263,0.0021000000027318,10,9,0.5834170755343849,0.0124577441174546,True,0.9135802469135802,1.0,0.9135802469135802,-0.4608294930875667
AHMPUL0C13,250720210001,250731050008,2025-07-21T05:57:24,2025-07-31T13:16:52,30.0,31.0,6.0,6.0,20.0,19.35483870967742,0.0,0.0021000000027318,11,9,0.666175604828841,0.0286133614183822,True,0.9850746268656716,0.9565217391304348,0.9565217391304348,-3.2258064516129004
AHMPUL0C13,250721010002,250731050008,2025-07-21T09:14:47,2025-07-31T13:16:52,30.0,31.0,6.0,6.0,20.0,19.35483870967742,0.0,0.0021000000027318,9,9,0.5539509550374682,0.0738649923430208,True,0.9726027397260274,0.9855072463768116,0.9726027397260274,-3.2258064516129004
AHMPUL0C13,250721050007,250731050008,2025-07-21T13:08:37,2025-07-31T13:16:52,30.0,31.0,6.0,6.0,20.0,19.35483870967742,0.0,0.0021000000027318,11,9,0.5327909104198745,0.0466786815615874,True,1.0,0.9855072463768116,0.9855072463768116,-3.2258064516129004
AHMPUL0C13,250730220015,250731050008,2025-07-31T06:32:13,2025-07-31T13:16:52,30.0,31.0,6.5,6.0,21.666666666666668,19.35483870967742,0.0,0.0021000000027318,8,9,0.5480592307791576,0.0510259956278856,True,1.0,0.9855072463768116,0.9855072463768116,-10.66997518610422
AHMPUL0C13,250111020002,250731080011,2025-01-11T10:07:29,2025-07-31T16:08:01,28.0,29.0,6.5,6.0,23.214285714285715,20.689655172413797,0.0,0.0,14,11,0.0261126410550337,0.0674852395094108,True,0.9705882352941176,0.9850746268656716,0.9705882352941176,-10.875331564986723
AHMPUL0C13,250120230010,250731080011,2025-01-21T07:34:19,2025-07-31T16:08:01,28.0,29.0,5.5,6.0,19.642857142857142,20.689655172413797,0.0039333333338921,0.0,12,11,0.0196327353852043,0.0823129440822861,True,0.9714285714285714,0.9850746268656716,0.9714285714285714,5.329153605015691
AHMPUL0C13,250311000001,250731080011,2025-03-11T08:20:04,2025-07-31T16:08:01,29.0,29.0,5.5,6.0,18.96551724137931,20.689655172413797,0.0,0.0,10,11,0.017149477735009,0.5464916217797123,True,0.9850746268656716,0.9850746268656716,0.9850746268656716,9.090909090909127
AHMPUL0C13,250320230014,250731080011,2025-03-21T07:34:21,2025-07-31T16:08:01,28.0,29.0,5.5,6.0,19.642857142857142,20.689655172413797,0.0,0.0,11,11,0.0078911092765739,0.0195539457866707,True,1.0,0.9850746268656716,0.9850746268656716,5.329153605015691
AHMPUL0C13,250321040007,250731080011,2025-03-21T12:44:13,2025-07-31T16:08:01,28.0,29.0,6.0,6.0,21.428571428571427,20.689655172413797,0.0,0.0,10,11,0.0364386944396294,0.0586214708005185,True,1.0,0.9850746268656716,0.9850746268656716,-3.448275862068939
AHMPUL0C13,250521000001,250731080011,2025-05-21T08:06:46,2025-07-31T16:08:01,28.0,29.0,5.0,6.0,17.857142857142858,20.689655172413797,0.0,0.0,10,11,0.0450079711433396,0.0092739822208545,True,1.0,1.0,1.0,15.86206896551725
AHMPUL0C13,250521050006,250731080011,2025-05-21T13:18:08,2025-07-31T16:08:01,28.0,29.0,6.0,6.0,21.428571428571427,20.689655172413797,0.0,0.0,11,11,0.0315978125525403,0.067638525348253,True,1.0,0.9850746268656716,0.9850746268656716,-3.448275862068939
AHMPUL0C13,250521070008,250731080011,2025-05-21T15:56:20,2025-07-31T16:08:01,29.0,29.0,5.5,6.0,18.96551724137931,20.689655172413797,0.0,0.0,11,11,0.0267691802484536,0.0110042503911748,True,0.9846153846153847,0.9850746268656716,0.9846153846153847,9.090909090909127
AHMPUL0C13,250701050007,250731080011,2025-07-01T13:58:49,2025-07-31T16:08:01,28.0,29.0,5.0,6.0,17.857142857142858,20.689655172413797,0.0,0.0,11,11,0.0301895678208929,0.0660777179867277,True,1.0,0.9850746268656716,0.9850746268656716,15.86206896551725
AHMPUL0C13,250710230012,250731080011,2025-07-11T07:35:54,2025-07-31T16:08:01,29.0,29.0,5.5,6.0,18.96551724137931,20.689655172413797,0.0,0.0,8,11,0.020704904318571,0.0558251242664723,True,1.0,1.0,1.0,9.090909090909127
AHMPUL0C13,250711050006,250731080011,2025-07-11T13:00:53,2025-07-31T16:08:01,28.0,29.0,5.5,6.0,19.642857142857142,20.689655172413797,0.0,0.0,8,11,0.0324748557079738,0.0658617492802217,True,1.0,1.0,1.0,5.329153605015691
AHMPUL0C13,250720230003,250731080011,2025-07-21T07:34:50,2025-07-31T16:08:01,29.0,29.0,5.0,6.0,17.24137931034483,20.689655172413797,0.0,0.0,7,11,0.0330034741593227,0.017018137125504,True,1.0,0.9850746268656716,0.9850746268656716,20.000000000000018
AHMPUL0C13,250721060008,250731080011,2025-07-21T14:55:05,2025-07-31T16:08:01,28.0,29.0,5.5,6.0,19.642857142857142,20.689655172413797,0.0042500000020178,0.0,10,11,0.0164116866046951,0.093852328823835,True,1.0,1.0,1.0,5.329153605015691
AHMPUL0C13,250730230016,250731080011,2025-07-31T07:36:50,2025-07-31T16:08:01,28.0,29.0,6.0,6.0,21.428571428571427,20.689655172413797,0.0,0.0,9,11,0.030260748847066,0.0699131901259808,True,1.0,0.9552238805970149,0.9552238805970149,-3.448275862068939
AHMPUL0C13,250731030006,250731080011,2025-07-31T11:41:45,2025-07-31T16:08:01,28.0,29.0,5.0,6.0,17.857142857142858,20.689655172413797,0.0,0.0,11,11,0.0098629897513002,0.0030871357471527,True,1.0,0.9850746268656716,0.9850746268656716,15.86206896551725
AHMPUL0C13,250630210009,250831220001,2025-07-01T05:44:14,2025-09-01T06:00:02,92.0,91.0,19.0,17.5,20.65217391304348,19.230769230769237,0.0,0.0,5,5,0.0621000893405637,0.1473369363797307,True,0.9108910891089109,0.8921568627450981,0.8921568627450981,-6.8825910931173855
AHMPUL0C13,250630230010,250831230002,2025-07-01T07:13:53,2025-09-01T07:33:03,90.0,91.0,16.5,17.5,18.33333333333333,19.230769230769237,0.0,0.0,9,7,0.1473369363797307,0.1026015223385483,True,0.9019607843137255,0.9019607843137255,0.9019607843137255,4.8951048951049625
AHMPUL0C13,250111000001,250901020004,2025-01-11T08:37:09,2025-09-01T10:30:09,30.0,31.0,7.0,7.5,23.33333333333333,24.193548387096776,0.0127833333332091,0.0740999999999379,12,11,0.0438064561349174,0.0227549781357613,True,1.0,1.0,1.0,3.6866359447004893
AHMPUL0C13,250120220007,250901020004,2025-01-21T06:04:58,2025-09-01T10:30:09,31.0,31.0,6.0,7.5,19.35483870967742,24.193548387096776,0.0,0.0740999999999379,10,11,0.1105059495633025,0.0388973980493787,True,1.0,0.9863013698630136,0.9863013698630136,25.0
AHMPUL0C13,250121010002,250901020004,2025-01-21T09:11:20,2025-09-01T10:30:09,30.0,31.0,6.5,7.5,21.666666666666668,24.193548387096776,0.0,0.0740999999999379,10,11,0.0292557186343557,0.0163693145273455,True,1.0,0.9863013698630136,0.9863013698630136,11.662531017369737
AHMPUL0C13,250310220011,250901020004,2025-03-11T06:30:15,2025-09-01T10:30:09,30.0,31.0,6.5,7.5,21.666666666666668,24.193548387096776,0.0,0.0740999999999379,10,11,0.1020612772848833,0.0176356759430775,True,1.0,0.9726027397260274,0.9726027397260274,11.662531017369737
AHMPUL0C13,250311020004,250901020004,2025-03-11T10:43:44,2025-09-01T10:30:09,30.0,31.0,8.0,7.5,26.666666666666668,24.193548387096776,0.0079833333341715,0.0740999999999379,11,11,0.0207017975271412,0.0209262164075389,True,0.9857142857142858,1.0,0.9857142857142858,-9.2741935483871
AHMPUL0C13,250311060007,250901020004,2025-03-11T14:17:44,2025-09-01T10:30:09,31.0,31.0,7.0,7.5,22.58064516129032,24.193548387096776,0.0,0.0740999999999379,13,11,0.0281113971726655,0.0725723652224891,True,1.0,0.9863013698630136,0.9863013698630136,7.142857142857162
AHMPUL0C13,250320220012,250901020004,2025-03-21T06:02:37,2025-09-01T10:30:09,31.0,31.0,7.0,7.5,22.58064516129032,24.193548387096776,0.0,0.0740999999999379,10,11,0.0864370897107931,0.0467024957227252,True,1.0,0.9863013698630136,0.9863013698630136,7.142857142857162
AHMPUL0C13,250321000002,250901020004,2025-03-21T08:53:36,2025-09-01T10:30:09,31.0,31.0,6.0,7.5,19.35483870967742,24.193548387096776,0.0,0.0740999999999379,9,11,0.5825240104939378,0.0191434333857432,True,0.9864864864864865,1.0,0.9864864864864865,25.0
AHMPUL0C13,250321030006,250901020004,2025-03-21T11:23:27,2025-09-01T10:30:09,31.0,31.0,6.0,7.5,19.35483870967742,24.193548387096776,0.009299999999348,0.0740999999999379,9,11,0.0579547310556734,0.0124701292493052,True,1.0,0.9726027397260274,0.9726027397260274,25.0
AHMPUL0C13,250330230001,250901020004,2025-03-31T07:24:49,2025-09-01T10:30:09,31.0,31.0,7.0,7.5,22.58064516129032,24.193548387096776,0.0,0.0740999999999379,12,11,0.1162065736874157,0.0604481525855403,True,1.0,1.0,1.0,7.142857142857162
AHMPUL0C13,250520220015,250901020004,2025-05-21T06:40:10,2025-09-01T10:30:09,30.0,31.0,6.0,7.5,20.0,24.193548387096776,0.0,0.0740999999999379,9,11,0.0606273971209178,0.0055771214444423,True,1.0,1.0,1.0,20.967741935483875
AHMPUL0C13,250521010002,250901020004,2025-05-21T09:16:36,2025-09-01T10:30:09,31.0,31.0,6.0,7.5,19.35483870967742,24.193548387096776,0.0,0.0740999999999379,7,11,0.0653632894704195,0.0249389330474608,True,1.0,0.9863013698630136,0.9863013698630136,25.0
AHMPUL0C13,250521030005,250901020004,2025-05-21T11:58:11,2025-09-01T10:30:09,31.0,31.0,6.5,7.5,20.967741935483872,24.193548387096776,0.0093333333342646,0.0740999999999379,11,11,0.0525367416309429,0.020368407691423,True,0.9863013698630136,0.9726027397260274,0.9726027397260274,15.384615384615397
AHMPUL0C13,250521060007,250901020004,2025-05-21T14:29:19,2025-09-01T10:30:09,30.0,31.0,6.5,7.5,21.666666666666668,24.193548387096776,0.0121833333318742,0.0740999999999379,11,11,0.0153178066276513,0.0226831407563732,True,1.0,0.9863013698630136,0.9863013698630136,11.662531017369737
AHMPUL0C13,250701010002,250901020004,2025-07-01T09:24:46,2025-09-01T10:30:09,30.0,31.0,6.0,7.5,20.0,24.193548387096776,0.0,0.0740999999999379,10,11,0.0030785227884472,0.030895361320839,True,1.0,0.9863013698630136,0.9863013698630136,20.967741935483875
AHMPUL0C13,250701040006,250901020004,2025-07-01T12:10:18,2025-09-01T10:30:09,31.0,31.0,7.0,7.5,22.58064516129032,24.193548387096776,0.0399500000018936,0.0740999999999379,8,11,0.5807135464632711,0.0178850680603404,True,0.9552238805970149,0.9863013698630136,0.9552238805970149,7.142857142857162
AHMPUL0C13,250710210010,250901020004,2025-07-11T05:57:31,2025-09-01T10:30:09,30.0,31.0,6.0,7.5,20.0,24.193548387096776,0.0,0.0740999999999379,10,11,0.0550221993480123,0.0438402871092088,True,0.9850746268656716,0.9726027397260274,0.9726027397260274,20.967741935483875
AHMPUL0C13,250711030005,250901020004,2025-07-11T11:11:21,2025-09-01T10:30:09,31.0,31.0,6.5,7.5,20.967741935483872,24.193548387096776,0.0200333333341404,0.0740999999999379,12,11,0.0420716549619659,0.0164867263992781,True,0.9850746268656716,0.9726027397260274,0.9726027397260274,15.384615384615397
AHMPUL0C13,250711060008,250901020004,2025-07-11T14:44:08,2025-09-01T10:30:09,36.0,31.0,7.0,7.5,19.444444444444446,24.193548387096776,0.023316666666263,0.0740999999999379,10,11,0.0096539139608757,0.053837030542003,True,0.9012345679012346,0.9863013698630136,0.9012345679012346,24.423963133640548
AHMPUL0C13,250720210001,250901020004,2025-07-21T05:57:24,2025-09-01T10:30:09,30.0,31.0,6.0,7.5,20.0,24.193548387096776,0.0,0.0740999999999379,11,11,0.092181490995034,0.0375930322484308,True,0.9850746268656716,0.958904109589041,0.958904109589041,20.967741935483875
AHMPUL0C13,250721010002,250901020004,2025-07-21T09:14:47,2025-09-01T10:30:09,30.0,31.0,6.0,7.5,20.0,24.193548387096776,0.0,0.0740999999999379,9,11,0.0251286344607356,0.0140098107081503,True,0.9726027397260274,1.0,0.9726027397260274,20.967741935483875
AHMPUL0C13,250721050007,250901020004,2025-07-21T13:08:37,2025-09-01T10:30:09,30.0,31.0,6.0,7.5,20.0,24.193548387096776,0.0,0.0740999999999379,11,11,0.0472464640964509,0.025358567106872,True,1.0,0.9863013698630136,0.9863013698630136,20.967741935483875
AHMPUL0C13,250730220015,250901020004,2025-07-31T06:32:13,2025-09-01T10:30:09,30.0,31.0,6.5,7.5,21.666666666666668,24.193548387096776,0.0,0.0740999999999379,8,11,0.042076674112159,0.0119273585360264,True,1.0,0.9863013698630136,0.9863013698630136,11.662531017369737
AHMPUL0C13,250731050008,250901020004,2025-07-31T13:16:52,2025-09-01T10:30:09,31.0,31.0,6.0,7.5,19.35483870967742,24.193548387096776,0.0021000000027318,0.0740999999999379,9,11,0.5739942435111599,0.061551246561763,True,0.9855072463768116,1.0,0.9855072463768116,25.0
AHMPUL0C13,250111020002,250901060008,2025-01-11T10:07:29,2025-09-01T14:31:59,28.0,29.0,6.5,5.0,23.214285714285715,17.24137931034483,0.0,0.0,14,11,0.0258203904211794,0.0585269935458027,True,0.9705882352941176,0.984375,0.9705882352941176,-25.72944297082228
AHMPUL0C13,250120230010,250901060008,2025-01-21T07:34:19,2025-09-01T14:31:59,28.0,29.0,5.5,5.0,19.642857142857142,17.24137931034483,0.0039333333338921,0.0,12,11,0.0062821371421611,0.0704148431447214,True,0.9714285714285714,0.984375,0.9714285714285714,-12.225705329153591
AHMPUL0C13,250311000001,250901060008,2025-03-11T08:20:04,2025-09-01T14:31:59,29.0,29.0,5.5,5.0,18.96551724137931,17.24137931034483,0.0,0.0,10,11,0.024802675599622,0.5638413794215974,True,0.9850746268656716,1.0,0.9850746268656716,-9.090909090909083
AHMPUL0C13,250320230014,250901060008,2025-03-21T07:34:21,2025-09-01T14:31:59,28.0,29.0,5.5,5.0,19.642857142857142,17.24137931034483,0.0,0.0,11,11,0.0099360677714087,0.0200407604763317,True,1.0,0.984375,0.984375,-12.225705329153591
AHMPUL0C13,250321040007,250901060008,2025-03-21T12:44:13,2025-09-01T14:31:59,28.0,29.0,6.0,5.0,21.428571428571427,17.24137931034483,0.0,0.0,10,11,0.0316667084644249,0.0496617263343576,True,1.0,0.984375,0.984375,-19.540229885057457
AHMPUL0C13,250521000001,250901060008,2025-05-21T08:06:46,2025-09-01T14:31:59,28.0,29.0,5.0,5.0,17.857142857142858,17.24137931034483,0.0,0.0,10,11,0.0359052605853535,0.0212539986166834,True,1.0,1.0,1.0,-3.4482758620689613
AHMPUL0C13,250521050006,250901060008,2025-05-21T13:18:08,2025-09-01T14:31:59,28.0,29.0,6.0,5.0,21.428571428571427,17.24137931034483,0.0,0.0,11,11,0.0301188190468165,0.0555743143119287,True,1.0,1.0,1.0,-19.540229885057457
AHMPUL0C13,250521070008,250901060008,2025-05-21T15:56:20,2025-09-01T14:31:59,29.0,29.0,5.5,5.0,18.96551724137931,17.24137931034483,0.0,0.0,11,11,0.0264505404715401,0.0157220441587963,True,0.9692307692307692,0.96875,0.96875,-9.090909090909083
AHMPUL0C13,250701050007,250901060008,2025-07-01T13:58:49,2025-09-01T14:31:59,28.0,29.0,5.0,5.0,17.857142857142858,17.24137931034483,0.0,0.0,11,11,0.0276282245497847,0.0543296304647652,True,1.0,1.0,1.0,-3.4482758620689613
AHMPUL0C13,250710230012,250901060008,2025-07-11T07:35:54,2025-09-01T14:31:59,29.0,29.0,5.5,5.0,18.96551724137931,17.24137931034483,0.0,0.0,8,11,0.0221272816997787,0.0560774013062349,True,0.9866666666666667,1.0,0.9866666666666667,-9.090909090909083
AHMPUL0C13,250711050006,250901060008,2025-07-11T13:00:53,2025-09-01T14:31:59,28.0,29.0,5.5,5.0,19.642857142857142,17.24137931034483,0.0,0.0,8,11,0.0293385680545693,0.0532503532088272,True,1.0,0.984375,0.984375,-12.225705329153591
AHMPUL0C13,250720230003,250901060008,2025-07-21T07:34:50,2025-09-01T14:31:59,29.0,29.0,5.0,5.0,17.24137931034483,17.24137931034483,0.0,0.0,7,11,0.0213693849426654,0.0109501734309234,True,0.984375,0.984375,0.984375,0.0
AHMPUL0C13,250721060008,250901060008,2025-07-21T14:55:05,2025-09-01T14:31:59,28.0,29.0,5.5,5.0,19.642857142857142,17.24137931034483,0.0042500000020178,0.0,10,11,0.0161165860788896,0.0776855247491489,True,1.0,1.0,1.0,-12.225705329153591
AHMPUL0C13,250730230016,250901060008,2025-07-31T07:36:50,2025-09-01T14:31:59,28.0,29.0,6.0,5.0,21.428571428571427,17.24137931034483,0.0,0.0,9,11,0.024686227846332,0.0612172878765726,True,1.0,0.96875,0.96875,-19.540229885057457
AHMPUL0C13,250731030006,250901060008,2025-07-31T11:41:45,2025-09-01T14:31:59,28.0,29.0,5.0,5.0,17.857142857142858,17.24137931034483,0.0,0.0,11,11,0.0129015929111604,0.0170079032781315,True,1.0,1.0,1.0,-3.4482758620689613
AHMPUL0C13,250731080011,250901060008,2025-07-31T16:08:01,2025-09-01T14:31:59,29.0,29.0,6.0,5.0,20.689655172413797,17.24137931034483,0.0,0.0,11,11,0.0133518405027496,0.0178051182663026,True,0.9850746268656716,1.0,0.9850746268656716,-16.666666666666675
AHMPUL0C13,250111000001,250910220010,2025-01-11T08:37:09,2025-09-11T06:04:49,30.0,31.0,7.0,6.5,23.33333333333333,20.967741935483872,0.0127833333332091,0.0146166666682499,12,9,0.0992137875974891,0.0203273552614206,True,1.0,1.0,1.0,-10.138248847926246
AHMPUL0C13,250120220007,250910220010,2025-01-21T06:04:58,2025-09-11T06:04:49,31.0,31.0,6.0,6.5,19.35483870967742,20.967741935483872,0.0,0.0146166666682499,10,9,0.1301691879995674,0.0366060672288034,True,1.0,1.0,1.0,8.333333333333325
AHMPUL0C13,250121010002,250910220010,2025-01-21T09:11:20,2025-09-11T06:04:49,30.0,31.0,6.5,6.5,21.666666666666668,20.967741935483872,0.0,0.0146166666682499,10,9,0.0450149069287993,0.0229061548888127,True,0.9850746268656716,1.0,0.9850746268656716,-3.2258064516129004
AHMPUL0C13,250310220011,250910220010,2025-03-11T06:30:15,2025-09-11T06:04:49,30.0,31.0,6.5,6.5,21.666666666666668,20.967741935483872,0.0,0.0146166666682499,10,9,0.1243404833693471,0.0317276056494787,True,1.0,0.9857142857142858,0.9857142857142858,-3.2258064516129004
AHMPUL0C13,250311020004,250910220010,2025-03-11T10:43:44,2025-09-11T06:04:49,30.0,31.0,8.0,6.5,26.666666666666668,20.967741935483872,0.0079833333341715,0.0146166666682499,11,9,0.0749764435718686,0.0172336523996058,True,0.9857142857142858,1.0,0.9857142857142858,-21.370967741935488
AHMPUL0C13,250311060007,250910220010,2025-03-11T14:17:44,2025-09-11T06:04:49,31.0,31.0,7.0,6.5,22.58064516129032,20.967741935483872,0.0,0.0146166666682499,13,9,0.0985703099369794,0.0453061635161083,True,0.9852941176470589,0.9714285714285714,0.9714285714285714,-7.142857142857128
AHMPUL0C13,250320220012,250910220010,2025-03-21T06:02:37,2025-09-11T06:04:49,31.0,31.0,7.0,6.5,22.58064516129032,20.967741935483872,0.0,0.0146166666682499,10,9,0.0347063085952059,0.0374304505137437,True,1.0,1.0,1.0,-7.142857142857128
AHMPUL0C13,250321000002,250910220010,2025-03-21T08:53:36,2025-09-11T06:04:49,31.0,31.0,6.0,6.5,19.35483870967742,20.967741935483872,0.0,0.0146166666682499,9,9,0.6525439790830585,0.0342823250097666,True,0.972972972972973,1.0,0.972972972972973,8.333333333333325
AHMPUL0C13,250321030006,250910220010,2025-03-21T11:23:27,2025-09-11T06:04:49,31.0,31.0,6.0,6.5,19.35483870967742,20.967741935483872,0.009299999999348,0.0146166666682499,9,9,0.1088660355698161,0.0269881428605048,True,1.0,0.9714285714285714,0.9714285714285714,8.333333333333325
AHMPUL0C13,250330230001,250910220010,2025-03-31T07:24:49,2025-09-11T06:04:49,31.0,31.0,7.0,6.5,22.58064516129032,20.967741935483872,0.0,0.0146166666682499,12,9,0.1311771829500728,0.0346922220167653,True,0.9864864864864865,0.9857142857142858,0.9857142857142858,-7.142857142857128
AHMPUL0C13,250520220015,250910220010,2025-05-21T06:40:10,2025-09-11T06:04:49,30.0,31.0,6.0,6.5,20.0,20.967741935483872,0.0,0.0146166666682499,9,9,0.0236829547114214,0.0330490229912015,True,0.9864864864864865,1.0,0.9864864864864865,4.8387096774193505
AHMPUL0C13,250521010002,250910220010,2025-05-21T09:16:36,2025-09-11T06:04:49,31.0,31.0,6.0,6.5,19.35483870967742,20.967741935483872,0.0,0.0146166666682499,7,9,0.1229815888688669,0.0233203944380463,True,1.0,1.0,1.0,8.333333333333325
AHMPUL0C13,250521030005,250910220010,2025-05-21T11:58:11,2025-09-11T06:04:49,31.0,31.0,6.5,6.5,20.967741935483872,20.967741935483872,0.0093333333342646,0.0146166666682499,11,9,0.1087517186967319,0.0247691905058772,True,1.0,0.9857142857142858,0.9857142857142858,0.0
AHMPUL0C13,250521060007,250910220010,2025-05-21T14:29:19,2025-09-11T06:04:49,30.0,31.0,6.5,6.5,21.666666666666668,20.967741935483872,0.0121833333318742,0.0146166666682499,11,9,0.0555222582995102,0.0209633769170153,True,0.9714285714285714,1.0,0.9714285714285714,-3.2258064516129004
AHMPUL0C13,250701010002,250910220010,2025-07-01T09:24:46,2025-09-11T06:04:49,30.0,31.0,6.0,6.5,20.0,20.967741935483872,0.0,0.0146166666682499,10,9,0.0688344110773322,0.0036509484416737,True,1.0,1.0,1.0,4.8387096774193505
AHMPUL0C13,250701040006,250910220010,2025-07-01T12:10:18,2025-09-11T06:04:49,31.0,31.0,7.0,6.5,22.58064516129032,20.967741935483872,0.0399500000018936,0.0146166666682499,8,9,0.6506316736799871,0.022402685050751,True,0.9850746268656716,1.0,0.9850746268656716,-7.142857142857128
AHMPUL0C13,250710210010,250910220010,2025-07-11T05:57:31,2025-09-11T06:04:49,30.0,31.0,6.0,6.5,20.0,20.967741935483872,0.0,0.0146166666682499,10,9,0.0167497001555824,0.0326341344460256,True,1.0,0.9714285714285714,0.9714285714285714,4.8387096774193505
AHMPUL0C13,250711030005,250910220010,2025-07-11T11:11:21,2025-09-11T06:04:49,31.0,31.0,6.5,6.5,20.967741935483872,20.967741935483872,0.0200333333341404,0.0146166666682499,12,9,0.1068438412324215,0.0242404940085185,True,0.9850746268656716,0.9857142857142858,0.9850746268656716,0.0
AHMPUL0C13,250711060008,250910220010,2025-07-11T14:44:08,2025-09-11T06:04:49,36.0,31.0,7.0,6.5,19.444444444444446,20.967741935483872,0.023316666666263,0.0146166666682499,10,9,0.0609827670545219,0.0450606376913499,True,0.8888888888888888,0.9857142857142858,0.8888888888888888,7.834101382488479
AHMPUL0C13,250720210001,250910220010,2025-07-21T05:57:24,2025-09-11T06:04:49,30.0,31.0,6.0,6.5,20.0,20.967741935483872,0.0,0.0146166666682499,11,9,0.0240458131176943,0.0279247144896609,True,1.0,1.0,1.0,4.8387096774193505
AHMPUL0C13,250721010002,250910220010,2025-07-21T09:14:47,2025-09-11T06:04:49,30.0,31.0,6.0,6.5,20.0,20.967741935483872,0.0,0.0146166666682499,9,9,0.0903800737915469,0.0398063148831231,True,0.9863013698630136,1.0,0.9863013698630136,4.8387096774193505
AHMPUL0C13,250721050007,250910220010,2025-07-21T13:08:37,2025-09-11T06:04:49,30.0,31.0,6.0,6.5,20.0,20.967741935483872,0.0,0.0146166666682499,11,9,0.1160354109349977,0.0106053196389101,True,0.9852941176470589,1.0,0.9852941176470589,4.8387096774193505
AHMPUL0C13,250730220015,250910220010,2025-07-31T06:32:13,2025-09-11T06:04:49,30.0,31.0,6.5,6.5,21.666666666666668,20.967741935483872,0.0,0.0146166666682499,8,9,0.1054690811196859,0.0201269698403588,True,0.9696969696969697,0.9714285714285714,0.9696969696969697,-3.2258064516129004
AHMPUL0C13,250731050008,250910220010,2025-07-31T13:16:52,2025-09-11T06:04:49,31.0,31.0,6.0,6.5,19.35483870967742,20.967741935483872,0.0021000000027318,0.0146166666682499,9,9,0.6440308205109835,0.0565161256356398,True,0.9855072463768116,1.0,0.9855072463768116,8.333333333333325
AHMPUL0C13,250901020004,250910220010,2025-09-01T10:30:09,2025-09-11T06:04:49,31.0,31.0,7.5,6.5,24.193548387096776,20.967741935483872,0.0740999999999379,0.0146166666682499,11,9,0.070593547995516,0.0275134022367285,True,0.9863013698630136,1.0,0.9863013698630136,-13.33333333333333
AHMPUL0C13,250111020002,250910230011,2025-01-11T10:07:29,2025-09-11T07:52:22,28.0,28.0,6.5,5.0,23.214285714285715,17.857142857142858,0.0,0.0012333333337058,14,11,0.021115998641306,0.0977373993320374,True,0.9558823529411765,0.9838709677419355,0.9558823529411765,-23.076923076923073
AHMPUL0C13,250120230010,250910230011,2025-01-21T07:34:19,2025-09-11T07:52:22,28.0,28.0,5.5,5.0,19.642857142857142,17.857142857142858,0.0039333333338921,0.0012333333337058,12,11,0.0085898231980276,0.0311428162558764,True,0.9428571428571428,0.9838709677419355,0.9428571428571428,-9.090909090909083
AHMPUL0C13,250311000001,250910230011,2025-03-11T08:20:04,2025-09-11T07:52:22,29.0,28.0,5.5,5.0,18.96551724137931,17.857142857142858,0.0,0.0012333333337058,10,11,0.0211582773227688,0.5695340240112012,True,0.9552238805970149,0.9838709677419355,0.9552238805970149,-5.844155844155841
AHMPUL0C13,250320230014,250910230011,2025-03-21T07:34:21,2025-09-11T07:52:22,28.0,28.0,5.5,5.0,19.642857142857142,17.857142857142858,0.0,0.0012333333337058,11,11,0.0070731555978102,0.0653789557697614,True,0.9696969696969697,0.9838709677419355,0.9696969696969697,-9.090909090909083
AHMPUL0C13,250321040007,250910230011,2025-03-21T12:44:13,2025-09-11T07:52:22,28.0,28.0,6.0,5.0,21.428571428571427,17.857142857142858,0.0,0.0012333333337058,10,11,0.0274080604033094,0.0052750101065779,True,0.9841269841269841,1.0,0.9841269841269841,-16.666666666666664
AHMPUL0C13,250521000001,250910230011,2025-05-21T08:06:46,2025-09-11T07:52:22,28.0,28.0,5.0,5.0,17.857142857142858,17.857142857142858,0.0,0.0012333333337058,10,11,0.0330028357801308,0.0620896039764043,True,0.9841269841269841,1.0,0.9841269841269841,0.0
AHMPUL0C13,250521050006,250910230011,2025-05-21T13:18:08,2025-09-11T07:52:22,28.0,28.0,6.0,5.0,21.428571428571427,17.857142857142858,0.0,0.0012333333337058,11,11,0.0254566549701959,0.019064182466225,True,0.9705882352941176,0.9838709677419355,0.9705882352941176,-16.666666666666664
AHMPUL0C13,250521070008,250910230011,2025-05-21T15:56:20,2025-09-11T07:52:22,29.0,28.0,5.5,5.0,18.96551724137931,17.857142857142858,0.0,0.0012333333337058,11,11,0.021746012454049,0.0591811679452132,True,0.9692307692307692,0.9838709677419355,0.9692307692307692,-5.844155844155841
AHMPUL0C13,250701050007,250910230011,2025-07-01T13:58:49,2025-09-11T07:52:22,28.0,28.0,5.0,5.0,17.857142857142858,17.857142857142858,0.0,0.0012333333337058,11,11,0.0230264289779198,0.0170436617390755,True,0.9848484848484849,1.0,0.9848484848484849,0.0
AHMPUL0C13,250710230012,250910230011,2025-07-11T07:35:54,2025-09-11T07:52:22,29.0,28.0,5.5,5.0,18.96551724137931,17.857142857142858,0.0,0.0012333333337058,8,11,0.0175243903296898,0.1014193435388199,True,1.0,1.0,1.0,-5.844155844155841
AHMPUL0C13,250711050006,250910230011,2025-07-11T13:00:53,2025-09-11T07:52:22,28.0,28.0,5.5,5.0,19.642857142857142,17.857142857142858,0.0,0.0012333333337058,8,11,0.0248099421132367,0.0195407050240296,True,0.9830508474576272,1.0,0.9830508474576272,-9.090909090909083
AHMPUL0C13,250720230003,250910230011,2025-07-21T07:34:50,2025-09-11T07:52:22,29.0,28.0,5.0,5.0,17.24137931034483,17.857142857142858,0.0,0.0012333333337058,7,11,0.0199283714680676,0.0378210338212828,True,1.0,1.0,1.0,3.5714285714285587
AHMPUL0C13,250721060008,250910230011,2025-07-21T14:55:05,2025-09-11T07:52:22,28.0,28.0,5.5,5.0,19.642857142857142,17.857142857142858,0.0042500000020178,0.0012333333337058,10,11,0.011508471561672,0.096477878469157,True,0.9701492537313433,1.0,0.9701492537313433,-9.090909090909083
AHMPUL0C13,250730230016,250910230011,2025-07-31T07:36:50,2025-09-11T07:52:22,28.0,28.0,6.0,5.0,21.428571428571427,17.857142857142858,0.0,0.0012333333337058,9,11,0.0204974955030531,0.0161935973656933,True,0.9846153846153847,0.967741935483871,0.967741935483871,-16.666666666666664
AHMPUL0C13,250731030006,250910230011,2025-07-31T11:41:45,2025-09-11T07:52:22,28.0,28.0,5.0,5.0,17.857142857142858,17.857142857142858,0.0,0.0012333333337058,11,11,0.0092924057000347,0.0507652786381679,True,0.9848484848484849,1.0,0.9848484848484849,0.0
AHMPUL0C13,250731080011,250910230011,2025-07-31T16:08:01,2025-09-11T07:52:22,29.0,28.0,6.0,5.0,20.689655172413797,17.857142857142858,0.0,0.0012333333337058,11,11,0.013097531222824,0.0537217380774359,True,1.0,1.0,1.0,-13.690476190476208
AHMPUL0C13,250901060008,250910230011,2025-09-01T14:31:59,2025-09-11T07:52:22,29.0,28.0,5.0,5.0,17.24137931034483,17.857142857142858,0.0,0.0012333333337058,11,11,0.0047045333821607,0.0455694285797035,True,0.984375,1.0,0.984375,3.5714285714285587
AHMPUL0C13,250111020002,250911030004,2025-01-11T10:07:29,2025-09-11T11:21:38,28.0,28.0,6.5,5.5,23.214285714285715,19.642857142857142,0.0,0.0306999999990997,14,12,0.018597353999233,0.2982628876952906,True,0.9558823529411765,0.958904109589041,0.9558823529411765,-15.384615384615385
AHMPUL0C13,250120230010,250911030004,2025-01-21T07:34:19,2025-09-11T11:21:38,28.0,28.0,5.5,5.5,19.642857142857142,19.642857142857142,0.0039333333338921,0.0306999999990997,12,12,0.0210440279321392,0.2850293168940941,True,0.9857142857142858,0.958904109589041,0.958904109589041,0.0
AHMPUL0C13,250311000001,250911030004,2025-03-11T08:20:04,2025-09-11T11:21:38,29.0,28.0,5.5,5.5,18.96551724137931,19.642857142857142,0.0,0.0306999999990997,10,12,0.0099721901204092,0.8792196750720859,True,0.9850746268656716,0.9452054794520548,0.9452054794520548,3.571428571428581
AHMPUL0C13,250320230014,250911030004,2025-03-21T07:34:21,2025-09-11T11:21:38,28.0,28.0,5.5,5.5,19.642857142857142,19.642857142857142,0.0,0.0306999999990997,11,12,0.0056354736144783,0.327824523520437,True,1.0,0.958904109589041,0.958904109589041,0.0
AHMPUL0C13,250321040007,250911030004,2025-03-21T12:44:13,2025-09-11T11:21:38,28.0,28.0,6.0,5.5,21.428571428571427,19.642857142857142,0.0,0.0306999999990997,10,12,0.0298879839233395,0.3059565355031212,True,0.9841269841269841,0.958904109589041,0.958904109589041,-8.333333333333325
AHMPUL0C13,250521000001,250911030004,2025-05-21T08:06:46,2025-09-11T11:21:38,28.0,28.0,5.0,5.5,17.857142857142858,19.642857142857142,0.0,0.0306999999990997,10,12,0.0402551517042674,0.337563483741418,True,0.9841269841269841,0.958904109589041,0.958904109589041,9.999999999999986
AHMPUL0C13,250521050006,250911030004,2025-05-21T13:18:08,2025-09-11T11:21:38,28.0,28.0,6.0,5.5,21.428571428571427,19.642857142857142,0.0,0.0306999999990997,11,12,0.0241870292506318,0.2914859388002164,True,1.0,0.958904109589041,0.958904109589041,-8.333333333333325
AHMPUL0C13,250521070008,250911030004,2025-05-21T15:56:20,2025-09-11T11:21:38,29.0,28.0,5.5,5.5,18.96551724137931,19.642857142857142,0.0,0.0306999999990997,11,12,0.0192365841774608,0.3308288261498093,True,0.9692307692307692,0.958904109589041,0.958904109589041,3.571428571428581
AHMPUL0C13,250701050007,250911030004,2025-07-01T13:58:49,2025-09-11T11:21:38,28.0,28.0,5.0,5.5,17.857142857142858,19.642857142857142,0.0,0.0306999999990997,11,12,0.0231240632790797,0.293445845412397,True,1.0,0.958904109589041,0.958904109589041,9.999999999999986
AHMPUL0C13,250710230012,250911030004,2025-07-11T07:35:54,2025-09-11T11:21:38,29.0,28.0,5.5,5.5,18.96551724137931,19.642857142857142,0.0,0.0306999999990997,8,12,0.0130416851275349,0.3306538639514416,True,0.96,0.958904109589041,0.958904109589041,3.571428571428581
AHMPUL0C13,250711050006,250911030004,2025-07-11T13:00:53,2025-09-11T11:21:38,28.0,28.0,5.5,5.5,19.642857142857142,19.642857142857142,0.0,0.0306999999990997,8,12,0.0255004747338284,0.290413405141269,True,1.0,0.958904109589041,0.958904109589041,0.0
AHMPUL0C13,250720230003,250911030004,2025-07-21T07:34:50,2025-09-11T11:21:38,29.0,28.0,5.0,5.5,17.24137931034483,19.642857142857142,0.0,0.0306999999990997,7,12,0.0306981519538837,0.3233858403229346,True,0.96875,0.9452054794520548,0.9452054794520548,13.928571428571423
AHMPUL0C13,250721060008,250911030004,2025-07-21T14:55:05,2025-09-11T11:21:38,28.0,28.0,5.5,5.5,19.642857142857142,19.642857142857142,0.0042500000020178,0.0306999999990997,10,12,0.0097995931149596,0.2503432532767501,True,1.0,0.958904109589041,0.958904109589041,0.0
AHMPUL0C13,250730230016,250911030004,2025-07-31T07:36:50,2025-09-11T11:21:38,28.0,28.0,6.0,5.5,21.428571428571427,19.642857142857142,0.0,0.0306999999990997,9,12,0.0243277038189038,0.3035470811437695,True,0.9846153846153847,0.958904109589041,0.958904109589041,-8.333333333333325
AHMPUL0C13,250731030006,250911030004,2025-07-31T11:41:45,2025-09-11T11:21:38,28.0,28.0,5.0,5.5,17.857142857142858,19.642857142857142,0.0,0.0306999999990997,11,12,0.0041436288398394,0.3355348414038196,True,1.0,0.958904109589041,0.958904109589041,9.999999999999986
AHMPUL0C13,250731080011,250911030004,2025-07-31T16:08:01,2025-09-11T11:21:38,29.0,28.0,6.0,5.5,20.689655172413797,19.642857142857142,0.0,0.0306999999990997,11,12,0.0079271820696963,0.3364485045757189,True,0.9850746268656716,0.958904109589041,0.958904109589041,-5.059523809523836
AHMPUL0C13,250901060008,250911030004,2025-09-01T14:31:59,2025-09-11T11:21:38,29.0,28.0,5.0,5.5,17.24137931034483,19.642857142857142,0.0,0.0306999999990997,11,12,0.0154612392795439,0.3186593150104012,True,1.0,0.958904109589041,0.958904109589041,13.928571428571423
AHMPUL0C13,250910230011,250911030004,2025-09-11T07:52:22,2025-09-11T11:21:38,28.0,28.0,5.0,5.5,17.857142857142858,19.642857142857142,0.0012333333337058,0.0306999999990997,11,12,0.0126452048923575,0.309867877057549,True,0.9838709677419355,0.9315068493150684,0.9315068493150684,9.999999999999986
AHMPUL0C13,250111000001,250911040005,2025-01-11T08:37:09,2025-09-11T12:59:28,30.0,31.0,7.0,6.5,23.33333333333333,20.967741935483872,0.0127833333332091,0.0174166666654249,12,10,0.3158411295132987,0.0055771202092728,True,1.0,1.0,1.0,-10.138248847926246
AHMPUL0C13,250120220007,250911040005,2025-01-21T06:04:58,2025-09-11T12:59:28,31.0,31.0,6.0,6.5,19.35483870967742,20.967741935483872,0.0,0.0174166666654249,10,10,0.2990556300196273,0.0182868400121638,True,1.0,1.0,1.0,8.333333333333325
AHMPUL0C13,250121010002,250911040005,2025-01-21T09:11:20,2025-09-11T12:59:28,30.0,31.0,6.5,6.5,21.666666666666668,20.967741935483872,0.0,0.0174166666654249,10,10,0.2748284875085481,0.0126304141853162,True,0.9850746268656716,1.0,0.9850746268656716,-3.2258064516129004
AHMPUL0C13,250310220011,250911040005,2025-03-11T06:30:15,2025-09-11T12:59:28,30.0,31.0,6.5,6.5,21.666666666666668,20.967741935483872,0.0,0.0174166666654249,10,10,0.2996565053208322,0.0200724094521824,True,1.0,0.984375,0.984375,-3.2258064516129004
AHMPUL0C13,250311020004,250911040005,2025-03-11T10:43:44,2025-09-11T12:59:28,30.0,31.0,8.0,6.5,26.666666666666668,20.967741935483872,0.0079833333341715,0.0174166666654249,11,10,0.3047159417558581,0.0063991462441629,True,0.9857142857142858,1.0,0.9857142857142858,-21.370967741935488
AHMPUL0C13,250311060007,250911040005,2025-03-11T14:17:44,2025-09-11T12:59:28,31.0,31.0,7.0,6.5,22.58064516129032,20.967741935483872,0.0,0.0174166666654249,13,10,0.3261624259396933,0.0518760440581336,True,0.9852941176470589,0.96875,0.96875,-7.142857142857128
AHMPUL0C13,250320220012,250911040005,2025-03-21T06:02:37,2025-09-11T12:59:28,31.0,31.0,7.0,6.5,22.58064516129032,20.967741935483872,0.0,0.0174166666654249,10,10,0.2157772369982707,0.0212710902856823,True,1.0,1.0,1.0,-7.142857142857128
AHMPUL0C13,250321000002,250911040005,2025-03-21T08:53:36,2025-09-11T12:59:28,31.0,31.0,6.0,6.5,19.35483870967742,20.967741935483872,0.0,0.0174166666654249,9,10,0.8814980487283983,0.0222047256516157,True,0.9594594594594594,1.0,0.9594594594594594,8.333333333333325
AHMPUL0C13,250321030006,250911040005,2025-03-21T11:23:27,2025-09-11T12:59:28,31.0,31.0,6.0,6.5,19.35483870967742,20.967741935483872,0.009299999999348,0.0174166666654249,9,10,0.3196423650212813,0.0185929767484027,True,1.0,0.984375,0.984375,8.333333333333325
AHMPUL0C13,250330230001,250911040005,2025-03-31T07:24:49,2025-09-11T12:59:28,31.0,31.0,7.0,6.5,22.58064516129032,20.967741935483872,0.0,0.0174166666654249,12,10,0.2930651968003292,0.0371244100561728,True,0.9864864864864865,1.0,0.9864864864864865,-7.142857142857128
AHMPUL0C13,250520220015,250911040005,2025-05-21T06:40:10,2025-09-11T12:59:28,30.0,31.0,6.0,6.5,20.0,20.967741935483872,0.0,0.0174166666654249,9,10,0.2394348590037288,0.032210698144809,True,0.9864864864864865,1.0,0.9864864864864865,4.8387096774193505
AHMPUL0C13,250521010002,250911040005,2025-05-21T09:16:36,2025-09-11T12:59:28,31.0,31.0,6.0,6.5,19.35483870967742,20.967741935483872,0.0,0.0174166666654249,7,10,0.3363464111213758,0.0065208428210227,True,1.0,1.0,1.0,8.333333333333325
AHMPUL0C13,250521030005,250911040005,2025-05-21T11:58:11,2025-09-11T12:59:28,31.0,31.0,6.5,6.5,20.967741935483872,20.967741935483872,0.0093333333342646,0.0174166666654249,11,10,0.3237722355014201,0.0110452322740656,True,1.0,0.984375,0.984375,0.0
AHMPUL0C13,250521060007,250911040005,2025-05-21T14:29:19,2025-09-11T12:59:28,30.0,31.0,6.5,6.5,21.666666666666668,20.967741935483872,0.0121833333318742,0.0174166666654249,11,10,0.2846429491531698,0.0060737771107595,True,0.9714285714285714,1.0,0.9714285714285714,-3.2258064516129004
AHMPUL0C13,250701010002,250911040005,2025-07-01T09:24:46,2025-09-11T12:59:28,30.0,31.0,6.0,6.5,20.0,20.967741935483872,0.0,0.0174166666654249,10,10,0.2977519549291302,0.0210667848339645,True,1.0,1.0,1.0,4.8387096774193505
AHMPUL0C13,250701040006,250911040005,2025-07-01T12:10:18,2025-09-11T12:59:28,31.0,31.0,7.0,6.5,22.58064516129032,20.967741935483872,0.0399500000018936,0.0174166666654249,8,10,0.8797543517906866,0.0110797958706336,True,0.9850746268656716,1.0,0.9850746268656716,-7.142857142857128
AHMPUL0C13,250710210010,250911040005,2025-07-11T05:57:31,2025-09-11T12:59:28,30.0,31.0,6.0,6.5,20.0,20.967741935483872,0.0,0.0174166666654249,10,10,0.2442429459382612,0.0173577742254312,True,1.0,0.984375,0.984375,4.8387096774193505
AHMPUL0C13,250711030005,250911040005,2025-07-11T11:11:21,2025-09-11T12:59:28,31.0,31.0,6.5,6.5,20.967741935483872,20.967741935483872,0.0200333333341404,0.0174166666654249,12,10,0.328719126407845,0.013471688434842,True,0.9850746268656716,0.984375,0.984375,0.0
AHMPUL0C13,250711060008,250911040005,2025-07-11T14:44:08,2025-09-11T12:59:28,36.0,31.0,7.0,6.5,19.444444444444446,20.967741935483872,0.023316666666263,0.0174166666654249,10,10,0.2897712041326556,0.0289869240928173,True,0.8888888888888888,0.984375,0.8888888888888888,7.834101382488479
AHMPUL0C13,250720210001,250911040005,2025-07-21T05:57:24,2025-09-11T12:59:28,30.0,31.0,6.0,6.5,20.0,20.967741935483872,0.0,0.0174166666654249,11,10,0.2070134938284791,0.0113392632213965,True,1.0,1.0,1.0,4.8387096774193505
AHMPUL0C13,250721010002,250911040005,2025-07-21T09:14:47,2025-09-11T12:59:28,30.0,31.0,6.0,6.5,20.0,20.967741935483872,0.0,0.0174166666654249,9,10,0.3201859593401699,0.0413088291002278,True,0.9863013698630136,1.0,0.9863013698630136,4.8387096774193505
AHMPUL0C13,250721050007,250911040005,2025-07-21T13:08:37,2025-09-11T12:59:28,30.0,31.0,6.0,6.5,20.0,20.967741935483872,0.0,0.0174166666654249,11,10,0.3407460780772611,0.0078020820436049,True,0.9852941176470589,1.0,0.9852941176470589,4.8387096774193505
AHMPUL0C13,250730220015,250911040005,2025-07-31T06:32:13,2025-09-11T12:59:28,30.0,31.0,6.5,6.5,21.666666666666668,20.967741935483872,0.0,0.0174166666654249,8,10,0.3264806540834369,0.0154085821272209,True,0.9696969696969697,0.96875,0.96875,-3.2258064516129004
AHMPUL0C13,250731050008,250911040005,2025-07-31T13:16:52,2025-09-11T12:59:28,31.0,31.0,6.0,6.5,19.35483870967742,20.967741935483872,0.0021000000027318,0.0174166666654249,9,10,0.872955703476184,0.0393281268240799,True,0.9855072463768116,1.0,0.9855072463768116,8.333333333333325
AHMPUL0C13,250901020004,250911040005,2025-09-01T10:30:09,2025-09-11T12:59:28,31.0,31.0,7.5,6.5,24.193548387096776,20.967741935483872,0.0740999999999379,0.0174166666654249,11,10,0.2990952529629817,0.0273231511169976,True,0.9863013698630136,1.0,0.9863013698630136,-13.33333333333333
AHMPUL0C13,250910220010,250911040005,2025-09-11T06:04:49,2025-09-11T12:59:28,31.0,31.0,6.5,6.5,20.967741935483872,20.967741935483872,0.0146166666682499,0.0174166666654249,9,10,0.2298310591568043,0.0183798960700856,True,1.0,1.0,1.0,0.0
AHMPUL0C13,250111020002,250911060006,2025-01-11T10:07:29,2025-09-11T14:26:08,28.0,28.0,6.5,5.5,23.214285714285715,19.642857142857142,0.0,0.0,14,10,0.0055771202092728,0.0550297339372514,True,0.9705882352941176,1.0,0.9705882352941176,-15.384615384615385
AHMPUL0C13,250120230010,250911060006,2025-01-21T07:34:19,2025-09-11T14:26:08,28.0,28.0,5.5,5.5,19.642857142857142,19.642857142857142,0.0039333333338921,0.0,12,10,0.0270690221609946,0.0784259464157554,True,0.9571428571428572,1.0,0.9571428571428572,0.0
AHMPUL0C13,250311000001,250911060006,2025-03-11T08:20:04,2025-09-11T14:26:08,29.0,28.0,5.5,5.5,18.96551724137931,19.642857142857142,0.0,0.0,10,10,0.0098170657395196,0.5605243920204287,True,0.9850746268656716,1.0,0.9850746268656716,3.571428571428581
AHMPUL0C13,250320230014,250911060006,2025-03-21T07:34:21,2025-09-11T14:26:08,28.0,28.0,5.5,5.5,19.642857142857142,19.642857142857142,0.0,0.0,11,10,0.0158286466399401,0.0122103300844654,True,0.9848484848484849,1.0,0.9848484848484849,0.0
AHMPUL0C13,250321040007,250911060006,2025-03-21T12:44:13,2025-09-11T14:26:08,28.0,28.0,6.0,5.5,21.428571428571427,19.642857142857142,0.0,0.0,10,10,0.0185929767484027,0.0574079701242462,True,1.0,1.0,1.0,-8.333333333333325
AHMPUL0C13,250521000001,250911060006,2025-05-21T08:06:46,2025-09-11T14:26:08,28.0,28.0,5.0,5.5,17.857142857142858,19.642857142857142,0.0,0.0,10,10,0.032210698144809,0.0145601780756819,True,1.0,1.0,1.0,9.999999999999986
AHMPUL0C13,250521050006,250911060006,2025-05-21T13:18:08,2025-09-11T14:26:08,28.0,28.0,6.0,5.5,21.428571428571427,19.642857142857142,0.0,0.0,11,10,0.0110452322740656,0.0635841835623297,True,0.9852941176470589,1.0,0.9852941176470589,-8.333333333333325
AHMPUL0C13,250521070008,250911060006,2025-05-21T15:56:20,2025-09-11T14:26:08,29.0,28.0,5.5,5.5,18.96551724137931,19.642857142857142,0.0,0.0,11,10,0.0060737771107595,0.0082284245716957,True,0.9692307692307692,0.9838709677419355,0.9692307692307692,3.571428571428581
AHMPUL0C13,250701050007,250911060006,2025-07-01T13:58:49,2025-09-11T14:26:08,28.0,28.0,5.0,5.5,17.857142857142858,19.642857142857142,0.0,0.0,11,10,0.0110797958706336,0.0623316756847794,True,0.9848484848484849,1.0,0.9848484848484849,9.999999999999986
AHMPUL0C13,250710230012,250911060006,2025-07-11T07:35:54,2025-09-11T14:26:08,29.0,28.0,5.5,5.5,18.96551724137931,19.642857142857142,0.0,0.0,8,10,0.0018937191829782,0.0491215847904524,True,0.9866666666666667,1.0,0.9866666666666667,3.571428571428581
AHMPUL0C13,250711050006,250911060006,2025-07-11T13:00:53,2025-09-11T14:26:08,28.0,28.0,5.5,5.5,19.642857142857142,19.642857142857142,0.0,0.0,8,10,0.013471688434842,0.0612610518946232,True,1.0,1.0,1.0,0.0
AHMPUL0C13,250720230003,250911060006,2025-07-21T07:34:50,2025-09-11T14:26:08,29.0,28.0,5.0,5.5,17.24137931034483,19.642857142857142,0.0,0.0,7,10,0.0286915835386315,0.0165028789329659,True,0.984375,1.0,0.984375,13.928571428571423
AHMPUL0C13,250721060008,250911060006,2025-07-21T14:55:05,2025-09-11T14:26:08,28.0,28.0,5.5,5.5,19.642857142857142,19.642857142857142,0.0042500000020178,0.0,10,10,0.0078020820436049,0.0794984265953039,True,0.9850746268656716,1.0,0.9850746268656716,0.0
AHMPUL0C13,250730230016,250911060006,2025-07-31T07:36:50,2025-09-11T14:26:08,28.0,28.0,6.0,5.5,21.428571428571427,19.642857142857142,0.0,0.0,9,10,0.0154085821272209,0.0689736934763037,True,1.0,1.0,1.0,-8.333333333333325
AHMPUL0C13,250731030006,250911060006,2025-07-31T11:41:45,2025-09-11T14:26:08,28.0,28.0,5.0,5.5,17.857142857142858,19.642857142857142,0.0,0.0,11,10,0.0125644412132067,0.0150482594688984,True,1.0,1.0,1.0,9.999999999999986
AHMPUL0C13,250731080011,250911060006,2025-07-31T16:08:01,2025-09-11T14:26:08,29.0,28.0,6.0,5.5,20.689655172413797,19.642857142857142,0.0,0.0,11,10,0.0216984175167892,0.0143909559468102,True,0.9701492537313433,1.0,0.9701492537313433,-5.059523809523836
AHMPUL0C13,250901060008,250911060006,2025-09-01T14:31:59,2025-09-11T14:26:08,29.0,28.0,5.0,5.5,17.24137931034483,19.642857142857142,0.0,0.0,11,10,0.0238643295071724,0.0080119193013539,True,0.96875,1.0,0.96875,13.928571428571423
AHMPUL0C13,250910230011,250911060006,2025-09-11T07:52:22,2025-09-11T14:26:08,28.0,28.0,5.0,5.5,17.857142857142858,19.642857142857142,0.0012333333337058,0.0,11,10,0.0192977450810162,0.0531711391961079,True,0.9838709677419355,0.9838709677419355,0.9838709677419355,9.999999999999986
AHMPUL0C13,250911030004,250911060006,2025-09-11T11:21:38,2025-09-11T14:26:08,28.0,28.0,5.5,5.5,19.642857142857142,19.642857142857142,0.0306999999990997,0.0,12,10,0.013873117747813,0.3233347360054157,True,0.958904109589041,1.0,0.958904109589041,0.0
AHMPUL0C13,250111000001,250929220006,2025-01-11T08:37:09,2025-09-30T06:36:49,30.0,31.0,7.0,7.5,23.33333333333333,24.193548387096776,0.0127833333332091,0.067483333335258,12,12,0.0262173832111742,0.0201845722121937,True,0.9850746268656716,0.9850746268656716,0.9850746268656716,3.6866359447004893
AHMPUL0C13,250120220007,250929220006,2025-01-21T06:04:58,2025-09-30T06:36:49,31.0,31.0,6.0,7.5,19.35483870967742,24.193548387096776,0.0,0.067483333335258,10,12,0.0828117305762609,0.0332705499748614,True,1.0,0.9850746268656716,0.9850746268656716,25.0
AHMPUL0C13,250121010002,250929220006,2025-01-21T09:11:20,2025-09-30T06:36:49,30.0,31.0,6.5,7.5,21.666666666666668,24.193548387096776,0.0,0.067483333335258,10,12,0.0916203735304811,0.0249254266649204,True,1.0,1.0,1.0,11.662531017369737
AHMPUL0C13,250310220011,250929220006,2025-03-11T06:30:15,2025-09-30T06:36:49,30.0,31.0,6.5,7.5,21.666666666666668,24.193548387096776,0.0,0.067483333335258,10,12,0.0747458756665202,0.0337744222721391,True,1.0,0.9701492537313433,0.9701492537313433,11.662531017369737
AHMPUL0C13,250311020004,250929220006,2025-03-11T10:43:44,2025-09-30T06:36:49,30.0,31.0,8.0,7.5,26.666666666666668,24.193548387096776,0.0079833333341715,0.067483333335258,11,12,0.0782608551600391,0.0179928535932453,True,1.0,1.0,1.0,-9.2741935483871
AHMPUL0C13,250311060007,250929220006,2025-03-11T14:17:44,2025-09-30T06:36:49,31.0,31.0,7.0,7.5,22.58064516129032,24.193548387096776,0.0,0.067483333335258,13,12,0.0441897887271173,0.0394563106116482,True,1.0,0.9850746268656716,0.9850746268656716,7.142857142857162
AHMPUL0C13,250320220012,250929220006,2025-03-21T06:02:37,2025-09-30T06:36:49,31.0,31.0,7.0,7.5,22.58064516129032,24.193548387096776,0.0,0.067483333335258,10,12,0.1266758315575951,0.0320095896975699,True,1.0,0.9850746268656716,0.9850746268656716,7.142857142857162
AHMPUL0C13,250321000002,250929220006,2025-03-21T08:53:36,2025-09-30T06:36:49,31.0,31.0,6.0,7.5,19.35483870967742,24.193548387096776,0.0,0.067483333335258,9,12,0.5443892885682001,0.0362398919769109,True,0.9864864864864865,1.0,0.9864864864864865,25.0
AHMPUL0C13,250321030006,250929220006,2025-03-21T11:23:27,2025-09-30T06:36:49,31.0,31.0,6.0,7.5,19.35483870967742,24.193548387096776,0.009299999999348,0.067483333335258,9,12,0.0235675740195921,0.0300612148305867,True,1.0,0.9850746268656716,0.9850746268656716,25.0
AHMPUL0C13,250330230001,250929220006,2025-03-31T07:24:49,2025-09-30T06:36:49,31.0,31.0,7.0,7.5,22.58064516129032,24.193548387096776,0.0,0.067483333335258,12,12,0.0914630186065453,0.0275065805303842,True,0.9864864864864865,0.9850746268656716,0.9850746268656716,7.142857142857162
AHMPUL0C13,250520220015,250929220006,2025-05-21T06:40:10,2025-09-30T06:36:49,30.0,31.0,6.0,7.5,20.0,24.193548387096776,0.0,0.067483333335258,9,12,0.1066271842484186,0.0388348306929793,True,1.0,1.0,1.0,20.967741935483875
AHMPUL0C13,250521010002,250929220006,2025-05-21T09:16:36,2025-09-30T06:36:49,31.0,31.0,6.0,7.5,19.35483870967742,24.193548387096776,0.0,0.067483333335258,7,12,0.0087549851131772,0.0224762484746472,True,0.9848484848484849,0.9850746268656716,0.9848484848484849,25.0
AHMPUL0C13,250521030005,250929220006,2025-05-21T11:58:11,2025-09-30T06:36:49,31.0,31.0,6.5,7.5,20.967741935483872,24.193548387096776,0.0093333333342646,0.067483333335258,11,12,0.0177004376647234,0.0255382209408862,True,1.0,1.0,1.0,15.384615384615397
AHMPUL0C13,250521060007,250929220006,2025-05-21T14:29:19,2025-09-30T06:36:49,30.0,31.0,6.5,7.5,21.666666666666668,24.193548387096776,0.0121833333318742,0.067483333335258,11,12,0.0768211512359702,0.0208498766369194,True,1.0,0.9850746268656716,0.9850746268656716,11.662531017369737
AHMPUL0C13,250701010002,250929220006,2025-07-01T09:24:46,2025-09-30T06:36:49,30.0,31.0,6.0,7.5,20.0,24.193548387096776,0.0,0.067483333335258,10,12,0.0666363884466351,0.0074844756942416,True,1.0,0.9850746268656716,0.9850746268656716,20.967741935483875
AHMPUL0C13,250701040006,250929220006,2025-07-01T12:10:18,2025-09-30T06:36:49,31.0,31.0,7.0,7.5,22.58064516129032,24.193548387096776,0.0399500000018936,0.067483333335258,8,12,0.5431960118415184,0.0239538944270163,True,0.9850746268656716,1.0,0.9850746268656716,7.142857142857162
AHMPUL0C13,250710210010,250929220006,2025-07-11T05:57:31,2025-09-30T06:36:49,30.0,31.0,6.0,7.5,20.0,24.193548387096776,0.0,0.067483333335258,10,12,0.1082008390991099,0.0270176206583011,True,1.0,1.0,1.0,20.967741935483875
AHMPUL0C13,250711030005,250929220006,2025-07-11T11:11:21,2025-09-30T06:36:49,31.0,31.0,6.5,7.5,20.967741935483872,24.193548387096776,0.0200333333341404,0.067483333335258,12,12,0.0219376742534952,0.0261966357038581,True,1.0,1.0,1.0,15.384615384615397
AHMPUL0C13,250711060008,250929220006,2025-07-11T14:44:08,2025-09-30T06:36:49,36.0,31.0,7.0,7.5,19.444444444444446,24.193548387096776,0.023316666666263,0.067483333335258,10,12,0.07148311742902,0.0393640298049294,True,0.9012345679012346,1.0,0.9012345679012346,24.423963133640548
AHMPUL0C13,250720210001,250929220006,2025-07-21T05:57:24,2025-09-30T06:36:49,30.0,31.0,6.0,7.5,20.0,24.193548387096776,0.0,0.067483333335258,11,12,0.1414860810048873,0.0232868487597872,True,1.0,0.9850746268656716,0.9850746268656716,20.967741935483875
AHMPUL0C13,250721010002,250929220006,2025-07-21T09:14:47,2025-09-30T06:36:49,30.0,31.0,6.0,7.5,20.0,24.193548387096776,0.0,0.067483333335258,9,12,0.0670995195425714,0.0463376761860335,True,1.0,1.0,1.0,20.967741935483875
AHMPUL0C13,250721050007,250929220006,2025-07-21T13:08:37,2025-09-30T06:36:49,30.0,31.0,6.0,7.5,20.0,24.193548387096776,0.0,0.067483333335258,11,12,0.0268543136504678,0.010171637416515,True,1.0,0.9850746268656716,0.9850746268656716,20.967741935483875
AHMPUL0C13,250730220015,250929220006,2025-07-31T06:32:13,2025-09-30T06:36:49,30.0,31.0,6.5,7.5,21.666666666666668,24.193548387096776,0.0,0.067483333335258,8,12,0.0215385767870004,0.0238643313582622,True,1.0,1.0,1.0,11.662531017369737
AHMPUL0C13,250731050008,250929220006,2025-07-31T13:16:52,2025-09-30T06:36:49,31.0,31.0,6.0,7.5,19.35483870967742,24.193548387096776,0.0021000000027318,0.067483333335258,9,12,0.535796777693643,0.0513137243042913,True,0.9710144927536232,0.9850746268656716,0.9710144927536232,25.0
AHMPUL0C13,250901020004,250929220006,2025-09-01T10:30:09,2025-09-30T06:36:49,31.0,31.0,7.5,7.5,24.193548387096776,24.193548387096776,0.0740999999999379,0.067483333335258,11,12,0.063614170299463,0.0332617094731497,True,0.9863013698630136,0.9850746268656716,0.9850746268656716,0.0
AHMPUL0C13,250910220010,250929220006,2025-09-11T06:04:49,2025-09-30T06:36:49,31.0,31.0,6.5,7.5,20.967741935483872,24.193548387096776,0.0146166666682499,0.067483333335258,9,12,0.1249454609853793,0.0078055233425467,True,1.0,0.9850746268656716,0.9850746268656716,15.384615384615397
AHMPUL0C13,250911040005,250929220006,2025-09-11T12:59:28,2025-09-30T06:36:49,31.0,31.0,6.5,7.5,20.967741935483872,24.193548387096776,0.0174166666654249,0.067483333335258,10,12,0.3414716022215492,0.0162936843818065,True,1.0,0.9850746268656716,0.9850746268656716,15.384615384615397
AHMPUL0C13,250111020002,250930010002,2025-01-11T10:07:29,2025-09-30T09:35:02,28.0,28.0,6.5,6.0,23.214285714285715,21.428571428571427,0.0,0.0543999999994412,14,13,0.0246112693553283,0.0753497319509113,True,1.0,0.9859154929577465,0.9859154929577465,-7.692307692307699
AHMPUL0C13,250120230010,250930010002,2025-01-21T07:34:19,2025-09-30T09:35:02,28.0,28.0,5.5,6.0,19.642857142857142,21.428571428571427,0.0039333333338921,0.0543999999994412,12,13,0.0363330042963779,0.0515504535190268,True,0.9857142857142858,0.971830985915493,0.971830985915493,9.090909090909083
AHMPUL0C13,250311000001,250930010002,2025-03-11T08:20:04,2025-09-30T09:35:02,29.0,28.0,5.5,6.0,18.96551724137931,21.428571428571427,0.0,0.0543999999994412,10,13,0.0094716396230914,0.5658136889567967,True,0.9850746268656716,0.971830985915493,0.971830985915493,12.987012987012992
AHMPUL0C13,250320230014,250930010002,2025-03-21T07:34:21,2025-09-30T09:35:02,28.0,28.0,5.5,6.0,19.642857142857142,21.428571428571427,0.0,0.0543999999994412,11,13,0.020926194290513,0.0403512340398497,True,1.0,0.971830985915493,0.971830985915493,9.090909090909083
AHMPUL0C13,250321040007,250930010002,2025-03-21T12:44:13,2025-09-30T09:35:02,28.0,28.0,6.0,6.0,21.428571428571427,21.428571428571427,0.0,0.0543999999994412,10,13,0.0377167077128519,0.0292728035197927,True,1.0,1.0,1.0,0.0
AHMPUL0C13,250521000001,250930010002,2025-05-21T08:06:46,2025-09-30T09:35:02,28.0,28.0,5.0,6.0,17.857142857142858,21.428571428571427,0.0,0.0543999999994412,10,13,0.0511218096394854,0.0382608025470266,True,1.0,1.0,1.0,19.999999999999996
AHMPUL0C13,250521050006,250930010002,2025-05-21T13:18:08,2025-09-30T09:35:02,28.0,28.0,6.0,6.0,21.428571428571427,21.428571428571427,0.0,0.0543999999994412,11,13,0.0295947078339805,0.0368004052629462,True,1.0,0.971830985915493,0.971830985915493,0.0
AHMPUL0C13,250521070008,250930010002,2025-05-21T15:56:20,2025-09-30T09:35:02,29.0,28.0,5.5,6.0,18.96551724137931,21.428571428571427,0.0,0.0543999999994412,11,13,0.0249970908749954,0.0345625915953181,True,0.9846153846153847,0.9577464788732394,0.9577464788732394,12.987012987012992
AHMPUL0C13,250701050007,250930010002,2025-07-01T13:58:49,2025-09-30T09:35:02,28.0,28.0,5.0,6.0,17.857142857142858,21.428571428571427,0.0,0.0543999999994412,11,13,0.0301858915811623,0.0352936680363771,True,1.0,0.971830985915493,0.971830985915493,19.999999999999996
AHMPUL0C13,250710230012,250930010002,2025-07-11T07:35:54,2025-09-30T09:35:02,29.0,28.0,5.5,6.0,18.96551724137931,21.428571428571427,0.0,0.0543999999994412,8,13,0.0199739145125166,0.0764470879147025,True,1.0,1.0,1.0,12.987012987012992
AHMPUL0C13,250711050006,250930010002,2025-07-11T13:00:53,2025-09-30T09:35:02,28.0,28.0,5.5,6.0,19.642857142857142,21.428571428571427,0.0,0.0543999999994412,8,13,0.0325249937620183,0.0349823145070443,True,1.0,0.9859154929577465,0.9859154929577465,9.090909090909083
AHMPUL0C13,250720230003,250930010002,2025-07-21T07:34:50,2025-09-30T09:35:02,29.0,28.0,5.0,6.0,17.24137931034483,21.428571428571427,0.0,0.0543999999994412,7,13,0.0446540528648256,0.0139053909591833,True,1.0,0.9577464788732394,0.9577464788732394,24.285714285714267
AHMPUL0C13,250721060008,250930010002,2025-07-21T14:55:05,2025-09-30T09:35:02,28.0,28.0,5.5,6.0,19.642857142857142,21.428571428571427,0.0042500000020178,0.0543999999994412,10,13,0.0213884155818256,0.0837535121510285,True,1.0,0.9859154929577465,0.9859154929577465,9.090909090909083
AHMPUL0C13,250730230016,250930010002,2025-07-31T07:36:50,2025-09-30T09:35:02,28.0,28.0,6.0,6.0,21.428571428571427,21.428571428571427,0.0,0.0543999999994412,9,13,0.0342646174661576,0.0408387614274068,True,1.0,0.971830985915493,0.971830985915493,0.0
AHMPUL0C13,250731030006,250930010002,2025-07-31T11:41:45,2025-09-30T09:35:02,28.0,28.0,5.0,6.0,17.857142857142858,21.428571428571427,0.0,0.0543999999994412,11,13,0.0188464223977957,0.0282738198485632,True,1.0,0.971830985915493,0.971830985915493,19.999999999999996
AHMPUL0C13,250731080011,250930010002,2025-07-31T16:08:01,2025-09-30T09:35:02,29.0,28.0,6.0,6.0,20.689655172413797,21.428571428571427,0.0,0.0543999999994412,11,13,0.0194318786153204,0.0308797462000576,True,1.0,0.9859154929577465,0.9859154929577465,3.5714285714285365
AHMPUL0C13,250901060008,250930010002,2025-09-01T14:31:59,2025-09-30T09:35:02,29.0,28.0,5.0,6.0,17.24137931034483,21.428571428571427,0.0,0.0543999999994412,11,13,0.0306174756641824,0.0204918550459568,True,1.0,0.971830985915493,0.971830985915493,24.285714285714267
AHMPUL0C13,250910230011,250930010002,2025-09-11T07:52:22,2025-09-30T09:35:02,28.0,28.0,5.0,6.0,17.857142857142858,21.428571428571427,0.0012333333337058,0.0543999999994412,11,13,0.0279145499902678,0.0250784654039047,True,1.0,0.9859154929577465,0.9859154929577465,19.999999999999996
AHMPUL0C13,250911030004,250930010002,2025-09-11T11:21:38,2025-09-30T09:35:02,28.0,28.0,5.5,6.0,19.642857142857142,21.428571428571427,0.0306999999990997,0.0543999999994412,12,13,0.0152925820976075,0.3140579433595266,True,0.958904109589041,0.971830985915493,0.958904109589041,9.090909090909083
AHMPUL0C13,250911060006,250930010002,2025-09-11T14:26:08,2025-09-30T09:35:02,28.0,28.0,5.5,6.0,19.642857142857142,21.428571428571427,0.0,0.0543999999994412,10,13,0.0191702658669391,0.0281423264987883,True,1.0,0.971830985915493,0.971830985915493,9.090909090909083
AHMPUL0C13,250111000001,250930030003,2025-01-11T08:37:09,2025-09-30T11:45:29,30.0,31.0,7.0,6.5,23.33333333333333,20.967741935483872,0.0127833333332091,0.0276666666691501,12,13,0.0176868248179234,0.0113149241280201,True,0.9701492537313433,0.9714285714285714,0.9701492537313433,-10.138248847926246
AHMPUL0C13,250120220007,250930030003,2025-01-21T06:04:58,2025-09-30T11:45:29,31.0,31.0,6.0,6.5,19.35483870967742,20.967741935483872,0.0,0.0276666666691501,10,13,0.0910656780486024,0.0080674449774108,True,0.984375,1.0,0.984375,8.333333333333325
AHMPUL0C13,250121010002,250930030003,2025-01-21T09:11:20,2025-09-30T11:45:29,30.0,31.0,6.5,6.5,21.666666666666668,20.967741935483872,0.0,0.0276666666691501,10,13,0.0545465733667921,0.0147587637851122,True,1.0,1.0,1.0,-3.2258064516129004
AHMPUL0C13,250310220011,250930030003,2025-03-11T06:30:15,2025-09-30T11:45:29,30.0,31.0,6.5,6.5,21.666666666666668,20.967741935483872,0.0,0.0276666666691501,10,13,0.0823629712181855,0.0160688858216625,True,1.0,1.0,1.0,-3.2258064516129004
AHMPUL0C13,250311020004,250930030003,2025-03-11T10:43:44,2025-09-30T11:45:29,30.0,31.0,8.0,6.5,26.666666666666668,20.967741935483872,0.0079833333341715,0.0276666666691501,11,13,0.0446651106218444,0.0147881924563622,True,0.9857142857142858,0.9857142857142858,0.9857142857142858,-21.370967741935488
AHMPUL0C13,250311060007,250930030003,2025-03-11T14:17:44,2025-09-30T11:45:29,31.0,31.0,7.0,6.5,22.58064516129032,20.967741935483872,0.0,0.0276666666691501,13,13,0.0212598052663815,0.0618293607452156,True,1.0,0.9857142857142858,0.9857142857142858,-7.142857142857128
AHMPUL0C13,250320220012,250930030003,2025-03-21T06:02:37,2025-09-30T11:45:29,31.0,31.0,7.0,6.5,22.58064516129032,20.967741935483872,0.0,0.0276666666691501,10,13,0.0971906715408079,0.0173063069900528,True,0.9859154929577465,0.9857142857142858,0.9857142857142858,-7.142857142857128
AHMPUL0C13,250321000002,250930030003,2025-03-21T08:53:36,2025-09-30T11:45:29,31.0,31.0,6.0,6.5,19.35483870967742,20.967741935483872,0.0,0.0276666666691501,9,13,0.5692862546075119,0.0169054403230143,True,0.9864864864864865,0.9857142857142858,0.9857142857142858,8.333333333333325
AHMPUL0C13,250321030006,250930030003,2025-03-21T11:23:27,2025-09-30T11:45:29,31.0,31.0,6.0,6.5,19.35483870967742,20.967741935483872,0.009299999999348,0.0276666666691501,9,13,0.032067664202268,0.0187279887730924,True,1.0,0.9714285714285714,0.9714285714285714,8.333333333333325
AHMPUL0C13,250330230001,250930030003,2025-03-31T07:24:49,2025-09-30T11:45:29,31.0,31.0,7.0,6.5,22.58064516129032,20.967741935483872,0.0,0.0276666666691501,12,13,0.0979832647200305,0.0461243026377539,True,0.9864864864864865,0.9428571428571428,0.9428571428571428,-7.142857142857128
AHMPUL0C13,250520220015,250930030003,2025-05-21T06:40:10,2025-09-30T11:45:29,30.0,31.0,6.0,6.5,20.0,20.967741935483872,0.0,0.0276666666691501,9,13,0.074120230125724,0.0342649989273821,True,0.9864864864864865,0.9857142857142858,0.9857142857142858,4.8387096774193505
AHMPUL0C13,250521010002,250930030003,2025-05-21T09:16:36,2025-09-30T11:45:29,31.0,31.0,6.0,6.5,19.35483870967742,20.967741935483872,0.0,0.0276666666691501,7,13,0.0382608025470266,0.008004161640624,True,0.9848484848484849,0.9571428571428572,0.9571428571428572,8.333333333333325
AHMPUL0C13,250521030005,250930030003,2025-05-21T11:58:11,2025-09-30T11:45:29,31.0,31.0,6.5,6.5,20.967741935483872,20.967741935483872,0.0093333333342646,0.0276666666691501,11,13,0.0256112979493978,0.0105852964284702,True,1.0,1.0,1.0,0.0
AHMPUL0C13,250521060007,250930030003,2025-05-21T14:29:19,2025-09-30T11:45:29,30.0,31.0,6.5,6.5,21.666666666666668,20.967741935483872,0.0121833333318742,0.0276666666691501,11,13,0.0397473619759795,0.0108394242072897,True,1.0,0.9857142857142858,0.9857142857142858,-3.2258064516129004
AHMPUL0C13,250701010002,250930030003,2025-07-01T09:24:46,2025-09-30T11:45:29,30.0,31.0,6.0,6.5,20.0,20.967741935483872,0.0,0.0276666666691501,10,13,0.0301918983358191,0.0338104840258618,True,0.9861111111111112,0.9857142857142858,0.9857142857142858,4.8387096774193505
AHMPUL0C13,250701040006,250930030003,2025-07-01T12:10:18,2025-09-30T11:45:29,31.0,31.0,7.0,6.5,22.58064516129032,20.967741935483872,0.0399500000018936,0.0276666666691501,8,13,0.5677543601627039,0.0135185415894772,True,0.9850746268656716,0.9857142857142858,0.9850746268656716,-7.142857142857128
AHMPUL0C13,250710210010,250930030003,2025-07-11T05:57:31,2025-09-30T11:45:29,30.0,31.0,6.0,6.5,20.0,20.967741935483872,0.0,0.0276666666691501,10,13,0.0732391086066662,0.0164340297667078,True,1.0,0.9714285714285714,0.9714285714285714,4.8387096774193505
AHMPUL0C13,250711030005,250930030003,2025-07-11T11:11:21,2025-09-30T11:45:29,31.0,31.0,6.5,6.5,20.967741935483872,20.967741935483872,0.0200333333341404,0.0276666666691501,12,13,0.0169545463565082,0.0143923021352703,True,1.0,0.9857142857142858,0.9857142857142858,0.0
AHMPUL0C13,250711060008,250930030003,2025-07-11T14:44:08,2025-09-30T11:45:29,36.0,31.0,7.0,6.5,19.444444444444446,20.967741935483872,0.023316666666263,0.0276666666691501,10,13,0.0344471707816733,0.0235295976361594,True,0.9012345679012346,1.0,0.9012345679012346,7.834101382488479
AHMPUL0C13,250720210001,250930030003,2025-07-21T05:57:24,2025-09-30T11:45:29,30.0,31.0,6.0,6.5,20.0,20.967741935483872,0.0,0.0276666666691501,11,13,0.1085249593974159,0.011614573658705,True,0.9850746268656716,0.9714285714285714,0.9714285714285714,4.8387096774193505
AHMPUL0C13,250721010002,250930030003,2025-07-21T09:14:47,2025-09-30T11:45:29,30.0,31.0,6.0,6.5,20.0,20.967741935483872,0.0,0.0276666666691501,9,13,0.0387968298558656,0.043647680661537,True,1.0,1.0,1.0,4.8387096774193505
AHMPUL0C13,250721050007,250930030003,2025-07-21T13:08:37,2025-09-30T11:45:29,30.0,31.0,6.0,6.5,20.0,20.967741935483872,0.0,0.0276666666691501,11,13,0.0279283502182259,0.0203567898234852,True,0.9852941176470589,0.9857142857142858,0.9852941176470589,4.8387096774193505
AHMPUL0C13,250730220015,250930030003,2025-07-31T06:32:13,2025-09-30T11:45:29,30.0,31.0,6.5,6.5,21.666666666666668,20.967741935483872,0.0,0.0276666666691501,8,13,0.0159169965471534,0.0203428729834171,True,1.0,0.9714285714285714,0.9714285714285714,-3.2258064516129004
AHMPUL0C13,250731050008,250930030003,2025-07-31T13:16:52,2025-09-30T11:45:29,31.0,31.0,6.0,6.5,19.35483870967742,20.967741935483872,0.0021000000027318,0.0276666666691501,9,13,0.5607191693676912,0.0307868850551253,True,0.9710144927536232,0.9571428571428572,0.9571428571428572,8.333333333333325
AHMPUL0C13,250901020004,250930030003,2025-09-01T10:30:09,2025-09-30T11:45:29,31.0,31.0,7.5,6.5,24.193548387096776,20.967741935483872,0.0740999999999379,0.0276666666691501,11,13,0.0271155061435485,0.0308363501210031,True,0.9726027397260274,0.9714285714285714,0.9714285714285714,-13.33333333333333
AHMPUL0C13,250910220010,250930030003,2025-09-11T06:04:49,2025-09-30T11:45:29,31.0,31.0,6.5,6.5,20.967741935483872,20.967741935483872,0.0146166666682499,0.0276666666691501,9,13,0.0899030162264425,0.030926764911023,True,0.9857142857142858,1.0,0.9857142857142858,0.0
AHMPUL0C13,250911040005,250930030003,2025-09-11T12:59:28,2025-09-30T11:45:29,31.0,31.0,6.5,6.5,20.967741935483872,20.967741935483872,0.0174166666654249,0.0276666666691501,10,13,0.3128969193766634,0.0128330940117455,True,0.984375,1.0,0.984375,0.0
AHMPUL0C13,250929220006,250930030003,2025-09-30T06:36:49,2025-09-30T11:45:29,31.0,31.0,7.5,6.5,24.193548387096776,20.967741935483872,0.067483333335258,0.0276666666691501,12,13,0.0370742119617912,0.029031859380436,True,1.0,0.9857142857142858,0.9857142857142858,-13.33333333333333
AHMPUL0C13,250111020002,250930050004,2025-01-11T10:07:29,2025-09-30T13:36:37,28.0,28.0,6.5,5.0,23.214285714285715,17.857142857142858,0.0,0.0,14,10,0.0110747023018696,0.0542454879747284,True,0.9705882352941176,1.0,0.9705882352941176,-23.076923076923073
AHMPUL0C13,250120230010,250930050004,2025-01-21T07:34:19,2025-09-30T13:36:37,28.0,28.0,5.5,5.0,19.642857142857142,17.857142857142858,0.0039333333338921,0.0,12,10,0.038733784503867,0.0864666375378808,True,0.9714285714285714,1.0,0.9714285714285714,-9.090909090909083
AHMPUL0C13,250311000001,250930050004,2025-03-11T08:20:04,2025-09-30T13:36:37,29.0,28.0,5.5,5.0,18.96551724137931,17.857142857142858,0.0,0.0,10,10,0.0183187185048846,0.5556616207295014,True,0.9701492537313433,1.0,0.9701492537313433,-5.844155844155841
AHMPUL0C13,250320230014,250930050004,2025-03-21T07:34:21,2025-09-30T13:36:37,28.0,28.0,5.5,5.0,19.642857142857142,17.857142857142858,0.0,0.0,11,10,0.0283282238704959,0.0062896891701458,True,0.9848484848484849,1.0,0.9848484848484849,-9.090909090909083
AHMPUL0C13,250321040007,250930050004,2025-03-21T12:44:13,2025-09-30T13:36:37,28.0,28.0,6.0,5.0,21.428571428571427,17.857142857142858,0.0,0.0,10,10,0.0187131280550322,0.06490331331675,True,0.9841269841269841,1.0,0.9841269841269841,-16.666666666666664
AHMPUL0C13,250521000001,250930050004,2025-05-21T08:06:46,2025-09-30T13:36:37,28.0,28.0,5.0,5.0,17.857142857142858,17.857142857142858,0.0,0.0,10,10,0.0342525471704876,0.0083413709248538,True,0.9682539682539683,1.0,0.9682539682539683,0.0
AHMPUL0C13,250521050006,250930050004,2025-05-21T13:18:08,2025-09-30T13:36:37,28.0,28.0,6.0,5.0,21.428571428571427,17.857142857142858,0.0,0.0,11,10,0.0104920242383564,0.0716161715091527,True,0.9852941176470589,1.0,0.9852941176470589,-16.666666666666664
AHMPUL0C13,250521070008,250930050004,2025-05-21T15:56:20,2025-09-30T13:36:37,29.0,28.0,5.5,5.0,18.96551724137931,17.857142857142858,0.0,0.0,11,10,0.010609418241336,0.0023768181328535,True,0.9846153846153847,0.9841269841269841,0.9841269841269841,-5.844155844155841
AHMPUL0C13,250701050007,250930050004,2025-07-01T13:58:49,2025-09-30T13:36:37,28.0,28.0,5.0,5.0,17.857142857142858,17.857142857142858,0.0,0.0,11,10,0.0133931141307544,0.0703184822483459,True,1.0,0.9841269841269841,0.9841269841269841,0.0
AHMPUL0C13,250710230012,250930050004,2025-07-11T07:35:54,2025-09-30T13:36:37,29.0,28.0,5.5,5.0,18.96551724137931,17.857142857142858,0.0,0.0,8,10,0.014092207052814,0.0436212536709797,True,0.9866666666666667,1.0,0.9866666666666667,-5.844155844155841
AHMPUL0C13,250711050006,250930050004,2025-07-11T13:00:53,2025-09-30T13:36:37,28.0,28.0,5.5,5.0,19.642857142857142,17.857142857142858,0.0,0.0,8,10,0.014318661217063,0.0693532243665082,True,1.0,0.9841269841269841,0.9841269841269841,-9.090909090909083
AHMPUL0C13,250720230003,250930050004,2025-07-21T07:34:50,2025-09-30T13:36:37,29.0,28.0,5.0,5.0,17.24137931034483,17.857142857142858,0.0,0.0,7,10,0.0365472535310858,0.0228945605919395,True,0.984375,0.9682539682539683,0.9682539682539683,3.5714285714285587
AHMPUL0C13,250721060008,250930050004,2025-07-21T14:55:05,2025-09-30T13:36:37,28.0,28.0,5.5,5.0,19.642857142857142,17.857142857142858,0.0042500000020178,0.0,10,10,0.0200548077678872,0.083723674714226,True,0.9850746268656716,1.0,0.9850746268656716,-9.090909090909083
AHMPUL0C13,250730230016,250930050004,2025-07-31T07:36:50,2025-09-30T13:36:37,28.0,28.0,6.0,5.0,21.428571428571427,17.857142857142858,0.0,0.0,9,10,0.0202139152445279,0.0764586540731088,True,1.0,0.9841269841269841,0.9841269841269841,-16.666666666666664
AHMPUL0C13,250731030006,250930050004,2025-07-31T11:41:45,2025-09-30T13:36:37,28.0,28.0,5.0,5.0,17.857142857142858,17.857142857142858,0.0,0.0,11,10,0.0250292039194242,0.0155664972320904,True,0.9848484848484849,0.9841269841269841,0.9841269841269841,0.0
AHMPUL0C13,250731080011,250930050004,2025-07-31T16:08:01,2025-09-30T13:36:37,29.0,28.0,6.0,5.0,20.689655172413797,17.857142857142858,0.0,0.0,11,10,0.0337205226016926,0.0133795364609277,True,0.9850746268656716,1.0,0.9850746268656716,-13.690476190476208
AHMPUL0C13,250901060008,250930050004,2025-09-01T14:31:59,2025-09-30T13:36:37,29.0,28.0,5.0,5.0,17.24137931034483,17.857142857142858,0.0,0.0,11,10,0.0361550385356143,0.0161545002680636,True,1.0,0.9841269841269841,0.9841269841269841,3.5714285714285587
AHMPUL0C13,250910230011,250930050004,2025-09-11T07:52:22,2025-09-30T13:36:37,28.0,28.0,5.0,5.0,17.857142857142858,17.857142857142858,0.0012333333337058,0.0,11,10,0.0315014237375957,0.0604817722288959,True,0.9838709677419355,0.9841269841269841,0.9838709677419355,0.0
AHMPUL0C13,250911030004,250930050004,2025-09-11T11:21:38,2025-09-30T13:36:37,28.0,28.0,5.5,5.0,19.642857142857142,17.857142857142858,0.0306999999990997,0.0,12,10,0.0257933429302583,0.3295697506132753,True,0.9452054794520548,0.9841269841269841,0.9452054794520548,-9.090909090909083
AHMPUL0C13,250911060006,250930050004,2025-09-11T14:26:08,2025-09-30T13:36:37,28.0,28.0,5.5,5.0,19.642857142857142,17.857142857142858,0.0,0.0,10,10,0.0125155557069515,0.0082381113078826,True,1.0,0.9841269841269841,0.9841269841269841,-9.090909090909083
AHMPUL0C13,250930010002,250930050004,2025-09-30T09:35:02,2025-09-30T13:36:37,28.0,28.0,6.0,5.0,21.428571428571427,17.857142857142858,0.0543999999994412,0.0,13,10,0.0252048525850018,0.0356742651467565,True,0.971830985915493,1.0,0.971830985915493,-16.666666666666664
AHMPUL0C13,250111000001,251031220008,2025-01-11T08:37:09,2025-11-01T06:33:33,30.0,31.0,7.0,6.0,23.33333333333333,19.35483870967742,0.0127833333332091,0.0,12,11,0.086673959831792,0.0241205534405946,True,0.9850746268656716,1.0,0.9850746268656716,-17.050691244239612
AHMPUL0C13,250120220007,251031220008,2025-01-21T06:04:58,2025-11-01T06:33:33,31.0,31.0,6.0,6.0,19.35483870967742,19.35483870967742,0.0,0.0,10,11,0.1004647497485641,0.0426160422432789,True,0.984375,0.9863013698630136,0.984375,0.0
AHMPUL0C13,250121010002,251031220008,2025-01-21T09:11:20,2025-11-01T06:33:33,30.0,31.0,6.5,6.0,21.666666666666668,19.35483870967742,0.0,0.0,10,11,0.0587238905066844,0.0225516090166118,True,1.0,1.0,1.0,-10.66997518610422
AHMPUL0C13,250310220011,251031220008,2025-03-11T06:30:15,2025-11-01T06:33:33,30.0,31.0,6.5,6.0,21.666666666666668,19.35483870967742,0.0,0.0,10,11,0.0956225762536569,0.0296651302316749,True,1.0,0.9863013698630136,0.9863013698630136,-10.66997518610422
AHMPUL0C13,250311020004,251031220008,2025-03-11T10:43:44,2025-11-01T06:33:33,30.0,31.0,8.0,6.0,26.666666666666668,19.35483870967742,0.0079833333341715,0.0,11,11,0.0859204123353989,0.0206890011270333,True,0.9714285714285714,1.0,0.9714285714285714,-27.419354838709676
AHMPUL0C13,250311060007,251031220008,2025-03-11T14:17:44,2025-11-01T06:33:33,31.0,31.0,7.0,6.0,22.58064516129032,19.35483870967742,0.0,0.0,13,11,0.0981900162200759,0.0574320522555165,True,0.9852941176470589,1.0,0.9852941176470589,-14.28571428571428
AHMPUL0C13,250320220012,251031220008,2025-03-21T06:02:37,2025-11-01T06:33:33,31.0,31.0,7.0,6.0,22.58064516129032,19.35483870967742,0.0,0.0,10,11,0.0140297429387369,0.0463676729422792,True,0.9859154929577465,0.9863013698630136,0.9859154929577465,-14.28571428571428
AHMPUL0C13,250321000002,251031220008,2025-03-21T08:53:36,2025-11-01T06:33:33,31.0,31.0,6.0,6.0,19.35483870967742,19.35483870967742,0.0,0.0,9,11,0.6524623695566465,0.0320563996908195,True,0.9864864864864865,1.0,0.9864864864864865,0.0
AHMPUL0C13,250321030006,251031220008,2025-03-21T11:23:27,2025-11-01T06:33:33,31.0,31.0,6.0,6.0,19.35483870967742,19.35483870967742,0.009299999999348,0.0,9,11,0.0925767995039464,0.0237662333208956,True,1.0,0.9863013698630136,0.9863013698630136,0.0
AHMPUL0C13,250330230001,251031220008,2025-03-31T07:24:49,2025-11-01T06:33:33,31.0,31.0,7.0,6.0,22.58064516129032,19.35483870967742,0.0,0.0,12,11,0.1003748387374613,0.0477331336968681,True,1.0,1.0,1.0,-14.28571428571428
AHMPUL0C13,250520220015,251031220008,2025-05-21T06:40:10,2025-11-01T06:33:33,30.0,31.0,6.0,6.0,20.0,19.35483870967742,0.0,0.0,9,11,0.0156949385322662,0.0233463261712549,True,0.9864864864864865,1.0,0.9864864864864865,-3.2258064516129004
AHMPUL0C13,250521010002,251031220008,2025-05-21T09:16:36,2025-11-01T06:33:33,31.0,31.0,6.0,6.0,19.35483870967742,19.35483870967742,0.0,0.0,7,11,0.108647285694138,0.0274195950498252,True,1.0,0.9863013698630136,0.9863013698630136,0.0
AHMPUL0C13,250521030005,251031220008,2025-05-21T11:58:11,2025-11-01T06:33:33,31.0,31.0,6.5,6.0,20.967741935483872,19.35483870967742,0.0093333333342646,0.0,11,11,0.0952122082968756,0.026103960343586,True,0.9863013698630136,1.0,0.9863013698630136,-7.692307692307699
AHMPUL0C13,250521060007,251031220008,2025-05-21T14:29:19,2025-11-01T06:33:33,30.0,31.0,6.5,6.0,21.666666666666668,19.35483870967742,0.0121833333318742,0.0,11,11,0.0616948151168776,0.0245473655955126,True,0.9714285714285714,0.9863013698630136,0.9714285714285714,-10.66997518610422
AHMPUL0C13,250701010002,251031220008,2025-07-01T09:24:46,2025-11-01T06:33:33,30.0,31.0,6.0,6.0,20.0,19.35483870967742,0.0,0.0,10,11,0.0730399774738929,0.0153413758621665,True,0.9861111111111112,0.9863013698630136,0.9861111111111112,-3.2258064516129004
AHMPUL0C13,250701040006,251031220008,2025-07-01T12:10:18,2025-11-01T06:33:33,31.0,31.0,7.0,6.0,22.58064516129032,19.35483870967742,0.0399500000018936,0.0,8,11,0.6508941939174111,0.0229904474395505,True,0.9701492537313433,1.0,0.9701492537313433,-14.28571428571428
AHMPUL0C13,250710210010,251031220008,2025-07-11T05:57:31,2025-11-01T06:33:33,30.0,31.0,6.0,6.0,20.0,19.35483870967742,0.0,0.0,10,11,0.0295995266267592,0.0420761518831978,True,1.0,1.0,1.0,-3.2258064516129004
AHMPUL0C13,250711030005,251031220008,2025-07-11T11:11:21,2025-11-01T06:33:33,31.0,31.0,6.5,6.0,20.967741935483872,19.35483870967742,0.0200333333341404,0.0,12,11,0.0989251074589453,0.0236749908635202,True,1.0,1.0,1.0,-7.692307692307699
AHMPUL0C13,250711060008,251031220008,2025-07-11T14:44:08,2025-11-01T06:33:33,36.0,31.0,7.0,6.0,19.444444444444446,19.35483870967742,0.023316666666263,0.0,10,11,0.0654523839350372,0.054117218612517,True,0.9012345679012346,1.0,0.9012345679012346,-0.4608294930875667
AHMPUL0C13,250720210001,251031220008,2025-07-21T05:57:24,2025-11-01T06:33:33,30.0,31.0,6.0,6.0,20.0,19.35483870967742,0.0,0.0,11,11,0.0331310096897526,0.0364157616449535,True,0.9850746268656716,1.0,0.9850746268656716,-3.2258064516129004
AHMPUL0C13,250721010002,251031220008,2025-07-21T09:14:47,2025-11-01T06:33:33,30.0,31.0,6.0,6.0,20.0,19.35483870967742,0.0,0.0,9,11,0.0977472178353235,0.0282712739274489,True,0.958904109589041,1.0,0.958904109589041,-3.2258064516129004
AHMPUL0C13,250721050007,251031220008,2025-07-21T13:08:37,2025-11-01T06:33:33,30.0,31.0,6.0,6.0,20.0,19.35483870967742,0.0,0.0,11,11,0.1111406108764556,0.018570494359501,True,0.9852941176470589,1.0,0.9852941176470589,-3.2258064516129004
AHMPUL0C13,250730220015,251031220008,2025-07-31T06:32:13,2025-11-01T06:33:33,30.0,31.0,6.5,6.0,21.666666666666668,19.35483870967742,0.0,0.0,8,11,0.0967173206502143,0.017297725553685,True,0.9848484848484849,0.9863013698630136,0.9848484848484849,-10.66997518610422
AHMPUL0C13,250731050008,251031220008,2025-07-31T13:16:52,2025-11-01T06:33:33,31.0,31.0,6.0,6.0,19.35483870967742,19.35483870967742,0.0021000000027318,0.0,9,11,0.6438986595464831,0.0644900979771792,True,0.9855072463768116,1.0,0.9855072463768116,0.0
AHMPUL0C13,250901020004,251031220008,2025-09-01T10:30:09,2025-11-01T06:33:33,31.0,31.0,7.5,6.0,24.193548387096776,19.35483870967742,0.0740999999999379,0.0,11,11,0.0734704982201986,0.0184274010599322,True,0.9863013698630136,1.0,0.9863013698630136,-20.000000000000007
AHMPUL0C13,250910220010,251031220008,2025-09-11T06:04:49,2025-11-01T06:33:33,31.0,31.0,6.5,6.0,20.967741935483872,19.35483870967742,0.0146166666682499,0.0,9,11,0.0333231443307812,0.0131287648119832,True,0.9857142857142858,0.9863013698630136,0.9857142857142858,-7.692307692307699
AHMPUL0C13,250911040005,251031220008,2025-09-11T12:59:28,2025-11-01T06:33:33,31.0,31.0,6.5,6.0,20.967741935483872,19.35483870967742,0.0174166666654249,0.0,10,11,0.2297958568728749,0.0252227857884545,True,0.984375,0.9863013698630136,0.984375,-7.692307692307699
AHMPUL0C13,250929220006,251031220008,2025-09-30T06:36:49,2025-11-01T06:33:33,31.0,31.0,7.5,6.0,24.193548387096776,19.35483870967742,0.067483333335258,0.0,12,11,0.1127516535182127,0.0208171920682295,True,1.0,1.0,1.0,-20.000000000000007
AHMPUL0C13,250930030003,251031220008,2025-09-30T11:45:29,2025-11-01T06:33:33,31.0,31.0,6.5,6.0,20.967741935483872,19.35483870967742,0.0276666666691501,0.0,13,11,0.0832231027124152,0.035369736104666,True,0.9857142857142858,1.0,0.9857142857142858,-7.692307692307699
AHMPUL0C13,250111020002,251101000001,2025-01-11T10:07:29,2025-11-01T08:09:41,28.0,28.0,6.5,5.0,23.214285714285715,17.857142857142858,0.0,0.0,14,12,0.0253822200523748,0.0678566539454099,True,0.9705882352941176,1.0,0.9705882352941176,-23.076923076923073
AHMPUL0C13,250120230010,251101000001,2025-01-21T07:34:19,2025-11-01T08:09:41,28.0,28.0,5.5,5.0,19.642857142857142,17.857142857142858,0.0039333333338921,0.0,12,12,0.0039402022757996,0.0682189802944011,True,0.9714285714285714,1.0,0.9714285714285714,-9.090909090909083
AHMPUL0C13,250311000001,251101000001,2025-03-11T08:20:04,2025-11-01T08:09:41,29.0,28.0,5.5,5.0,18.96551724137931,17.857142857142858,0.0,0.0,10,12,0.0260083503474464,0.5566792639968593,True,0.9850746268656716,1.0,0.9850746268656716,-5.844155844155841
AHMPUL0C13,250320230014,251101000001,2025-03-21T07:34:21,2025-11-01T08:09:41,28.0,28.0,5.5,5.0,19.642857142857142,17.857142857142858,0.0,0.0,11,12,0.0114989591908356,0.0256707652773496,True,1.0,1.0,1.0,-9.090909090909083
AHMPUL0C13,250321040007,251101000001,2025-03-21T12:44:13,2025-11-01T08:09:41,28.0,28.0,6.0,5.0,21.428571428571427,17.857142857142858,0.0,0.0,10,12,0.030133825120287,0.0453033288298227,True,1.0,1.0,1.0,-16.666666666666664
AHMPUL0C13,250521000001,251101000001,2025-05-21T08:06:46,2025-11-01T08:09:41,28.0,28.0,5.0,5.0,17.857142857142858,17.857142857142858,0.0,0.0,10,12,0.0335070316572003,0.021642326182825,True,1.0,1.0,1.0,0.0
AHMPUL0C13,250521050006,251101000001,2025-05-21T13:18:08,2025-11-01T08:09:41,28.0,28.0,6.0,5.0,21.428571428571427,17.857142857142858,0.0,0.0,11,12,0.0293065025374317,0.0534621586135355,True,1.0,1.0,1.0,-16.666666666666664
AHMPUL0C13,250521070008,251101000001,2025-05-21T15:56:20,2025-11-01T08:09:41,29.0,28.0,5.5,5.0,18.96551724137931,17.857142857142858,0.0,0.0,11,12,0.0259858960583154,0.0186110592674626,True,0.9538461538461539,0.9692307692307692,0.9538461538461539,-5.844155844155841
AHMPUL0C13,250701050007,251101000001,2025-07-01T13:58:49,2025-11-01T08:09:41,28.0,28.0,5.0,5.0,17.857142857142858,17.857142857142858,0.0,0.0,11,12,0.0266478064307043,0.0519623150160583,True,0.9848484848484849,0.9846153846153847,0.9846153846153847,0.0
AHMPUL0C13,250710230012,251101000001,2025-07-11T07:35:54,2025-11-01T08:09:41,29.0,28.0,5.5,5.0,18.96551724137931,17.857142857142858,0.0,0.0,8,12,0.022204004712098,0.0630739245927931,True,0.9866666666666667,1.0,0.9866666666666667,-5.844155844155841
AHMPUL0C13,250711050006,251101000001,2025-07-11T13:00:53,2025-11-01T08:09:41,28.0,28.0,5.5,5.0,19.642857142857142,17.857142857142858,0.0,0.0,8,12,0.0281933942440523,0.0515810418671691,True,0.9661016949152542,0.9692307692307692,0.9661016949152542,-9.090909090909083
AHMPUL0C13,250720230003,251101000001,2025-07-21T07:34:50,2025-11-01T08:09:41,29.0,28.0,5.0,5.0,17.24137931034483,17.857142857142858,0.0,0.0,7,12,0.0186722271379449,0.0028517827005124,True,1.0,0.9846153846153847,0.9846153846153847,3.5714285714285587
AHMPUL0C13,250721060008,251101000001,2025-07-21T14:55:05,2025-11-01T08:09:41,28.0,28.0,5.5,5.0,19.642857142857142,17.857142857142858,0.0042500000020178,0.0,10,12,0.0162185435483793,0.0863376435149371,True,1.0,1.0,1.0,-9.090909090909083
AHMPUL0C13,250730230016,251101000001,2025-07-31T07:36:50,2025-11-01T08:09:41,28.0,28.0,6.0,5.0,21.428571428571427,17.857142857142858,0.0,0.0,9,12,0.0231285447419202,0.05678939833912,True,0.9846153846153847,0.9538461538461539,0.9538461538461539,-16.666666666666664
AHMPUL0C13,250731030006,251101000001,2025-07-31T11:41:45,2025-11-01T08:09:41,28.0,28.0,5.0,5.0,17.857142857142858,17.857142857142858,0.0,0.0,11,12,0.0140882164552829,0.012120247004436,True,1.0,0.9846153846153847,0.9846153846153847,0.0
AHMPUL0C13,250731080011,251101000001,2025-07-31T16:08:01,2025-11-01T08:09:41,29.0,28.0,6.0,5.0,20.689655172413797,17.857142857142858,0.0,0.0,11,12,0.0158806207835464,0.0144098497415721,True,1.0,1.0,1.0,-13.690476190476208
AHMPUL0C13,250901060008,251101000001,2025-09-01T14:31:59,2025-11-01T08:09:41,29.0,28.0,5.0,5.0,17.24137931034483,17.857142857142858,0.0,0.0,11,12,0.0027593580888347,0.0095475304233723,True,1.0,0.9846153846153847,0.9846153846153847,3.5714285714285587
AHMPUL0C13,250910230011,251101000001,2025-09-11T07:52:22,2025-11-01T08:09:41,28.0,28.0,5.0,5.0,17.857142857142858,17.857142857142858,0.0012333333337058,0.0,11,12,0.0049085298893237,0.0406685587718233,True,1.0,0.9846153846153847,0.9846153846153847,0.0
AHMPUL0C13,250911030004,251101000001,2025-09-11T11:21:38,2025-11-01T08:09:41,28.0,28.0,5.5,5.0,19.642857142857142,17.857142857142858,0.0306999999990997,0.0,12,12,0.0171321523420876,0.3247060371730718,True,0.958904109589041,1.0,0.958904109589041,-9.090909090909083
AHMPUL0C13,250911060006,251101000001,2025-09-11T14:26:08,2025-11-01T08:09:41,28.0,28.0,5.5,5.0,19.642857142857142,17.857142857142858,0.0,0.0,10,12,0.0240187136137243,0.0140765074686023,True,0.967741935483871,0.9538461538461539,0.9538461538461539,-9.090909090909083
AHMPUL0C13,250930010002,251101000001,2025-09-30T09:35:02,2025-11-01T08:09:41,28.0,28.0,6.0,5.0,21.428571428571427,17.857142857142858,0.0543999999994412,0.0,13,12,0.0324132258403956,0.0166686861020812,True,0.9859154929577465,1.0,0.9859154929577465,-16.666666666666664
AHMPUL0C13,250930050004,251101000001,2025-09-30T13:36:37,2025-11-01T08:09:41,28.0,28.0,5.0,5.0,17.857142857142858,17.857142857142858,0.0,0.0,10,12,0.0360338259172072,0.0201342630220935,True,1.0,0.9846153846153847,0.9846153846153847,0.0
AHMPUL0C13,250111000001,251101010003,2025-01-11T08:37:09,2025-11-01T09:27:01,30.0,31.0,7.0,7.5,23.33333333333333,24.193548387096776,0.0127833333332091,0.0192833333315017,12,14,0.0090707335204702,0.0184274018995151,True,1.0,1.0,1.0,3.6866359447004893
AHMPUL0C13,250120220007,251101010003,2025-01-21T06:04:58,2025-11-01T09:27:01,31.0,31.0,6.0,7.5,19.35483870967742,24.193548387096776,0.0,0.0192833333315017,10,14,0.0827800398246569,0.0210969039442991,True,1.0,1.0,1.0,25.0
AHMPUL0C13,250121010002,251101010003,2025-01-21T09:11:20,2025-11-01T09:27:01,30.0,31.0,6.5,7.5,21.666666666666668,24.193548387096776,0.0,0.0192833333315017,10,14,0.071038766350262,0.0146451828910934,True,0.9701492537313433,1.0,0.9701492537313433,11.662531017369737
AHMPUL0C13,250310220011,251101010003,2025-03-11T06:30:15,2025-11-01T09:27:01,30.0,31.0,6.5,7.5,21.666666666666668,24.193548387096776,0.0,0.0192833333315017,10,14,0.0741296394054239,0.00687311657824,True,0.9850746268656716,0.9861111111111112,0.9850746268656716,11.662531017369737
AHMPUL0C13,250311020004,251101010003,2025-03-11T10:43:44,2025-11-01T09:27:01,30.0,31.0,8.0,7.5,26.666666666666668,24.193548387096776,0.0079833333341715,0.0192833333315017,11,14,0.0602910870221232,0.0206280952437498,True,0.9857142857142858,1.0,0.9857142857142858,-9.2741935483871
AHMPUL0C13,250311060007,251101010003,2025-03-11T14:17:44,2025-11-01T09:27:01,31.0,31.0,7.0,7.5,22.58064516129032,24.193548387096776,0.0,0.0192833333315017,13,14,0.0301163355069652,0.075122689332006,True,0.9705882352941176,0.9722222222222222,0.9705882352941176,7.142857142857162
AHMPUL0C13,250320220012,251101010003,2025-03-21T06:02:37,2025-11-01T09:27:01,31.0,31.0,7.0,7.5,22.58064516129032,24.193548387096776,0.0,0.0192833333315017,10,14,0.1079623987827598,0.0319833266014814,True,1.0,1.0,1.0,7.142857142857162
AHMPUL0C13,250321000002,251101010003,2025-03-21T08:53:36,2025-11-01T09:27:01,31.0,31.0,6.0,7.5,19.35483870967742,24.193548387096776,0.0,0.0192833333315017,9,14,0.5602088251495914,0.0049773265630023,True,0.972972972972973,1.0,0.972972972972973,25.0
AHMPUL0C13,250321030006,251101010003,2025-03-21T11:23:27,2025-11-01T09:27:01,31.0,31.0,6.0,7.5,19.35483870967742,24.193548387096776,0.009299999999348,0.0192833333315017,9,14,0.0192976471487531,0.0128862891107931,True,1.0,0.9861111111111112,0.9861111111111112,25.0
AHMPUL0C13,250330230001,251101010003,2025-03-31T07:24:49,2025-11-01T09:27:01,31.0,31.0,7.0,7.5,22.58064516129032,24.193548387096776,0.0,0.0192833333315017,12,14,0.0905507970662534,0.059972887185961,True,0.9864864864864865,1.0,0.9864864864864865,7.142857142857162
AHMPUL0C13,250520220015,251101010003,2025-05-21T06:40:10,2025-11-01T09:27:01,30.0,31.0,6.0,7.5,20.0,24.193548387096776,0.0,0.0192833333315017,9,14,0.0867293378953402,0.0252228157604164,True,0.9864864864864865,1.0,0.9864864864864865,20.967741935483875
AHMPUL0C13,250521010002,251101010003,2025-05-21T09:16:36,2025-11-01T09:27:01,31.0,31.0,6.0,7.5,19.35483870967742,24.193548387096776,0.0,0.0192833333315017,7,14,0.021642326182825,0.0168722984655055,True,1.0,1.0,1.0,25.0
AHMPUL0C13,250521030005,251101010003,2025-05-21T11:58:11,2025-11-01T09:27:01,31.0,31.0,6.5,7.5,20.967741935483872,24.193548387096776,0.0093333333342646,0.0192833333315017,11,14,0.0105180401546798,0.0129893773778816,True,0.9863013698630136,0.9861111111111112,0.9861111111111112,15.384615384615397
AHMPUL0C13,250521060007,251101010003,2025-05-21T14:29:19,2025-11-01T09:27:01,30.0,31.0,6.5,7.5,21.666666666666668,24.193548387096776,0.0121833333318742,0.0192833333315017,11,14,0.0562547029939922,0.0177757710009985,True,0.9714285714285714,1.0,0.9714285714285714,11.662531017369737
AHMPUL0C13,250701010002,251101010003,2025-07-01T09:24:46,2025-11-01T09:27:01,30.0,31.0,6.0,7.5,20.0,24.193548387096776,0.0,0.0192833333315017,10,14,0.0468037866647108,0.040948434537144,True,1.0,1.0,1.0,20.967741935483875
AHMPUL0C13,250701040006,251101010003,2025-07-01T12:10:18,2025-11-01T09:27:01,31.0,31.0,7.0,7.5,22.58064516129032,24.193548387096776,0.0399500000018936,0.0192833333315017,8,14,0.5588461063820778,0.0150335608928356,True,0.9850746268656716,1.0,0.9850746268656716,7.142857142857162
AHMPUL0C13,250710210010,251101010003,2025-07-11T05:57:31,2025-11-01T09:27:01,30.0,31.0,6.0,7.5,20.0,24.193548387096776,0.0,0.0192833333315017,10,14,0.0875994608799955,0.0316292598410563,True,1.0,0.9861111111111112,0.9861111111111112,20.967741935483875
AHMPUL0C13,250711030005,251101010003,2025-07-11T11:11:21,2025-11-01T09:27:01,31.0,31.0,6.5,7.5,20.967741935483872,24.193548387096776,0.0200333333341404,0.0192833333315017,12,14,0.0086975895927029,0.0133298608678994,True,0.9850746268656716,0.9861111111111112,0.9850746268656716,15.384615384615397
AHMPUL0C13,250711060008,251101010003,2025-07-11T14:44:08,2025-11-01T09:27:01,36.0,31.0,7.0,7.5,19.444444444444446,24.193548387096776,0.023316666666263,0.0192833333315017,10,14,0.0510515694099959,0.0371248434377435,True,0.8765432098765432,0.9861111111111112,0.8765432098765432,24.423963133640548
AHMPUL0C13,250720210001,251101010003,2025-07-21T05:57:24,2025-11-01T09:27:01,30.0,31.0,6.0,7.5,20.0,24.193548387096776,0.0,0.0192833333315017,11,14,0.121544052680762,0.0266698505757697,True,1.0,1.0,1.0,20.967741935483875
AHMPUL0C13,250721010002,251101010003,2025-07-21T09:14:47,2025-11-01T09:27:01,30.0,31.0,6.0,7.5,20.0,24.193548387096776,0.0,0.0192833333315017,9,14,0.0518175036006854,0.033755847701415,True,0.9726027397260274,1.0,0.9726027397260274,20.967741935483875
AHMPUL0C13,250721050007,251101010003,2025-07-21T13:08:37,2025-11-01T09:27:01,30.0,31.0,6.0,7.5,20.0,24.193548387096776,0.0,0.0192833333315017,11,14,0.0232011689350996,0.0284094158641452,True,0.9705882352941176,1.0,0.9705882352941176,20.967741935483875
AHMPUL0C13,250730220015,251101010003,2025-07-31T06:32:13,2025-11-01T09:27:01,30.0,31.0,6.5,7.5,21.666666666666668,24.193548387096776,0.0,0.0192833333315017,8,14,0.0055429906274189,0.019137580686032,True,0.9696969696969697,0.9722222222222222,0.9696969696969697,11.662531017369737
AHMPUL0C13,250731050008,251101010003,2025-07-31T13:16:52,2025-11-01T09:27:01,31.0,31.0,6.0,7.5,19.35483870967742,24.193548387096776,0.0021000000027318,0.0192833333315017,9,14,0.5516263348407587,0.0413111034819754,True,0.9855072463768116,1.0,0.9855072463768116,25.0
AHMPUL0C13,250901020004,251101010003,2025-09-01T10:30:09,2025-11-01T09:27:01,31.0,31.0,7.5,7.5,24.193548387096776,24.193548387096776,0.0740999999999379,0.0192833333315017,11,14,0.0437337617356566,0.0241205710237296,True,0.9863013698630136,1.0,0.9863013698630136,0.0
AHMPUL0C13,250910220010,251101010003,2025-09-11T06:04:49,2025-11-01T09:27:01,31.0,31.0,6.5,7.5,20.967741935483872,24.193548387096776,0.0146166666682499,0.0192833333315017,9,14,0.1043488627127652,0.0374353554871192,True,0.9857142857142858,1.0,0.9857142857142858,15.384615384615397
AHMPUL0C13,250911040005,251101010003,2025-09-11T12:59:28,2025-11-01T09:27:01,31.0,31.0,6.5,7.5,20.967741935483872,24.193548387096776,0.0174166666654249,0.0192833333315017,10,14,0.3235194792165322,0.0233463281243207,True,1.0,1.0,1.0,15.384615384615397
AHMPUL0C13,250929220006,251101010003,2025-09-30T06:36:49,2025-11-01T09:27:01,31.0,31.0,7.5,7.5,24.193548387096776,24.193548387096776,0.067483333335258,0.0192833333315017,12,14,0.0208500141815547,0.0385225146561779,True,0.9850746268656716,1.0,0.9850746268656716,0.0
AHMPUL0C13,250930030003,251101010003,2025-09-30T11:45:29,2025-11-01T09:27:01,31.0,31.0,6.5,7.5,20.967741935483872,24.193548387096776,0.0276666666691501,0.0192833333315017,13,14,0.0166686861020812,0.0152141579758349,True,0.9714285714285714,0.9861111111111112,0.9714285714285714,15.384615384615397
AHMPUL0C13,251031220008,251101010003,2025-11-01T06:33:33,2025-11-01T09:27:01,31.0,31.0,6.0,7.5,19.35483870967742,24.193548387096776,0.0,0.0192833333315017,11,14,0.0939437716744101,0.0363998937556574,True,0.9863013698630136,0.9861111111111112,0.9861111111111112,25.0
AHMPUL0C13,250111000001,251110220012,2025-01-11T08:37:09,2025-11-11T06:04:56,30.0,30.0,7.0,6.0,23.33333333333333,20.0,0.0127833333332091,0.0,12,10,0.0952612321968017,0.0296410822796,True,1.0,1.0,1.0,-14.285714285714269
AHMPUL0C13,250120220007,251110220012,2025-01-21T06:04:58,2025-11-11T06:04:56,31.0,30.0,6.0,6.0,19.35483870967742,20.0,0.0,0.0,10,10,0.0218785310012607,0.0113344161484604,True,1.0,1.0,1.0,3.3333333333333215
AHMPUL0C13,250121010002,251110220012,2025-01-21T09:11:20,2025-11-11T06:04:56,30.0,30.0,6.5,6.0,21.666666666666668,20.0,0.0,0.0,10,10,0.1373600069478089,0.0341342118383154,True,0.9850746268656716,1.0,0.9850746268656716,-7.692307692307699
AHMPUL0C13,250310220011,251110220012,2025-03-11T06:30:15,2025-11-11T06:04:56,30.0,30.0,6.5,6.0,21.666666666666668,20.0,0.0,0.0,10,10,0.0296896098931419,0.0342491304163218,True,1.0,0.9848484848484849,0.9848484848484849,-7.692307692307699
AHMPUL0C13,250311020004,251110220012,2025-03-11T10:43:44,2025-11-11T06:04:56,30.0,30.0,8.0,6.0,26.666666666666668,20.0,0.0079833333341715,0.0,11,10,0.1476423074076387,0.032914000699249,True,0.9714285714285714,1.0,0.9714285714285714,-25.0
AHMPUL0C13,250311060007,251110220012,2025-03-11T14:17:44,2025-11-11T06:04:56,31.0,30.0,7.0,6.0,22.58064516129032,20.0,0.0,0.0,13,10,0.1306549354738387,0.0640482777476449,True,0.9852941176470589,1.0,0.9852941176470589,-11.428571428571422
AHMPUL0C13,250320220012,251110220012,2025-03-21T06:02:37,2025-11-11T06:04:56,31.0,30.0,7.0,6.0,22.58064516129032,20.0,0.0,0.0,10,10,0.1113167650901558,0.0110390362252423,True,1.0,1.0,1.0,-11.428571428571422
AHMPUL0C13,250321000002,251110220012,2025-03-21T08:53:36,2025-11-11T06:04:56,31.0,30.0,6.0,6.0,19.35483870967742,20.0,0.0,0.0,9,10,0.6287376101091728,0.034269885204037,True,0.9594594594594594,1.0,0.9594594594594594,3.3333333333333215
AHMPUL0C13,250321030006,251110220012,2025-03-21T11:23:27,2025-11-11T06:04:56,31.0,30.0,6.0,6.0,19.35483870967742,20.0,0.009299999999348,0.0,9,10,0.0847316708514262,0.0378991654495606,True,1.0,1.0,1.0,3.3333333333333215
AHMPUL0C13,250330230001,251110220012,2025-03-31T07:24:49,2025-11-11T06:04:56,31.0,30.0,7.0,6.0,22.58064516129032,20.0,0.0,0.0,12,10,0.0129799111580337,0.0479495218654014,True,0.9864864864864865,1.0,0.9864864864864865,-11.428571428571422
AHMPUL0C13,250520220015,251110220012,2025-05-21T06:40:10,2025-11-11T06:04:56,30.0,30.0,6.0,6.0,20.0,20.0,0.0,0.0,9,10,0.1133992483858137,0.0533407173629402,True,0.9864864864864865,1.0,0.9864864864864865,0.0
AHMPUL0C13,250521010002,251110220012,2025-05-21T09:16:36,2025-11-11T06:04:56,31.0,30.0,6.0,6.0,19.35483870967742,20.0,0.0,0.0,7,10,0.0956860472639371,0.0265110033316276,True,1.0,0.9848484848484849,0.9848484848484849,3.3333333333333215
AHMPUL0C13,250521030005,251110220012,2025-05-21T11:58:11,2025-11-11T06:04:56,31.0,30.0,6.5,6.0,20.967741935483872,20.0,0.0093333333342646,0.0,11,10,0.0941228143934553,0.0299700021975723,True,1.0,1.0,1.0,-4.615384615384621
AHMPUL0C13,250521060007,251110220012,2025-05-21T14:29:19,2025-11-11T06:04:56,30.0,30.0,6.5,6.0,21.666666666666668,20.0,0.0121833333318742,0.0,11,10,0.1282246735347318,0.0293467936325808,True,0.9857142857142858,1.0,0.9857142857142858,-7.692307692307699
AHMPUL0C13,250701010002,251110220012,2025-07-01T09:24:46,2025-11-11T06:04:56,30.0,30.0,6.0,6.0,20.0,20.0,0.0,0.0,10,10,0.1292198220869484,0.0482765116885956,True,1.0,1.0,1.0,0.0
AHMPUL0C13,250701040006,251110220012,2025-07-01T12:10:18,2025-11-11T06:04:56,31.0,30.0,7.0,6.0,22.58064516129032,20.0,0.0399500000018936,0.0,8,10,0.6282652459279594,0.0328394279781618,True,0.9701492537313433,0.9848484848484849,0.9701492537313433,-11.428571428571422
AHMPUL0C13,250710210010,251110220012,2025-07-11T05:57:31,2025-11-11T06:04:56,30.0,30.0,6.0,6.0,20.0,20.0,0.0,0.0,10,10,0.1259901369816582,0.0157495258490894,True,1.0,1.0,1.0,0.0
AHMPUL0C13,250711030005,251110220012,2025-07-11T11:11:21,2025-11-11T06:04:56,31.0,30.0,6.5,6.0,20.967741935483872,20.0,0.0200333333341404,0.0,12,10,0.111744939356797,0.0337759018892862,True,0.9850746268656716,1.0,0.9850746268656716,-4.615384615384621
AHMPUL0C13,250711060008,251110220012,2025-07-11T14:44:08,2025-11-11T06:04:56,36.0,30.0,7.0,6.0,19.444444444444446,20.0,0.023316666666263,0.0,10,10,0.1268652622712721,0.0089034055095054,True,0.8888888888888888,1.0,0.8888888888888888,2.857142857142847
AHMPUL0C13,250720210001,251110220012,2025-07-21T05:57:24,2025-11-11T06:04:56,30.0,30.0,6.0,6.0,20.0,20.0,0.0,0.0,11,10,0.1356371880133935,0.0184790626717286,True,1.0,1.0,1.0,0.0
AHMPUL0C13,250721010002,251110220012,2025-07-21T09:14:47,2025-11-11T06:04:56,30.0,30.0,6.0,6.0,20.0,20.0,0.0,0.0,9,10,0.14755994628381,0.0626367267665818,True,0.9863013698630136,1.0,0.9863013698630136,0.0
AHMPUL0C13,250721050007,251110220012,2025-07-21T13:08:37,2025-11-11T06:04:56,30.0,30.0,6.0,6.0,20.0,20.0,0.0,0.0,11,10,0.1254529366203295,0.0360582061522422,True,0.9852941176470589,1.0,0.9852941176470589,0.0
AHMPUL0C13,250730220015,251110220012,2025-07-31T06:32:13,2025-11-11T06:04:56,30.0,30.0,6.5,6.0,21.666666666666668,20.0,0.0,0.0,8,10,0.1086405020008893,0.0396371633116167,True,0.9696969696969697,0.9848484848484849,0.9696969696969697,-7.692307692307699
AHMPUL0C13,250731050008,251110220012,2025-07-31T13:16:52,2025-11-11T06:04:56,31.0,30.0,6.0,6.0,19.35483870967742,20.0,0.0021000000027318,0.0,9,10,0.6201618318385019,0.0114001743096709,True,0.9855072463768116,1.0,0.9855072463768116,3.3333333333333215
AHMPUL0C13,250901020004,251110220012,2025-09-01T10:30:09,2025-11-11T06:04:56,31.0,30.0,7.5,6.0,24.193548387096776,20.0,0.0740999999999379,0.0,11,10,0.1269792528768686,0.0501769564624209,True,0.9863013698630136,1.0,0.9863013698630136,-17.333333333333336
AHMPUL0C13,250910220010,251110220012,2025-09-11T06:04:49,2025-11-11T06:04:56,31.0,30.0,6.5,6.0,20.967741935483872,20.0,0.0146166666682499,0.0,9,10,0.1365509036921746,0.0462397576334569,True,1.0,1.0,1.0,-4.615384615384621
AHMPUL0C13,250911040005,251110220012,2025-09-11T12:59:28,2025-11-11T06:04:56,31.0,30.0,6.5,6.0,20.967741935483872,20.0,0.0174166666654249,0.0,10,10,0.2873504517324461,0.0284773497751382,True,1.0,1.0,1.0,-4.615384615384621
AHMPUL0C13,250929220006,251110220012,2025-09-30T06:36:49,2025-11-11T06:04:56,31.0,30.0,7.5,6.0,24.193548387096776,20.0,0.067483333335258,0.0,12,10,0.1044309849482523,0.0417369268162908,True,0.9850746268656716,1.0,0.9850746268656716,-17.333333333333336
AHMPUL0C13,250930030003,251110220012,2025-09-30T11:45:29,2025-11-11T06:04:56,31.0,30.0,6.5,6.0,20.967741935483872,20.0,0.0276666666691501,0.0,13,10,0.1098964258533886,0.0193881170282867,True,1.0,1.0,1.0,-4.615384615384621
AHMPUL0C13,251031220008,251110220012,2025-11-01T06:33:33,2025-11-11T06:04:56,31.0,30.0,6.0,6.0,19.35483870967742,20.0,0.0,0.0,11,10,0.1046045190896067,0.0534499309948463,True,0.9863013698630136,1.0,0.9863013698630136,3.3333333333333215
AHMPUL0C13,251101010003,251110220012,2025-11-01T09:27:01,2025-11-11T06:04:56,31.0,30.0,7.5,6.0,24.193548387096776,20.0,0.0192833333315017,0.0,14,10,0.1031025213512245,0.0307083976155629,True,1.0,1.0,1.0,-17.333333333333336
AHMPUL0C13,250111020002,251110230014,2025-01-11T10:07:29,2025-11-11T07:35:38,28.0,28.0,6.5,5.0,23.214285714285715,17.857142857142858,0.0,0.0,14,11,0.0135488224445422,0.0647996399707382,True,1.0,0.9848484848484849,0.9848484848484849,-23.076923076923073
AHMPUL0C13,250120230010,251110230014,2025-01-21T07:34:19,2025-11-11T07:35:38,28.0,28.0,5.5,5.0,19.642857142857142,17.857142857142858,0.0039333333338921,0.0,12,11,0.0161272822480167,0.0876753008405825,True,1.0,0.9848484848484849,0.9848484848484849,-9.090909090909083
AHMPUL0C13,250311000001,251110230014,2025-03-11T08:20:04,2025-11-11T07:35:38,29.0,28.0,5.5,5.0,18.96551724137931,17.857142857142858,0.0,0.0,10,11,0.01439228541342,0.5455039722001497,True,0.9850746268656716,0.9848484848484849,0.9848484848484849,-5.844155844155841
AHMPUL0C13,250320230014,251110230014,2025-03-21T07:34:21,2025-11-11T07:35:38,28.0,28.0,5.5,5.0,19.642857142857142,17.857142857142858,0.0,0.0,11,11,0.0064481646033324,0.0163036236220552,True,1.0,1.0,1.0,-9.090909090909083
AHMPUL0C13,250321040007,251110230014,2025-03-21T12:44:13,2025-11-11T07:35:38,28.0,28.0,6.0,5.0,21.428571428571427,17.857142857142858,0.0,0.0,10,11,0.0222902773938083,0.0642578215919224,True,1.0,1.0,1.0,-16.666666666666664
AHMPUL0C13,250521000001,251110230014,2025-05-21T08:06:46,2025-11-11T07:35:38,28.0,28.0,5.0,5.0,17.857142857142858,17.857142857142858,0.0,0.0,10,11,0.031412052205224,0.0039448761791503,True,0.9841269841269841,1.0,0.9841269841269841,0.0
AHMPUL0C13,250521050006,251110230014,2025-05-21T13:18:08,2025-11-11T07:35:38,28.0,28.0,6.0,5.0,21.428571428571427,17.857142857142858,0.0,0.0,11,11,0.0184583578227732,0.0729390052403139,True,1.0,1.0,1.0,-16.666666666666664
AHMPUL0C13,250521070008,251110230014,2025-05-21T15:56:20,2025-11-11T07:35:38,29.0,28.0,5.5,5.0,18.96551724137931,17.857142857142858,0.0,0.0,11,11,0.0142063476651138,0.0087689816967349,True,1.0,0.9848484848484849,0.9848484848484849,-5.844155844155841
AHMPUL0C13,250701050007,251110230014,2025-07-01T13:58:49,2025-11-11T07:35:38,28.0,28.0,5.0,5.0,17.857142857142858,17.857142857142858,0.0,0.0,11,11,0.0165137795157692,0.0714222266760719,True,1.0,1.0,1.0,0.0
AHMPUL0C13,250710230012,251110230014,2025-07-11T07:35:54,2025-11-11T07:35:38,29.0,28.0,5.5,5.0,18.96551724137931,17.857142857142858,0.0,0.0,8,11,0.0094765482802028,0.0509679572576475,True,0.9866666666666667,1.0,0.9866666666666667,-5.844155844155841
AHMPUL0C13,250711050006,251110230014,2025-07-11T13:00:53,2025-11-11T07:35:38,28.0,28.0,5.5,5.0,19.642857142857142,17.857142857142858,0.0,0.0,8,11,0.0186448557288505,0.0710638265786444,True,1.0,0.9848484848484849,0.9848484848484849,-9.090909090909083
AHMPUL0C13,250720230003,251110230014,2025-07-21T07:34:50,2025-11-11T07:35:38,29.0,28.0,5.0,5.0,17.24137931034483,17.857142857142858,0.0,0.0,7,11,0.0221567529254345,0.0222359390076634,True,0.984375,0.9848484848484849,0.984375,3.5714285714285587
AHMPUL0C13,250721060008,251110230014,2025-07-21T14:55:05,2025-11-11T07:35:38,28.0,28.0,5.5,5.0,19.642857142857142,17.857142857142858,0.0042500000020178,0.0,10,11,0.0034703543420402,0.0941224355714236,True,1.0,0.9848484848484849,0.9848484848484849,-9.090909090909083
AHMPUL0C13,250730230016,251110230014,2025-07-31T07:36:50,2025-11-11T07:35:38,28.0,28.0,6.0,5.0,21.428571428571427,17.857142857142858,0.0,0.0,9,11,0.016053606409219,0.0755966905626838,True,1.0,1.0,1.0,-16.666666666666664
AHMPUL0C13,250731030006,251110230014,2025-07-31T11:41:45,2025-11-11T07:35:38,28.0,28.0,5.0,5.0,17.857142857142858,17.857142857142858,0.0,0.0,11,11,0.0049085312461719,0.0088952795548394,True,1.0,1.0,1.0,0.0
AHMPUL0C13,250731080011,251110230014,2025-07-31T16:08:01,2025-11-11T07:35:38,29.0,28.0,6.0,5.0,20.689655172413797,17.857142857142858,0.0,0.0,11,11,0.0142148199996636,0.0058118061386979,True,0.9850746268656716,1.0,0.9850746268656716,-13.690476190476208
AHMPUL0C13,250901060008,251110230014,2025-09-01T14:31:59,2025-11-11T07:35:38,29.0,28.0,5.0,5.0,17.24137931034483,17.857142857142858,0.0,0.0,11,11,0.0126507723734602,0.0207988092450172,True,1.0,0.9848484848484849,0.9848484848484849,3.5714285714285587
AHMPUL0C13,250910230011,251110230014,2025-09-11T07:52:22,2025-11-11T07:35:38,28.0,28.0,5.0,5.0,17.857142857142858,17.857142857142858,0.0012333333337058,0.0,11,11,0.0080708204968732,0.0594031543789326,True,0.9838709677419355,0.9848484848484849,0.9838709677419355,0.0
AHMPUL0C13,250911030004,251110230014,2025-09-11T11:21:38,2025-11-11T07:35:38,28.0,28.0,5.5,5.0,19.642857142857142,17.857142857142858,0.0306999999990997,0.0,12,11,0.0089500433507291,0.3385672052700229,True,0.958904109589041,0.9696969696969697,0.958904109589041,-9.090909090909083
AHMPUL0C13,250911060006,251110230014,2025-09-11T14:26:08,2025-11-11T07:35:38,28.0,28.0,5.5,5.0,19.642857142857142,17.857142857142858,0.0,0.0,10,11,0.0112295173181669,0.0152459192809958,True,1.0,1.0,1.0,-9.090909090909083
AHMPUL0C13,250930010002,251110230014,2025-09-30T09:35:02,2025-11-11T07:35:38,28.0,28.0,6.0,5.0,21.428571428571427,17.857142857142858,0.0543999999994412,0.0,13,11,0.0225943668984051,0.0361387217306234,True,0.9859154929577465,1.0,0.9859154929577465,-16.666666666666664
AHMPUL0C13,250930050004,251110230014,2025-09-30T13:36:37,2025-11-11T07:35:38,28.0,28.0,5.0,5.0,17.857142857142858,17.857142857142858,0.0,0.0,10,11,0.0235248210655005,0.0109019075657196,True,1.0,0.9848484848484849,0.9848484848484849,0.0
AHMPUL0C13,251101000001,251110230014,2025-11-01T08:09:41,2025-11-11T07:35:38,28.0,28.0,5.0,5.0,17.857142857142858,17.857142857142858,0.0,0.0,12,11,0.0128504551638093,0.0194850017090438,True,1.0,1.0,1.0,0.0
AHMPUL0C13,250111000001,251111000001,2025-01-11T08:37:09,2025-11-11T08:54:56,30.0,31.0,7.0,6.5,23.33333333333333,20.967741935483872,0.0127833333332091,0.0,12,8,0.0231794101717513,0.0085887138567142,True,0.9850746268656716,0.9848484848484849,0.9848484848484849,-10.138248847926246
AHMPUL0C13,250120220007,251111000001,2025-01-21T06:04:58,2025-11-11T08:54:56,31.0,31.0,6.0,6.5,19.35483870967742,20.967741935483872,0.0,0.0,10,8,0.0777447756642564,0.0232291456812684,True,1.0,0.9848484848484849,0.9848484848484849,8.333333333333325
AHMPUL0C13,250121010002,251111000001,2025-01-21T09:11:20,2025-11-11T08:54:56,30.0,31.0,6.5,6.5,21.666666666666668,20.967741935483872,0.0,0.0,10,8,0.0904865536876491,0.0143016717767269,True,1.0,0.9848484848484849,0.9848484848484849,-3.2258064516129004
AHMPUL0C13,250310220011,251111000001,2025-03-11T06:30:15,2025-11-11T08:54:56,30.0,31.0,6.5,6.5,21.666666666666668,20.967741935483872,0.0,0.0,10,8,0.0696244600401748,0.0227782486217702,True,1.0,0.9848484848484849,0.9848484848484849,-3.2258064516129004
AHMPUL0C13,250311020004,251111000001,2025-03-11T10:43:44,2025-11-11T08:54:56,30.0,31.0,8.0,6.5,26.666666666666668,20.967741935483872,0.0079833333341715,0.0,11,8,0.0788183016814009,0.0070577238766754,True,1.0,1.0,1.0,-21.370967741935488
AHMPUL0C13,250311060007,251111000001,2025-03-11T14:17:44,2025-11-11T08:54:56,31.0,31.0,7.0,6.5,22.58064516129032,20.967741935483872,0.0,0.0,13,8,0.0457780947169974,0.0490627809415972,True,0.9852941176470589,0.9848484848484849,0.9848484848484849,-7.142857142857128
AHMPUL0C13,250320220012,251111000001,2025-03-21T06:02:37,2025-11-11T08:54:56,31.0,31.0,7.0,6.5,22.58064516129032,20.967741935483872,0.0,0.0,10,8,0.1229395458735083,0.025124562810386,True,1.0,0.9848484848484849,0.9848484848484849,-7.142857142857128
AHMPUL0C13,250321000002,251111000001,2025-03-21T08:53:36,2025-11-11T08:54:56,31.0,31.0,6.0,6.5,19.35483870967742,20.967741935483872,0.0,0.0,9,8,0.549097238601851,0.0251345808676867,True,0.9864864864864865,0.9848484848484849,0.9848484848484849,8.333333333333325
AHMPUL0C13,250321030006,251111000001,2025-03-21T11:23:27,2025-11-11T08:54:56,31.0,31.0,6.0,6.5,19.35483870967742,20.967741935483872,0.009299999999348,0.0,9,8,0.0185992198129249,0.0200312993308268,True,1.0,0.9696969696969697,0.9696969696969697,8.333333333333325
AHMPUL0C13,250330230001,251111000001,2025-03-31T07:24:49,2025-11-11T08:54:56,31.0,31.0,7.0,6.5,22.58064516129032,20.967741935483872,0.0,0.0,12,8,0.086354029143215,0.0350781220886303,True,0.9864864864864865,0.9696969696969697,0.9696969696969697,-7.142857142857128
AHMPUL0C13,250520220015,251111000001,2025-05-21T06:40:10,2025-11-11T08:54:56,30.0,31.0,6.0,6.5,20.0,20.967741935483872,0.0,0.0,9,8,0.1034911331847675,0.0318764318367714,True,1.0,1.0,1.0,4.8387096774193505
AHMPUL0C13,250521010002,251111000001,2025-05-21T09:16:36,2025-11-11T08:54:56,31.0,31.0,6.0,6.5,19.35483870967742,20.967741935483872,0.0,0.0,7,8,0.0039448761791503,0.0108168470382096,True,1.0,0.9696969696969697,0.9696969696969697,8.333333333333325
AHMPUL0C13,250521030005,251111000001,2025-05-21T11:58:11,2025-11-11T08:54:56,31.0,31.0,6.5,6.5,20.967741935483872,20.967741935483872,0.0093333333342646,0.0,11,8,0.0139087137293148,0.0141106533520537,True,0.9863013698630136,0.9848484848484849,0.9848484848484849,0.0
AHMPUL0C13,250521060007,251111000001,2025-05-21T14:29:19,2025-11-11T08:54:56,30.0,31.0,6.5,6.5,21.666666666666668,20.967741935483872,0.0121833333318742,0.0,11,8,0.0757143668363241,0.0092459382071105,True,0.9857142857142858,0.9696969696969697,0.9696969696969697,-3.2258064516129004
AHMPUL0C13,250701010002,251111000001,2025-07-01T09:24:46,2025-11-11T08:54:56,30.0,31.0,6.0,6.5,20.0,20.967741935483872,0.0,0.0,10,8,0.0661830567316907,0.0160389085499352,True,1.0,0.9848484848484849,0.9848484848484849,4.8387096774193505
AHMPUL0C13,250701040006,251111000001,2025-07-01T12:10:18,2025-11-11T08:54:56,31.0,31.0,7.0,6.5,22.58064516129032,20.967741935483872,0.0399500000018936,0.0,8,8,0.5479328453432457,0.0130396506790712,True,0.9850746268656716,0.9696969696969697,0.9696969696969697,-7.142857142857128
AHMPUL0C13,250710210010,251111000001,2025-07-11T05:57:31,2025-11-11T08:54:56,30.0,31.0,6.0,6.5,20.0,20.967741935483872,0.0,0.0,10,8,0.1056613896853433,0.0207377854392266,True,1.0,0.9848484848484849,0.9848484848484849,4.8387096774193505
AHMPUL0C13,250711030005,251111000001,2025-07-11T11:11:21,2025-11-11T08:54:56,31.0,31.0,6.5,6.5,20.967741935483872,20.967741935483872,0.0200333333341404,0.0,12,8,0.0226569650678002,0.0154391249062153,True,1.0,0.9848484848484849,0.9848484848484849,0.0
AHMPUL0C13,250711060008,251111000001,2025-07-11T14:44:08,2025-11-11T08:54:56,36.0,31.0,7.0,6.5,19.444444444444446,20.967741935483872,0.023316666666263,0.0,10,8,0.0705351086933271,0.0328764094356847,True,0.9012345679012346,1.0,0.9012345679012346,7.834101382488479
AHMPUL0C13,250720210001,251111000001,2025-07-21T05:57:24,2025-11-11T08:54:56,30.0,31.0,6.0,6.5,20.0,20.967741935483872,0.0,0.0,11,8,0.1383238554496561,0.0152313840961736,True,1.0,0.9848484848484849,0.9848484848484849,4.8387096774193505
AHMPUL0C13,250721010002,251111000001,2025-07-21T09:14:47,2025-11-11T08:54:56,30.0,31.0,6.0,6.5,20.0,20.967741935483872,0.0,0.0,9,8,0.0685810795278285,0.0405556103084122,True,0.9726027397260274,0.9848484848484849,0.9726027397260274,4.8387096774193505
AHMPUL0C13,250721050007,251111000001,2025-07-21T13:08:37,2025-11-11T08:54:56,30.0,31.0,6.0,6.5,20.0,20.967741935483872,0.0,0.0,11,8,0.0301336597810797,0.0029478403635592,True,1.0,0.9848484848484849,0.9848484848484849,4.8387096774193505
AHMPUL0C13,250730220015,251111000001,2025-07-31T06:32:13,2025-11-11T08:54:56,30.0,31.0,6.5,6.5,21.666666666666668,20.967741935483872,0.0,0.0,8,8,0.0215160073535462,0.0151875762023621,True,1.0,0.9848484848484849,0.9848484848484849,-3.2258064516129004
AHMPUL0C13,250731050008,251111000001,2025-07-31T13:16:52,2025-11-11T08:54:56,31.0,31.0,6.0,6.5,19.35483870967742,20.967741935483872,0.0021000000027318,0.0,9,8,0.5405035251818487,0.0437329286496035,True,0.9855072463768116,0.9696969696969697,0.9696969696969697,8.333333333333325
AHMPUL0C13,250901020004,251111000001,2025-09-01T10:30:09,2025-11-11T08:54:56,31.0,31.0,7.5,6.5,24.193548387096776,20.967741935483872,0.0740999999999379,0.0,11,8,0.0631234330441822,0.0266041009289112,True,1.0,0.9848484848484849,0.9848484848484849,-13.33333333333333
AHMPUL0C13,250910220010,251111000001,2025-09-11T06:04:49,2025-11-11T08:54:56,31.0,31.0,6.5,6.5,20.967741935483872,20.967741935483872,0.0146166666682499,0.0,9,8,0.1223761985826265,0.0133816008184463,True,1.0,0.9848484848484849,0.9848484848484849,0.0
AHMPUL0C13,250911040005,251111000001,2025-09-11T12:59:28,2025-11-11T08:54:56,31.0,31.0,6.5,6.5,20.967741935483872,20.967741935483872,0.0174166666654249,0.0,10,8,0.3373563927968556,0.005030646089693,True,1.0,0.9848484848484849,0.9848484848484849,0.0
AHMPUL0C13,250929220006,251111000001,2025-09-30T06:36:49,2025-11-11T08:54:56,31.0,31.0,7.5,6.5,24.193548387096776,20.967741935483872,0.067483333335258,0.0,12,8,0.005254010249952,0.0116754672975138,True,1.0,0.9848484848484849,0.9848484848484849,-13.33333333333333
AHMPUL0C13,250930030003,251111000001,2025-09-30T11:45:29,2025-11-11T08:54:56,31.0,31.0,6.5,6.5,20.967741935483872,20.967741935483872,0.0276666666691501,0.0,13,8,0.0361387217306234,0.0178060813797631,True,0.9714285714285714,1.0,0.9714285714285714,0.0
AHMPUL0C13,251031220008,251111000001,2025-11-01T06:33:33,2025-11-11T08:54:56,31.0,31.0,6.0,6.5,19.35483870967742,20.967741935483872,0.0,0.0,11,8,0.109076726337493,0.0213407146976941,True,1.0,0.9848484848484849,0.9848484848484849,8.333333333333325
AHMPUL0C13,251101010003,251111000001,2025-11-01T09:27:01,2025-11-11T08:54:56,31.0,31.0,7.5,6.5,24.193548387096776,20.967741935483872,0.0192833333315017,0.0,14,8,0.0194850017090438,0.027012947313218,True,1.0,0.9848484848484849,0.9848484848484849,-13.33333333333333
AHMPUL0C13,251110220012,251111000001,2025-11-11T06:04:56,2025-11-11T08:54:56,30.0,31.0,6.0,6.5,20.0,20.967741935483872,0.0,0.0,10,8,0.099313875475954,0.033117064213145,True,0.9848484848484849,0.9696969696969697,0.9696969696969697,4.8387096774193505
AHMPUL0C13,250111000001,251111030004,2025-01-11T08:37:09,2025-11-11T11:22:12,30.0,31.0,7.0,6.0,23.33333333333333,19.35483870967742,0.0127833333332091,0.0,12,9,0.02004229890664,0.0234698412846713,True,1.0,1.0,1.0,-17.050691244239612
AHMPUL0C13,250120220007,251111030004,2025-01-21T06:04:58,2025-11-11T11:22:12,31.0,31.0,6.0,6.0,19.35483870967742,19.35483870967742,0.0,0.0,10,9,0.094543263874269,0.0412084461819706,True,1.0,0.9852941176470589,0.9852941176470589,0.0
AHMPUL0C13,250121010002,251111030004,2025-01-21T09:11:20,2025-11-11T11:22:12,30.0,31.0,6.5,6.0,21.666666666666668,19.35483870967742,0.0,0.0,10,9,0.0687798397456273,0.023966902857961,True,1.0,0.9852941176470589,0.9852941176470589,-10.66997518610422
AHMPUL0C13,250310220011,251111030004,2025-03-11T06:30:15,2025-11-11T11:22:12,30.0,31.0,6.5,6.0,21.666666666666668,19.35483870967742,0.0,0.0,10,9,0.0858964348083433,0.0321674349094501,True,1.0,0.9705882352941176,0.9705882352941176,-10.66997518610422
AHMPUL0C13,250311020004,251111030004,2025-03-11T10:43:44,2025-11-11T11:22:12,30.0,31.0,8.0,6.0,26.666666666666668,19.35483870967742,0.0079833333341715,0.0,11,9,0.0534066545166469,0.020037061722107,True,0.9857142857142858,1.0,0.9857142857142858,-27.419354838709676
AHMPUL0C13,250311060007,251111030004,2025-03-11T14:17:44,2025-11-11T11:22:12,31.0,31.0,7.0,6.0,22.58064516129032,19.35483870967742,0.0,0.0,13,9,0.0199240567190196,0.0506314403000274,True,1.0,0.9705882352941176,0.9705882352941176,-14.28571428571428
AHMPUL0C13,250320220012,251111030004,2025-03-21T06:02:37,2025-11-11T11:22:12,31.0,31.0,7.0,6.0,22.58064516129032,19.35483870967742,0.0,0.0,10,9,0.1131176065926169,0.043344985332878,True,1.0,0.9852941176470589,0.9852941176470589,-14.28571428571428
AHMPUL0C13,250321000002,251111030004,2025-03-21T08:53:36,2025-11-11T11:22:12,31.0,31.0,6.0,6.0,19.35483870967742,19.35483870967742,0.0,0.0,9,9,0.5536033679411798,0.0346897783405795,True,0.9864864864864865,0.9852941176470589,0.9852941176470589,0.0
AHMPUL0C13,250321030006,251111030004,2025-03-21T11:23:27,2025-11-11T11:22:12,31.0,31.0,6.0,6.0,19.35483870967742,19.35483870967742,0.009299999999348,0.0,9,9,0.030880506512855,0.0266793244052119,True,1.0,0.9411764705882353,0.9411764705882353,0.0
AHMPUL0C13,250330230001,251111030004,2025-03-31T07:24:49,2025-11-11T11:22:12,31.0,31.0,7.0,6.0,22.58064516129032,19.35483870967742,0.0,0.0,12,9,0.1023169754821259,0.0411439857542304,True,1.0,0.9705882352941176,0.9705882352941176,-14.28571428571428
AHMPUL0C13,250520220015,251111030004,2025-05-21T06:40:10,2025-11-11T11:22:12,30.0,31.0,6.0,6.0,20.0,19.35483870967742,0.0,0.0,9,9,0.0903070268505567,0.0292678309901358,True,1.0,1.0,1.0,-3.2258064516129004
AHMPUL0C13,250521010002,251111030004,2025-05-21T09:16:36,2025-11-11T11:22:12,31.0,31.0,6.0,6.0,19.35483870967742,19.35483870967742,0.0,0.0,7,9,0.0292193431290971,0.0267323753936162,True,1.0,0.9705882352941176,0.9705882352941176,0.0
AHMPUL0C13,250521030005,251111030004,2025-05-21T11:58:11,2025-11-11T11:22:12,31.0,31.0,6.5,6.0,20.967741935483872,19.35483870967742,0.0093333333342646,0.0,11,9,0.0216890636504985,0.0267954831960249,True,1.0,0.9705882352941176,0.9705882352941176,-7.692307692307699
AHMPUL0C13,250521060007,251111030004,2025-05-21T14:29:19,2025-11-11T11:22:12,30.0,31.0,6.5,6.0,21.666666666666668,19.35483870967742,0.0121833333318742,0.0,11,9,0.0541278377739892,0.0240228069956454,True,0.9857142857142858,0.9705882352941176,0.9705882352941176,-10.66997518610422
AHMPUL0C13,250701010002,251111030004,2025-07-01T09:24:46,2025-11-11T11:22:12,30.0,31.0,6.0,6.0,20.0,19.35483870967742,0.0,0.0,10,9,0.0427924601708051,0.0086359254118177,True,1.0,0.9852941176470589,0.9852941176470589,-3.2258064516129004
AHMPUL0C13,250701040006,251111030004,2025-07-01T12:10:18,2025-11-11T11:22:12,31.0,31.0,7.0,6.0,22.58064516129032,19.35483870967742,0.0399500000018936,0.0,8,9,0.5521219942150845,0.0239419799659324,True,0.9701492537313433,0.9852941176470589,0.9701492537313433,-14.28571428571428
AHMPUL0C13,250710210010,251111030004,2025-07-11T05:57:31,2025-11-11T11:22:12,30.0,31.0,6.0,6.0,20.0,19.35483870967742,0.0,0.0,10,9,0.0893064636493717,0.0387233847515534,True,1.0,0.9558823529411765,0.9558823529411765,-3.2258064516129004
AHMPUL0C13,250711030005,251111030004,2025-07-11T11:11:21,2025-11-11T11:22:12,31.0,31.0,6.5,6.0,20.967741935483872,19.35483870967742,0.0200333333341404,0.0,12,9,0.0035332545669898,0.0252452382649859,True,1.0,0.9705882352941176,0.9705882352941176,-7.692307692307699
AHMPUL0C13,250711060008,251111030004,2025-07-11T14:44:08,2025-11-11T11:22:12,36.0,31.0,7.0,6.0,19.444444444444446,19.35483870967742,0.023316666666263,0.0,10,9,0.0485258047765609,0.0510651673575645,True,0.9012345679012346,0.9852941176470589,0.9012345679012346,-0.4608294930875667
AHMPUL0C13,250720210001,251111030004,2025-07-21T05:57:24,2025-11-11T11:22:12,30.0,31.0,6.0,6.0,20.0,19.35483870967742,0.0,0.0,11,9,0.124728869354691,0.0335617625397334,True,1.0,1.0,1.0,-3.2258064516129004
AHMPUL0C13,250721010002,251111030004,2025-07-21T09:14:47,2025-11-11T11:22:12,30.0,31.0,6.0,6.0,20.0,19.35483870967742,0.0,0.0,9,9,0.0426395505604131,0.0348758178795778,True,0.9863013698630136,0.9852941176470589,0.9852941176470589,-3.2258064516129004
AHMPUL0C13,250721050007,251111030004,2025-07-21T13:08:37,2025-11-11T11:22:12,30.0,31.0,6.0,6.0,20.0,19.35483870967742,0.0,0.0,11,9,0.0128426204585453,0.015445886412326,True,1.0,1.0,1.0,-3.2258064516129004
AHMPUL0C13,250730220015,251111030004,2025-07-31T06:32:13,2025-11-11T11:22:12,30.0,31.0,6.5,6.0,21.666666666666668,19.35483870967742,0.0,0.0,8,9,0.0062768930067524,0.0197109466649912,True,0.9848484848484849,0.9558823529411765,0.9558823529411765,-10.66997518610422
AHMPUL0C13,250731050008,251111030004,2025-07-31T13:16:52,2025-11-11T11:22:12,31.0,31.0,6.0,6.0,19.35483870967742,19.35483870967742,0.0021000000027318,0.0,9,9,0.54503121795321,0.0621222569710765,True,0.9855072463768116,0.9852941176470589,0.9852941176470589,0.0
AHMPUL0C13,250901020004,251111030004,2025-09-01T10:30:09,2025-11-11T11:22:12,31.0,31.0,7.5,6.0,24.193548387096776,19.35483870967742,0.0740999999999379,0.0,11,9,0.0398816520503269,0.024002499516832,True,1.0,1.0,1.0,-20.000000000000007
AHMPUL0C13,250910220010,251111030004,2025-09-11T06:04:49,2025-11-11T11:22:12,31.0,31.0,6.5,6.0,20.967741935483872,19.35483870967742,0.0146166666682499,0.0,9,9,0.105921490121377,0.0070512711011725,True,1.0,0.9852941176470589,0.9852941176470589,-7.692307692307699
AHMPUL0C13,250911040005,251111030004,2025-09-11T12:59:28,2025-11-11T11:22:12,31.0,31.0,6.5,6.0,20.967741935483872,19.35483870967742,0.0174166666654249,0.0,10,9,0.3288834302726208,0.0230264457131001,True,1.0,0.9852941176470589,0.9852941176470589,-7.692307692307699
AHMPUL0C13,250929220006,251111030004,2025-09-30T06:36:49,2025-11-11T11:22:12,31.0,31.0,7.5,6.0,24.193548387096776,19.35483870967742,0.067483333335258,0.0,12,9,0.0248714279780288,0.0148383173148875,True,1.0,0.9852941176470589,0.9852941176470589,-20.000000000000007
AHMPUL0C13,250930030003,251111030004,2025-09-30T11:45:29,2025-11-11T11:22:12,31.0,31.0,6.5,6.0,20.967741935483872,19.35483870967742,0.0276666666691501,0.0,13,9,0.0162047107268264,0.0346933162975952,True,1.0,0.9852941176470589,0.9852941176470589,-7.692307692307699
AHMPUL0C13,251031220008,251111030004,2025-11-01T06:33:33,2025-11-11T11:22:12,31.0,31.0,6.0,6.0,19.35483870967742,19.35483870967742,0.0,0.0,11,9,0.0991153840978512,0.0068016105112837,True,1.0,0.9705882352941176,0.9705882352941176,0.0
AHMPUL0C13,251101010003,251111030004,2025-11-01T09:27:01,2025-11-11T11:22:12,31.0,31.0,7.5,6.0,24.193548387096776,19.35483870967742,0.0192833333315017,0.0,14,9,0.0117685537007617,0.0385262692518484,True,1.0,0.9705882352941176,0.9705882352941176,-20.000000000000007
AHMPUL0C13,251110220012,251111030004,2025-11-11T06:04:56,2025-11-11T11:22:12,30.0,31.0,6.0,6.0,20.0,19.35483870967742,0.0,0.0,10,9,0.1148547637563339,0.051468550427811,True,1.0,0.9705882352941176,0.9705882352941176,-3.2258064516129004
AHMPUL0C13,251111000001,251111030004,2025-11-11T08:54:56,2025-11-11T11:22:12,31.0,31.0,6.5,6.0,20.967741935483872,19.35483870967742,0.0,0.0,8,9,0.0259470837604846,0.018393390979334,True,1.0,1.0,1.0,-7.692307692307699
AHMPUL0C13,250111020002,251111040005,2025-01-11T10:07:29,2025-11-11T12:25:59,28.0,28.0,6.5,5.0,23.214285714285715,17.857142857142858,0.0,0.008650000001459,14,10,0.0216365536556258,0.0648010839527104,True,0.9705882352941176,1.0,0.9705882352941176,-23.076923076923073
AHMPUL0C13,250120230010,251111040005,2025-01-21T07:34:19,2025-11-11T12:25:59,28.0,28.0,5.5,5.0,19.642857142857142,17.857142857142858,0.0039333333338921,0.008650000001459,12,10,0.0064715422484102,0.0660172092662048,True,0.9571428571428572,1.0,0.9571428571428572,-9.090909090909083
AHMPUL0C13,250311000001,251111040005,2025-03-11T08:20:04,2025-11-11T12:25:59,29.0,28.0,5.5,5.0,18.96551724137931,17.857142857142858,0.0,0.008650000001459,10,10,0.0235995509077196,0.5615396624423414,True,0.9701492537313433,1.0,0.9701492537313433,-5.844155844155841
AHMPUL0C13,250320230014,251111040005,2025-03-21T07:34:21,2025-11-11T12:25:59,28.0,28.0,5.5,5.0,19.642857142857142,17.857142857142858,0.0,0.008650000001459,11,10,0.0101194851822206,0.025524234548685,True,0.9696969696969697,1.0,0.9696969696969697,-9.090909090909083
AHMPUL0C13,250321040007,251111040005,2025-03-21T12:44:13,2025-11-11T12:25:59,28.0,28.0,6.0,5.0,21.428571428571427,17.857142857142858,0.0,0.008650000001459,10,10,0.0263658755820689,0.0441897578054965,True,0.9682539682539683,1.0,0.9682539682539683,-16.666666666666664
AHMPUL0C13,250521000001,251111040005,2025-05-21T08:06:46,2025-11-11T12:25:59,28.0,28.0,5.0,5.0,17.857142857142858,17.857142857142858,0.0,0.008650000001459,10,10,0.0306364878719389,0.0239694340206026,True,0.9841269841269841,1.0,0.9841269841269841,0.0
AHMPUL0C13,250521050006,251111040005,2025-05-21T13:18:08,2025-11-11T12:25:59,28.0,28.0,6.0,5.0,21.428571428571427,17.857142857142858,0.0,0.008650000001459,11,10,0.0254543119450487,0.0511775742911404,True,0.9852941176470589,1.0,0.9852941176470589,-16.666666666666664
AHMPUL0C13,250521070008,251111040005,2025-05-21T15:56:20,2025-11-11T12:25:59,29.0,28.0,5.5,5.0,18.96551724137931,17.857142857142858,0.0,0.008650000001459,11,10,0.0222284842781585,0.0197045546928794,True,0.9846153846153847,1.0,0.9846153846153847,-5.844155844155841
AHMPUL0C13,250701050007,251111040005,2025-07-01T13:58:49,2025-11-11T12:25:59,28.0,28.0,5.0,5.0,17.857142857142858,17.857142857142858,0.0,0.008650000001459,11,10,0.0227810076019272,0.0497967258688157,True,0.9848484848484849,1.0,0.9848484848484849,0.0
AHMPUL0C13,250710230012,251111040005,2025-07-11T07:35:54,2025-11-11T12:25:59,29.0,28.0,5.5,5.0,18.96551724137931,17.857142857142858,0.0,0.008650000001459,8,10,0.0187545632767811,0.0622423653654542,True,0.96,1.0,0.96,-5.844155844155841
AHMPUL0C13,250711050006,251111040005,2025-07-11T13:00:53,2025-11-11T12:25:59,28.0,28.0,5.5,5.0,19.642857142857142,17.857142857142858,0.0,0.008650000001459,8,10,0.0243300110704664,0.0490795270518271,True,1.0,1.0,1.0,-9.090909090909083
AHMPUL0C13,250720230003,251111040005,2025-07-21T07:34:50,2025-11-11T12:25:59,29.0,28.0,5.0,5.0,17.24137931034483,17.857142857142858,0.0,0.008650000001459,7,10,0.0169152124142111,0.0049235621020943,True,0.96875,1.0,0.96875,3.5714285714285587
AHMPUL0C13,250721060008,251111040005,2025-07-21T14:55:05,2025-11-11T12:25:59,28.0,28.0,5.5,5.0,19.642857142857142,17.857142857142858,0.0042500000020178,0.008650000001459,10,10,0.0128690479635645,0.0816321637229216,True,1.0,1.0,1.0,-9.090909090909083
AHMPUL0C13,250730230016,251111040005,2025-07-31T07:36:50,2025-11-11T12:25:59,28.0,28.0,6.0,5.0,21.428571428571427,17.857142857142858,0.0,0.008650000001459,9,10,0.0193651819449102,0.0557528161775426,True,0.9846153846153847,1.0,0.9846153846153847,-16.666666666666664
AHMPUL0C13,250731030006,251111040005,2025-07-31T11:41:45,2025-11-11T12:25:59,28.0,28.0,5.0,5.0,17.857142857142858,17.857142857142858,0.0,0.008650000001459,11,10,0.0119769989561284,0.0161944343165387,True,0.9696969696969697,1.0,0.9696969696969697,0.0
AHMPUL0C13,250731080011,251111040005,2025-07-31T16:08:01,2025-11-11T12:25:59,29.0,28.0,6.0,5.0,20.689655172413797,17.857142857142858,0.0,0.008650000001459,11,10,0.0162052429698476,0.0180321656462889,True,0.9701492537313433,1.0,0.9701492537313433,-13.690476190476208
AHMPUL0C13,250901060008,251111040005,2025-09-01T14:31:59,2025-11-11T12:25:59,29.0,28.0,5.0,5.0,17.24137931034483,17.857142857142858,0.0,0.008650000001459,11,10,0.005446329066996,0.0064603579507937,True,0.984375,1.0,0.984375,3.5714285714285587
AHMPUL0C13,250910230011,251111040005,2025-09-11T07:52:22,2025-11-11T12:25:59,28.0,28.0,5.0,5.0,17.857142857142858,17.857142857142858,0.0012333333337058,0.008650000001459,11,10,0.0031630360449696,0.0398672083561676,True,0.967741935483871,0.9836065573770492,0.967741935483871,0.0
AHMPUL0C13,250911030004,251111040005,2025-09-11T11:21:38,2025-11-11T12:25:59,28.0,28.0,5.5,5.0,19.642857142857142,17.857142857142858,0.0306999999990997,0.008650000001459,12,10,0.0155904418160173,0.3199425801271287,True,0.958904109589041,1.0,0.958904109589041,-9.090909090909083
AHMPUL0C13,250911060006,251111040005,2025-09-11T14:26:08,2025-11-11T12:25:59,28.0,28.0,5.5,5.0,19.642857142857142,17.857142857142858,0.0,0.008650000001459,10,10,0.020608258328083,0.0133352478014647,True,0.9838709677419355,1.0,0.9838709677419355,-9.090909090909083
AHMPUL0C13,250930010002,251111040005,2025-09-30T09:35:02,2025-11-11T12:25:59,28.0,28.0,6.0,5.0,21.428571428571427,17.857142857142858,0.0543999999994412,0.008650000001459,13,10,0.0307791150356453,0.0149334610212716,True,0.9295774647887324,1.0,0.9295774647887324,-16.666666666666664
AHMPUL0C13,250930050004,251111040005,2025-09-30T13:36:37,2025-11-11T12:25:59,28.0,28.0,5.0,5.0,17.857142857142858,17.857142857142858,0.0,0.008650000001459,10,10,0.0324025628346692,0.0207440897181482,True,0.9523809523809523,1.0,0.9523809523809523,0.0
AHMPUL0C13,251101000001,251111040005,2025-11-01T08:09:41,2025-11-11T12:25:59,28.0,28.0,5.0,5.0,17.857142857142858,17.857142857142858,0.0,0.008650000001459,12,10,0.0038680115917643,0.0048698079383465,True,0.9538461538461539,0.9836065573770492,0.9538461538461539,0.0
AHMPUL0C13,251110230014,251111040005,2025-11-11T07:35:38,2025-11-11T12:25:59,28.0,28.0,5.0,5.0,17.857142857142858,17.857142857142858,0.0,0.008650000001459,11,10,0.0096826375918388,0.0224640370442396,True,0.9848484848484849,1.0,0.9848484848484849,0.0
AHMPUL0C13,250111000001,251120220014,2025-01-11T08:37:09,2025-11-21T06:34:00,30.0,31.0,7.0,6.5,23.33333333333333,20.967741935483872,0.0127833333332091,0.0268333333350407,12,11,0.0979909918241248,0.0268655475927832,True,0.9701492537313433,0.9855072463768116,0.9701492537313433,-10.138248847926246
AHMPUL0C13,250120220007,251120220014,2025-01-21T06:04:58,2025-11-21T06:34:00,31.0,31.0,6.0,6.5,19.35483870967742,20.967741935483872,0.0,0.0268333333350407,10,11,0.1291553931300079,0.0441495277021433,True,1.0,1.0,1.0,8.333333333333325
AHMPUL0C13,250121010002,251120220014,2025-01-21T09:11:20,2025-11-21T06:34:00,30.0,31.0,6.5,6.5,21.666666666666668,20.967741935483872,0.0,0.0268333333350407,10,11,0.0440667822426167,0.0278176929036663,True,1.0,1.0,1.0,-3.2258064516129004
AHMPUL0C13,250310220011,251120220014,2025-03-11T06:30:15,2025-11-21T06:34:00,30.0,31.0,6.5,6.5,21.666666666666668,20.967741935483872,0.0,0.0268333333350407,10,11,0.123293105938389,0.0361176367545964,True,1.0,0.9855072463768116,0.9855072463768116,-3.2258064516129004
AHMPUL0C13,250311020004,251120220014,2025-03-11T10:43:44,2025-11-21T06:34:00,30.0,31.0,8.0,6.5,26.666666666666668,20.967741935483872,0.0079833333341715,0.0268333333350407,11,11,0.074046442940292,0.0234932491396129,True,0.9857142857142858,1.0,0.9857142857142858,-21.370967741935488
AHMPUL0C13,250311060007,251120220014,2025-03-11T14:17:44,2025-11-21T06:34:00,31.0,31.0,7.0,6.5,22.58064516129032,20.967741935483872,0.0,0.0268333333350407,13,11,0.0974399815997806,0.0482547560763376,True,1.0,0.9855072463768116,0.9855072463768116,-7.142857142857128
AHMPUL0C13,250320220012,251120220014,2025-03-21T06:02:37,2025-11-21T06:34:00,31.0,31.0,7.0,6.5,22.58064516129032,20.967741935483872,0.0,0.0268333333350407,10,11,0.0345354210338358,0.045499306827775,True,1.0,1.0,1.0,-7.142857142857128
AHMPUL0C13,250321000002,251120220014,2025-03-21T08:53:36,2025-11-21T06:34:00,31.0,31.0,6.0,6.5,19.35483870967742,20.967741935483872,0.0,0.0268333333350407,9,11,0.6514971583713007,0.0386470676454817,True,0.9864864864864865,1.0,0.9864864864864865,8.333333333333325
AHMPUL0C13,250321030006,251120220014,2025-03-21T11:23:27,2025-11-21T06:34:00,31.0,31.0,6.0,6.5,19.35483870967742,20.967741935483872,0.009299999999348,0.0268333333350407,9,11,0.1076467523312816,0.0306688045598679,True,1.0,0.9855072463768116,0.9855072463768116,8.333333333333325
AHMPUL0C13,250330230001,251120220014,2025-03-31T07:24:49,2025-11-21T06:34:00,31.0,31.0,7.0,6.5,22.58064516129032,20.967741935483872,0.0,0.0268333333350407,12,11,0.1302130258060677,0.0398357847588267,True,0.972972972972973,0.9855072463768116,0.972972972972973,-7.142857142857128
AHMPUL0C13,250520220015,251120220014,2025-05-21T06:40:10,2025-11-21T06:34:00,30.0,31.0,6.0,6.5,20.0,20.967741935483872,0.0,0.0268333333350407,9,11,0.0226526764223003,0.0328912478657552,True,1.0,1.0,1.0,4.8387096774193505
AHMPUL0C13,250521010002,251120220014,2025-05-21T09:16:36,2025-11-21T06:34:00,31.0,31.0,6.0,6.5,19.35483870967742,20.967741935483872,0.0,0.0268333333350407,7,11,0.1217584446762454,0.0300705655534983,True,0.9848484848484849,1.0,0.9848484848484849,8.333333333333325
AHMPUL0C13,250521030005,251120220014,2025-05-21T11:58:11,2025-11-21T06:34:00,31.0,31.0,6.5,6.5,20.967741935483872,20.967741935483872,0.0093333333342646,0.0268333333350407,11,11,0.1075286095445369,0.0304938146673974,True,1.0,0.9855072463768116,0.9855072463768116,0.0
AHMPUL0C13,250521060007,251120220014,2025-05-21T14:29:19,2025-11-21T06:34:00,30.0,31.0,6.5,6.5,21.666666666666668,20.967741935483872,0.0121833333318742,0.0268333333350407,11,11,0.0544325148495374,0.0274474194806332,True,0.9857142857142858,0.9855072463768116,0.9855072463768116,-3.2258064516129004
AHMPUL0C13,250701010002,251120220014,2025-07-01T09:24:46,2025-11-21T06:34:00,30.0,31.0,6.0,6.5,20.0,20.967741935483872,0.0,0.0268333333350407,10,11,0.0677399738713415,0.0078813682078687,True,1.0,1.0,1.0,4.8387096774193505
AHMPUL0C13,250701040006,251120220014,2025-07-01T12:10:18,2025-11-21T06:34:00,31.0,31.0,7.0,6.5,22.58064516129032,20.967741935483872,0.0399500000018936,0.0268333333350407,8,11,0.6495914027052265,0.0277160396141557,True,0.9701492537313433,1.0,0.9701492537313433,-7.142857142857128
AHMPUL0C13,250710210010,251120220014,2025-07-11T05:57:31,2025-11-21T06:34:00,30.0,31.0,6.0,6.5,20.0,20.967741935483872,0.0,0.0268333333350407,10,11,0.0155321057354908,0.0407290002115339,True,1.0,0.9855072463768116,0.9855072463768116,4.8387096774193505
AHMPUL0C13,250711030005,251120220014,2025-07-11T11:11:21,2025-11-21T06:34:00,31.0,31.0,6.5,6.5,20.967741935483872,20.967741935483872,0.0200333333341404,0.0268333333350407,12,11,0.105639843167318,0.0291104178302874,True,1.0,0.9855072463768116,0.9855072463768116,0.0
AHMPUL0C13,250711060008,251120220014,2025-07-11T14:44:08,2025-11-21T06:34:00,36.0,31.0,7.0,6.5,19.444444444444446,20.967741935483872,0.023316666666263,0.0268333333350407,10,11,0.0598765616034592,0.0531494780112468,True,0.9012345679012346,0.9855072463768116,0.9012345679012346,7.834101382488479
AHMPUL0C13,250720210001,251120220014,2025-07-21T05:57:24,2025-11-21T06:34:00,30.0,31.0,6.0,6.5,20.0,20.967741935483872,0.0,0.0268333333350407,11,11,0.0247784404969218,0.0359068776566722,True,1.0,1.0,1.0,4.8387096774193505
AHMPUL0C13,250721010002,251120220014,2025-07-21T09:14:47,2025-11-21T06:34:00,30.0,31.0,6.0,6.5,20.0,20.967741935483872,0.0,0.0268333333350407,9,11,0.0893851676345255,0.0380146255962004,True,0.9863013698630136,1.0,0.9863013698630136,4.8387096774193505
AHMPUL0C13,250721050007,251120220014,2025-07-21T13:08:37,2025-11-21T06:34:00,30.0,31.0,6.0,6.5,20.0,20.967741935483872,0.0,0.0268333333350407,11,11,0.1148602710001941,0.018099679817475,True,1.0,1.0,1.0,4.8387096774193505
AHMPUL0C13,250730220015,251120220014,2025-07-31T06:32:13,2025-11-21T06:34:00,30.0,31.0,6.5,6.5,21.666666666666668,20.967741935483872,0.0,0.0268333333350407,8,11,0.104259643379343,0.0236902115423817,True,1.0,0.9855072463768116,0.9855072463768116,-3.2258064516129004
AHMPUL0C13,250731050008,251120220014,2025-07-31T13:16:52,2025-11-21T06:34:00,31.0,31.0,6.0,6.5,19.35483870967742,20.967741935483872,0.0021000000027318,0.0268333333350407,9,11,0.6429828311016088,0.0645193203618697,True,0.9565217391304348,0.9855072463768116,0.9565217391304348,8.333333333333325
AHMPUL0C13,250901020004,251120220014,2025-09-01T10:30:09,2025-11-21T06:34:00,31.0,31.0,7.5,6.5,24.193548387096776,20.967741935483872,0.0740999999999379,0.0268333333350407,11,11,0.0694798428775388,0.0277362572443469,True,0.9726027397260274,0.9855072463768116,0.9726027397260274,-13.33333333333333
AHMPUL0C13,250910220010,251120220014,2025-09-11T06:04:49,2025-11-21T06:34:00,31.0,31.0,6.5,6.5,20.967741935483872,20.967741935483872,0.0146166666682499,0.0268333333350407,9,11,0.0012231441926215,0.0081083018395262,True,1.0,1.0,1.0,0.0
AHMPUL0C13,250911040005,251120220014,2025-09-11T12:59:28,2025-11-21T06:34:00,31.0,31.0,6.5,6.5,20.967741935483872,20.967741935483872,0.0174166666654249,0.0268333333350407,10,11,0.2308098393445429,0.0258668334337622,True,1.0,1.0,1.0,0.0
AHMPUL0C13,250929220006,251120220014,2025-09-30T06:36:49,2025-11-21T06:34:00,31.0,31.0,7.5,6.5,24.193548387096776,20.967741935483872,0.067483333335258,0.0268333333350407,12,11,0.1237252425873071,0.0151647003413504,True,1.0,1.0,1.0,-13.33333333333333
AHMPUL0C13,250930030003,251120220014,2025-09-30T11:45:29,2025-11-21T06:34:00,31.0,31.0,6.5,6.5,20.967741935483872,20.967741935483872,0.0276666666691501,0.0268333333350407,13,11,0.0887006010040018,0.0379529626536907,True,0.9857142857142858,0.9855072463768116,0.9855072463768116,0.0
AHMPUL0C13,251031220008,251120220014,2025-11-01T06:33:33,2025-11-21T06:34:00,31.0,31.0,6.0,6.5,19.35483870967742,20.967741935483872,0.0,0.0268333333350407,11,11,0.0326781530550967,0.0097583078460351,True,1.0,0.9855072463768116,0.9855072463768116,8.333333333333325
AHMPUL0C13,251101010003,251120220014,2025-11-01T09:27:01,2025-11-21T06:34:00,31.0,31.0,7.5,6.5,24.193548387096776,20.967741935483872,0.0192833333315017,0.0268333333350407,14,11,0.1031315633673621,0.0424195117315177,True,1.0,1.0,1.0,-13.33333333333333
AHMPUL0C13,251110220012,251120220014,2025-11-11T06:04:56,2025-11-21T06:34:00,30.0,31.0,6.0,6.5,20.0,20.967741935483872,0.0,0.0268333333350407,10,11,0.1356570407837349,0.0540995670552362,True,1.0,1.0,1.0,4.8387096774193505
AHMPUL0C13,251111000001,251120220014,2025-11-11T08:54:56,2025-11-21T06:34:00,31.0,31.0,6.5,6.5,20.967741935483872,20.967741935483872,0.0,0.0268333333350407,8,11,0.121153678108353,0.021013888358889,True,1.0,1.0,1.0,0.0
AHMPUL0C13,251111030004,251120220014,2025-11-11T11:22:12,2025-11-21T06:34:00,31.0,31.0,6.0,6.5,19.35483870967742,20.967741935483872,0.0,0.0268333333350407,9,11,0.1047250702705961,0.0040030173591172,True,1.0,1.0,1.0,8.333333333333325
AHMPUL0C13,250111020002,251121000001,2025-01-11T10:07:29,2025-11-21T08:14:22,28.0,28.0,6.5,5.0,23.214285714285715,17.857142857142858,0.0,0.0,14,10,0.0271599135916623,0.0978066990836187,True,0.9705882352941176,0.9696969696969697,0.9696969696969697,-23.076923076923073
AHMPUL0C13,250120230010,251121000001,2025-01-21T07:34:19,2025-11-21T08:14:22,28.0,28.0,5.5,5.0,19.642857142857142,17.857142857142858,0.0039333333338921,0.0,12,10,0.0024152838390306,0.0309204856439705,True,0.9428571428571428,0.9696969696969697,0.9428571428571428,-9.090909090909083
AHMPUL0C13,250311000001,251121000001,2025-03-11T08:20:04,2025-11-21T08:14:22,29.0,28.0,5.5,5.0,18.96551724137931,17.857142857142858,0.0,0.0,10,10,0.0279476781047107,0.5697235154605051,True,0.9701492537313433,0.9696969696969697,0.9696969696969697,-5.844155844155841
AHMPUL0C13,250320230014,251121000001,2025-03-21T07:34:21,2025-11-21T08:14:22,28.0,28.0,5.5,5.0,19.642857142857142,17.857142857142858,0.0,0.0,11,10,0.0133528739239081,0.0655342258167126,True,0.9696969696969697,0.9696969696969697,0.9696969696969697,-9.090909090909083
AHMPUL0C13,250321040007,251121000001,2025-03-21T12:44:13,2025-11-21T08:14:22,28.0,28.0,6.0,5.0,21.428571428571427,17.857142857142858,0.0,0.0,10,10,0.0313944145426586,0.0050547698523451,True,0.9682539682539683,0.9696969696969697,0.9682539682539683,-16.666666666666664
AHMPUL0C13,250521000001,251121000001,2025-05-21T08:06:46,2025-11-21T08:14:22,28.0,28.0,5.0,5.0,17.857142857142858,17.857142857142858,0.0,0.0,10,10,0.0339348426327603,0.0622729370943697,True,0.9682539682539683,0.9696969696969697,0.9682539682539683,0.0
AHMPUL0C13,250521050006,251121000001,2025-05-21T13:18:08,2025-11-21T08:14:22,28.0,28.0,6.0,5.0,21.428571428571427,17.857142857142858,0.0,0.0,11,10,0.0309448175622271,0.0188541888125299,True,0.9852941176470589,0.9696969696969697,0.9696969696969697,-16.666666666666664
AHMPUL0C13,250521070008,251121000001,2025-05-21T15:56:20,2025-11-21T08:14:22,29.0,28.0,5.5,5.0,18.96551724137931,17.857142857142858,0.0,0.0,11,10,0.0277543275225976,0.0593509874988692,True,0.9384615384615385,0.9393939393939394,0.9384615384615385,-5.844155844155841
AHMPUL0C13,250701050007,251121000001,2025-07-01T13:58:49,2025-11-21T08:14:22,28.0,28.0,5.0,5.0,17.857142857142858,17.857142857142858,0.0,0.0,11,10,0.0282213054259001,0.0168334358189664,True,0.9696969696969697,0.9696969696969697,0.9696969696969697,0.0
AHMPUL0C13,250710230012,251121000001,2025-07-11T07:35:54,2025-11-21T08:14:22,29.0,28.0,5.5,5.0,18.96551724137931,17.857142857142858,0.0,0.0,8,10,0.0241063228103995,0.1015526280302938,True,0.9466666666666667,0.9696969696969697,0.9466666666666667,-5.844155844155841
AHMPUL0C13,250711050006,251121000001,2025-07-11T13:00:53,2025-11-21T08:14:22,28.0,28.0,5.5,5.0,19.642857142857142,17.857142857142858,0.0,0.0,8,10,0.0296838129107895,0.0193461157017805,True,0.9661016949152542,0.9545454545454546,0.9545454545454546,-9.090909090909083
AHMPUL0C13,250720230003,251121000001,2025-07-21T07:34:50,2025-11-21T08:14:22,29.0,28.0,5.0,5.0,17.24137931034483,17.857142857142858,0.0,0.0,7,10,0.0185436470241055,0.0379958567915104,True,1.0,0.9696969696969697,0.9696969696969697,3.5714285714285587
AHMPUL0C13,250721060008,251121000001,2025-07-21T14:55:05,2025-11-21T08:14:22,28.0,28.0,5.5,5.0,19.642857142857142,17.857142857142858,0.0042500000020178,0.0,10,10,0.018135963989506,0.0964337817089229,True,0.9701492537313433,0.9696969696969697,0.9696969696969697,-9.090909090909083
AHMPUL0C13,250730230016,251121000001,2025-07-31T07:36:50,2025-11-21T08:14:22,28.0,28.0,6.0,5.0,21.428571428571427,17.857142857142858,0.0,0.0,9,10,0.0243998871479411,0.0160046666070936,True,0.9846153846153847,0.9545454545454546,0.9545454545454546,-16.666666666666664
AHMPUL0C13,250731030006,251121000001,2025-07-31T11:41:45,2025-11-21T08:14:22,28.0,28.0,5.0,5.0,17.857142857142858,17.857142857142858,0.0,0.0,11,10,0.0160185798470996,0.0509587822670139,True,0.9545454545454546,0.9545454545454546,0.9545454545454546,0.0
AHMPUL0C13,250731080011,251121000001,2025-07-31T16:08:01,2025-11-21T08:14:22,29.0,28.0,6.0,5.0,20.689655172413797,17.857142857142858,0.0,0.0,11,10,0.0172387392205187,0.0539133453138083,True,0.9552238805970149,0.9696969696969697,0.9552238805970149,-13.690476190476208
AHMPUL0C13,250901060008,251121000001,2025-09-01T14:31:59,2025-11-21T08:14:22,29.0,28.0,5.0,5.0,17.24137931034483,17.857142857142858,0.0,0.0,11,10,0.0038896701592193,0.0457157113056795,True,0.9375,0.9696969696969697,0.9375,3.5714285714285587
AHMPUL0C13,250910230011,251121000001,2025-09-11T07:52:22,2025-11-21T08:14:22,28.0,28.0,5.0,5.0,17.857142857142858,17.857142857142858,0.0012333333337058,0.0,11,10,0.0068694403143815,0.0002223898534611,True,0.967741935483871,0.9696969696969697,0.967741935483871,0.0
AHMPUL0C13,250911030004,251121000001,2025-09-11T11:21:38,2025-11-21T08:14:22,28.0,28.0,5.5,5.0,19.642857142857142,17.857142857142858,0.0306999999990997,0.0,12,10,0.0189735822651035,0.3096835546212708,True,0.9726027397260274,0.9848484848484849,0.9726027397260274,-9.090909090909083
AHMPUL0C13,250911060006,251121000001,2025-09-11T14:26:08,2025-11-21T08:14:22,28.0,28.0,5.5,5.0,19.642857142857142,17.857142857142858,0.0,0.0,10,10,0.0259309699476679,0.0533257844281154,True,0.967741935483871,0.9545454545454546,0.9545454545454546,-9.090909090909083
AHMPUL0C13,250930010002,251121000001,2025-09-30T09:35:02,2025-11-21T08:14:22,28.0,28.0,6.0,5.0,21.428571428571427,17.857142857142858,0.0543999999994412,0.0,13,10,0.0342312735750162,0.0252259392051712,True,0.9577464788732394,0.9696969696969697,0.9577464788732394,-16.666666666666664
AHMPUL0C13,250930050004,251121000001,2025-09-30T13:36:37,2025-11-21T08:14:22,28.0,28.0,5.0,5.0,17.857142857142858,17.857142857142858,0.0,0.0,10,10,0.0378809210010509,0.0606467268299058,True,0.9523809523809523,0.9545454545454546,0.9523809523809523,0.0
AHMPUL0C13,251101000001,251121000001,2025-11-01T08:09:41,2025-11-21T08:14:22,28.0,28.0,5.0,5.0,17.857142857142858,17.857142857142858,0.0,0.0,12,10,0.0019610754427751,0.0408439078393936,True,0.9692307692307692,0.9696969696969697,0.9692307692307692,0.0
AHMPUL0C13,251110230014,251121000001,2025-11-11T07:35:38,2025-11-21T08:14:22,28.0,28.0,5.0,5.0,17.857142857142858,17.857142857142858,0.0,0.0,11,10,0.0147881824069065,0.0595922627774724,True,0.9848484848484849,0.9696969696969697,0.9696969696969697,0.0
AHMPUL0C13,251111040005,251121000001,2025-11-11T12:25:59,2025-11-21T08:14:22,28.0,28.0,5.0,5.0,17.857142857142858,17.857142857142858,0.008650000001459,0.0,10,10,0.0055283108710822,0.0400250657502269,True,0.9836065573770492,0.9393939393939394,0.9393939393939394,0.0
AHMPUL0C13,250911010002,251121010003,2025-09-11T09:51:00,2025-11-21T09:47:54,26.0,26.0,5.0,5.5,19.230769230769237,21.153846153846157,0.0,0.0,4,4,0.0007499496554266,0.006573038580159,True,1.0,1.0,1.0,9.999999999999986
AHMPUL0C13,250111020002,251121050006,2025-01-11T10:07:29,2025-11-21T13:24:10,28.0,29.0,6.5,5.0,23.214285714285715,17.24137931034483,0.0,0.0018999999971129,14,10,0.0140343928732478,0.0667697957248149,True,1.0,1.0,1.0,-25.72944297082228
AHMPUL0C13,250120230010,251121050006,2025-01-21T07:34:19,2025-11-21T13:24:10,28.0,29.0,5.5,5.0,19.642857142857142,17.24137931034483,0.0039333333338921,0.0018999999971129,12,10,0.0169545351031788,0.0745699074726913,True,0.9857142857142858,1.0,0.9857142857142858,-12.225705329153591
AHMPUL0C13,250311000001,251121050006,2025-03-11T08:20:04,2025-11-21T13:24:10,29.0,29.0,5.5,5.0,18.96551724137931,17.24137931034483,0.0,0.0018999999971129,10,10,0.0130943492112658,0.5525221035916847,True,0.9850746268656716,0.9846153846153847,0.9846153846153847,-9.090909090909083
AHMPUL0C13,250320230014,251121050006,2025-03-21T07:34:21,2025-11-21T13:24:10,28.0,29.0,5.5,5.0,19.642857142857142,17.24137931034483,0.0,0.0018999999971129,11,10,0.0053996059039346,0.0215470856423403,True,1.0,0.9846153846153847,0.9846153846153847,-12.225705329153591
AHMPUL0C13,250321040007,251121050006,2025-03-21T12:44:13,2025-11-21T13:24:10,28.0,29.0,6.0,5.0,21.428571428571427,17.24137931034483,0.0,0.0018999999971129,10,10,0.0235248208694474,0.0513475850818504,True,1.0,0.9846153846153847,0.9846153846153847,-19.540229885057457
AHMPUL0C13,250521000001,251121050006,2025-05-21T08:06:46,2025-11-21T13:24:10,28.0,29.0,5.0,5.0,17.857142857142858,17.24137931034483,0.0,0.0018999999971129,10,10,0.033019776964865,0.0154997387308138,True,0.9841269841269841,0.9692307692307692,0.9692307692307692,-3.4482758620689613
AHMPUL0C13,250521050006,251121050006,2025-05-21T13:18:08,2025-11-21T13:24:10,28.0,29.0,6.0,5.0,21.428571428571427,17.24137931034483,0.0,0.0018999999971129,11,10,0.0191868584936803,0.0598354511540561,True,1.0,0.9692307692307692,0.9692307692307692,-19.540229885057457
AHMPUL0C13,250521070008,251121050006,2025-05-21T15:56:20,2025-11-21T13:24:10,29.0,29.0,5.5,5.0,18.96551724137931,17.24137931034483,0.0,0.0018999999971129,11,10,0.0147004808729027,0.0135491934864786,True,1.0,0.9846153846153847,0.9846153846153847,-9.090909090909083
AHMPUL0C13,250701050007,251121050006,2025-07-01T13:58:49,2025-11-21T13:24:10,28.0,29.0,5.0,5.0,17.857142857142858,17.24137931034483,0.0,0.0018999999971129,11,10,0.0174503950553322,0.0583165310763761,True,1.0,0.9692307692307692,0.9692307692307692,-3.4482758620689613
AHMPUL0C13,250710230012,251121050006,2025-07-11T07:35:54,2025-11-21T13:24:10,29.0,29.0,5.5,5.0,18.96551724137931,17.24137931034483,0.0,0.0018999999971129,8,10,0.0094428594082837,0.0590741156664682,True,0.9866666666666667,0.9846153846153847,0.9846153846153847,-9.090909090909083
AHMPUL0C13,250711050006,251121050006,2025-07-11T13:00:53,2025-11-21T13:24:10,28.0,29.0,5.5,5.0,19.642857142857142,17.24137931034483,0.0,0.0018999999971129,8,10,0.0196637692610974,0.0579816203953977,True,1.0,0.9692307692307692,0.9692307692307692,-12.225705329153591
AHMPUL0C13,250720230003,251121050006,2025-07-21T07:34:50,2025-11-21T13:24:10,29.0,29.0,5.0,5.0,17.24137931034483,17.24137931034483,0.0,0.0018999999971129,7,10,0.0237804606810479,0.0091306346301322,True,0.984375,0.9692307692307692,0.9692307692307692,0.0
AHMPUL0C13,250721060008,251121050006,2025-07-21T14:55:05,2025-11-21T13:24:10,28.0,29.0,5.5,5.0,19.642857142857142,17.24137931034483,0.0042500000020178,0.0018999999971129,10,10,0.0037806275056561,0.0889970039197974,True,0.9850746268656716,0.9692307692307692,0.9692307692307692,-12.225705329153591
AHMPUL0C13,250730230016,251121050006,2025-07-31T07:36:50,2025-11-21T13:24:10,28.0,29.0,6.0,5.0,21.428571428571427,17.24137931034483,0.0,0.0018999999971129,9,10,0.0174622901195379,0.0627671677092426,True,1.0,0.9692307692307692,0.9692307692307692,-19.540229885057457
AHMPUL0C13,250731030006,251121050006,2025-07-31T11:41:45,2025-11-21T13:24:10,28.0,29.0,5.0,5.0,17.857142857142858,17.24137931034483,0.0,0.0018999999971129,11,10,0.0033131791581182,0.0060898954290904,True,0.9848484848484849,0.9846153846153847,0.9846153846153847,-3.4482758620689613
AHMPUL0C13,250731080011,251121050006,2025-07-31T16:08:01,2025-11-21T13:24:10,29.0,29.0,6.0,5.0,20.689655172413797,17.24137931034483,0.0,0.0018999999971129,11,10,0.0129139118592429,0.0080380073423849,True,0.9850746268656716,0.9692307692307692,0.9692307692307692,-16.666666666666675
AHMPUL0C13,250901060008,251121050006,2025-09-01T14:31:59,2025-11-21T13:24:10,29.0,29.0,5.0,5.0,17.24137931034483,17.24137931034483,0.0,0.0018999999971129,11,10,0.0129328759326701,0.0114024931306763,True,0.984375,0.9692307692307692,0.9692307692307692,0.0
AHMPUL0C13,250910230011,251121050006,2025-09-11T07:52:22,2025-11-21T13:24:10,28.0,29.0,5.0,5.0,17.857142857142858,17.24137931034483,0.0012333333337058,0.0018999999971129,11,10,0.0085785070992357,0.0465921710493396,True,0.9838709677419355,0.9384615384615385,0.9384615384615385,-3.4482758620689613
AHMPUL0C13,250911030004,251121050006,2025-09-11T11:21:38,2025-11-21T13:24:10,28.0,29.0,5.5,5.0,19.642857142857142,17.24137931034483,0.0306999999990997,0.0018999999971129,12,10,0.0072905817543183,0.3295721453970013,True,0.958904109589041,0.9692307692307692,0.958904109589041,-12.225705329153591
AHMPUL0C13,250911060006,251121050006,2025-09-11T14:26:08,2025-11-21T13:24:10,28.0,29.0,5.5,5.0,19.642857142857142,17.24137931034483,0.0,0.0018999999971129,10,10,0.0110566234413265,0.0117402136279604,True,1.0,0.9692307692307692,0.9692307692307692,-12.225705329153591
AHMPUL0C13,250930010002,251121050006,2025-09-30T09:35:02,2025-11-21T13:24:10,28.0,29.0,6.0,5.0,21.428571428571427,17.24137931034483,0.0543999999994412,0.0018999999971129,13,10,0.0210516285349353,0.0230352012178723,True,0.9859154929577465,0.9846153846153847,0.9846153846153847,-19.540229885057457
AHMPUL0C13,250930050004,251121050006,2025-09-30T13:36:37,2025-11-21T13:24:10,28.0,29.0,5.0,5.0,17.857142857142858,17.24137931034483,0.0,0.0018999999971129,10,10,0.0235273133016,0.0154767130249164,True,1.0,0.9692307692307692,0.9692307692307692,-3.4482758620689613
AHMPUL0C13,251101000001,251121050006,2025-11-01T08:09:41,2025-11-21T13:24:10,28.0,29.0,5.0,5.0,17.857142857142858,17.24137931034483,0.0,0.0018999999971129,12,10,0.0134716787646071,0.0064132639399388,True,1.0,0.9692307692307692,0.9692307692307692,-3.4482758620689613
AHMPUL0C13,251110230014,251121050006,2025-11-11T07:35:38,2025-11-21T13:24:10,28.0,29.0,5.0,5.0,17.857142857142858,17.24137931034483,0.0,0.0018999999971129,11,10,0.0016717815351466,0.0131057282284124,True,1.0,1.0,1.0,-3.4482758620689613
AHMPUL0C13,251111040005,251121050006,2025-11-11T12:25:59,2025-11-21T13:24:10,28.0,29.0,5.0,5.0,17.857142857142858,17.24137931034483,0.008650000001459,0.0018999999971129,10,10,0.0106133718538316,0.0101245442906263,True,1.0,0.9692307692307692,0.9692307692307692,-3.4482758620689613
AHMPUL0C13,251121000001,251121050006,2025-11-21T08:14:22,2025-11-21T13:24:10,28.0,29.0,5.0,5.0,17.857142857142858,17.24137931034483,0.0,0.0018999999971129,10,10,0.0154308019908664,0.0467749200186838,True,0.9696969696969697,0.9846153846153847,0.9696969696969697,-3.4482758620689613
AHMPUL0C13,250111000001,251121060007,2025-01-11T08:37:09,2025-11-21T14:39:54,30.0,31.0,7.0,7.5,23.33333333333333,24.193548387096776,0.0127833333332091,0.0648500000010244,12,9,0.0125579108036338,0.0272776331864104,True,1.0,1.0,1.0,3.6866359447004893
AHMPUL0C13,250120220007,251121060007,2025-01-21T06:04:58,2025-11-21T14:39:54,31.0,31.0,6.0,7.5,19.35483870967742,24.193548387096776,0.0,0.0648500000010244,10,9,0.0811620740794398,0.0278850121775641,True,1.0,0.9714285714285714,0.9714285714285714,25.0
AHMPUL0C13,250121010002,251121060007,2025-01-21T09:11:20,2025-11-21T14:39:54,30.0,31.0,6.5,7.5,21.666666666666668,24.193548387096776,0.0,0.0648500000010244,10,9,0.0774514005330065,0.0343728961742047,True,1.0,0.9857142857142858,0.9857142857142858,11.662531017369737
AHMPUL0C13,250310220011,251121060007,2025-03-11T06:30:15,2025-11-21T14:39:54,30.0,31.0,6.5,7.5,21.666666666666668,24.193548387096776,0.0,0.0648500000010244,10,9,0.0726246095778106,0.041375502010977,True,0.9850746268656716,0.9571428571428572,0.9571428571428572,11.662531017369737
AHMPUL0C13,250311020004,251121060007,2025-03-11T10:43:44,2025-11-21T14:39:54,30.0,31.0,8.0,7.5,26.666666666666668,24.193548387096776,0.0079833333341715,0.0648500000010244,11,9,0.0661349934860806,0.027683364994973,True,0.9857142857142858,0.9857142857142858,0.9857142857142858,-9.2741935483871
AHMPUL0C13,250311060007,251121060007,2025-03-11T14:17:44,2025-11-21T14:39:54,31.0,31.0,7.0,7.5,22.58064516129032,24.193548387096776,0.0,0.0648500000010244,13,9,0.0344941476323403,0.0337953125558831,True,1.0,0.9857142857142858,0.9857142857142858,7.142857142857162
AHMPUL0C13,250320220012,251121060007,2025-03-21T06:02:37,2025-11-21T14:39:54,31.0,31.0,7.0,7.5,22.58064516129032,24.193548387096776,0.0,0.0648500000010244,10,9,0.1130763389107247,0.0201386164530012,True,1.0,0.9714285714285714,0.9714285714285714,7.142857142857162
AHMPUL0C13,250321000002,251121060007,2025-03-21T08:53:36,2025-11-21T14:39:54,31.0,31.0,6.0,7.5,19.35483870967742,24.193548387096776,0.0,0.0648500000010244,9,9,0.5560713519334854,0.0432473294779046,True,0.9864864864864865,0.9857142857142858,0.9857142857142858,25.0
AHMPUL0C13,250321030006,251121060007,2025-03-21T11:23:27,2025-11-21T14:39:54,31.0,31.0,6.0,7.5,19.35483870967742,24.193548387096776,0.009299999999348,0.0648500000010244,9,9,0.0172596062836212,0.0403361420792426,True,1.0,0.9714285714285714,0.9714285714285714,25.0
AHMPUL0C13,250330230001,251121060007,2025-03-31T07:24:49,2025-11-21T14:39:54,31.0,31.0,7.0,7.5,22.58064516129032,24.193548387096776,0.0,0.0648500000010244,12,9,0.0892491122058056,0.0176672765888271,True,1.0,1.0,1.0,7.142857142857162
AHMPUL0C13,250520220015,251121060007,2025-05-21T06:40:10,2025-11-21T14:39:54,30.0,31.0,6.0,7.5,20.0,24.193548387096776,0.0,0.0648500000010244,9,9,0.0923929502370755,0.0532946912810405,True,1.0,0.9857142857142858,0.9857142857142858,20.967741935483875
AHMPUL0C13,250521010002,251121060007,2025-05-21T09:16:36,2025-11-21T14:39:54,31.0,31.0,6.0,7.5,19.35483870967742,24.193548387096776,0.0,0.0648500000010244,7,9,0.0154997387308138,0.0271495277789617,True,1.0,0.9857142857142858,0.9857142857142858,25.0
AHMPUL0C13,250521030005,251121060007,2025-05-21T11:58:11,2025-11-21T14:39:54,31.0,31.0,6.5,7.5,20.967741935483872,24.193548387096776,0.0093333333342646,0.0648500000010244,11,9,0.0078897455849172,0.0324371707385344,True,1.0,0.9857142857142858,0.9857142857142858,15.384615384615397
AHMPUL0C13,250521060007,251121060007,2025-05-21T14:29:19,2025-11-21T14:39:54,30.0,31.0,6.5,7.5,21.666666666666668,24.193548387096776,0.0121833333318742,0.0648500000010244,11,9,0.0626661347427878,0.0277066850944091,True,0.9857142857142858,1.0,0.9857142857142858,11.662531017369737
AHMPUL0C13,250701010002,251121060007,2025-07-01T09:24:46,2025-11-21T14:39:54,30.0,31.0,6.0,7.5,20.0,24.193548387096776,0.0,0.0648500000010244,10,9,0.0530948513487465,0.0270454417919812,True,1.0,0.9714285714285714,0.9714285714285714,20.967741935483875
AHMPUL0C13,250701040006,251121060007,2025-07-01T12:10:18,2025-11-21T14:39:54,31.0,31.0,7.0,7.5,22.58064516129032,24.193548387096776,0.0399500000018936,0.0648500000010244,8,9,0.5547689072919496,0.0328216262453315,True,0.9850746268656716,0.9857142857142858,0.9850746268656716,7.142857142857162
AHMPUL0C13,250710210010,251121060007,2025-07-11T05:57:31,2025-11-21T14:39:54,30.0,31.0,6.0,7.5,20.0,24.193548387096776,0.0,0.0648500000010244,10,9,0.0936701652529936,0.0159008745104459,True,1.0,1.0,1.0,20.967741935483875
AHMPUL0C13,250711030005,251121060007,2025-07-11T11:11:21,2025-11-21T14:39:54,31.0,31.0,6.5,7.5,20.967741935483872,24.193548387096776,0.0200333333341404,0.0648500000010244,12,9,0.0112490761017588,0.035200345077938,True,1.0,1.0,1.0,15.384615384615397
AHMPUL0C13,250711060008,251121060007,2025-07-11T14:44:08,2025-11-21T14:39:54,36.0,31.0,7.0,7.5,19.444444444444446,24.193548387096776,0.023316666666263,0.0648500000010244,10,9,0.0574508759733841,0.0252444902982451,True,0.8888888888888888,0.9857142857142858,0.8888888888888888,24.423963133640548
AHMPUL0C13,250720210001,251121060007,2025-07-21T05:57:24,2025-11-21T14:39:54,30.0,31.0,6.0,7.5,20.0,24.193548387096776,0.0,0.0648500000010244,11,9,0.1272434696346225,0.0174939956820657,True,1.0,0.9857142857142858,0.9857142857142858,20.967741935483875
AHMPUL0C13,250721010002,251121060007,2025-07-21T09:14:47,2025-11-21T14:39:54,30.0,31.0,6.0,7.5,20.0,24.193548387096776,0.0,0.0648500000010244,9,9,0.0568406515706288,0.0619992473966553,True,0.9863013698630136,1.0,0.9863013698630136,20.967741935483875
AHMPUL0C13,250721050007,251121060007,2025-07-21T13:08:37,2025-11-21T14:39:54,30.0,31.0,6.0,7.5,20.0,24.193548387096776,0.0,0.0648500000010244,11,9,0.0234751468563232,0.0229979286584106,True,1.0,0.9857142857142858,0.9857142857142858,20.967741935483875
AHMPUL0C13,250730220015,251121060007,2025-07-31T06:32:13,2025-11-21T14:39:54,30.0,31.0,6.5,7.5,21.666666666666668,24.193548387096776,0.0,0.0648500000010244,8,9,0.0091255085050543,0.0364935775804316,True,1.0,1.0,1.0,11.662531017369737
AHMPUL0C13,250731050008,251121060007,2025-07-31T13:16:52,2025-11-21T14:39:54,31.0,31.0,6.0,7.5,19.35483870967742,24.193548387096776,0.0021000000027318,0.0648500000010244,9,9,0.5474846795839186,0.0376502134881778,True,0.9855072463768116,1.0,0.9855072463768116,25.0
AHMPUL0C13,250901020004,251121060007,2025-09-01T10:30:09,2025-11-21T14:39:54,31.0,31.0,7.5,7.5,24.193548387096776,24.193548387096776,0.0740999999999379,0.0648500000010244,11,9,0.0500316349179204,0.0480539476573528,True,1.0,1.0,1.0,0.0
AHMPUL0C13,250910220010,251121060007,2025-09-11T06:04:49,2025-11-21T14:39:54,31.0,31.0,6.5,7.5,20.967741935483872,24.193548387096776,0.0146166666682499,0.0648500000010244,9,9,0.1104179741889487,0.0273586667662657,True,1.0,0.9714285714285714,0.9714285714285714,15.384615384615397
AHMPUL0C13,250911040005,251121060007,2025-09-11T12:59:28,2025-11-21T14:39:54,31.0,31.0,6.5,7.5,20.967741935483872,24.193548387096776,0.0174166666654249,0.0648500000010244,10,9,0.3283778680151615,0.0217439043943413,True,1.0,0.9714285714285714,0.9714285714285714,15.384615384615397
AHMPUL0C13,250929220006,251121060007,2025-09-30T06:36:49,2025-11-21T14:39:54,31.0,31.0,7.5,7.5,24.193548387096776,24.193548387096776,0.067483333335258,0.0648500000010244,12,9,0.0145665353903864,0.0197156988030726,True,1.0,1.0,1.0,0.0
AHMPUL0C13,250930030003,251121060007,2025-09-30T11:45:29,2025-11-21T14:39:54,31.0,31.0,6.5,7.5,20.967741935483872,24.193548387096776,0.0276666666691501,0.0648500000010244,13,9,0.0230352012178723,0.028819503112638,True,0.9857142857142858,1.0,0.9857142857142858,15.384615384615397
AHMPUL0C13,251031220008,251121060007,2025-11-01T06:33:33,2025-11-21T14:39:54,31.0,31.0,6.0,7.5,19.35483870967742,24.193548387096776,0.0,0.0648500000010244,11,9,0.099088272701787,0.0398089277091064,True,1.0,0.9857142857142858,0.9857142857142858,25.0
AHMPUL0C13,251101010003,251121060007,2025-11-01T09:27:01,2025-11-21T14:39:54,31.0,31.0,7.5,7.5,24.193548387096776,24.193548387096776,0.0192833333315017,0.0648500000010244,14,9,0.0064132639399388,0.043267551628335,True,1.0,0.9714285714285714,0.9714285714285714,0.0
AHMPUL0C13,251110220012,251121060007,2025-11-11T06:04:56,2025-11-21T14:39:54,30.0,31.0,6.0,7.5,20.0,24.193548387096776,0.0,0.0648500000010244,10,9,0.1019906180543321,0.0311640663611187,True,1.0,0.9714285714285714,0.9714285714285714,20.967741935483875
AHMPUL0C13,251111000001,251121060007,2025-11-11T08:54:56,2025-11-21T14:39:54,31.0,31.0,6.5,7.5,20.967741935483872,24.193548387096776,0.0,0.0648500000010244,8,9,0.0131057282284124,0.02145024426151,True,0.9848484848484849,1.0,0.9848484848484849,15.384615384615397
AHMPUL0C13,251111030004,251121060007,2025-11-11T11:22:12,2025-11-21T14:39:54,31.0,31.0,6.0,7.5,19.35483870967742,24.193548387096776,0.0,0.0648500000010244,9,9,0.0147822773445663,0.0343949120900613,True,0.9852941176470589,0.9857142857142858,0.9852941176470589,25.0
AHMPUL0C13,251120220014,251121060007,2025-11-21T06:34:00,2025-11-21T14:39:54,31.0,31.0,6.5,7.5,20.967741935483872,24.193548387096776,0.0268333333350407,0.0648500000010244,11,9,0.1091985824210605,0.0348576814477977,True,1.0,0.9857142857142858,0.9857142857142858,15.384615384615397
AHMPUL0C13,250111020002,251121100009,2025-01-11T10:07:29,2025-11-21T18:06:30,28.0,28.0,6.5,5.5,23.214285714285715,19.642857142857142,0.0,0.0,14,9,0.020230935755521,0.1090819678948854,True,0.9852941176470589,0.9859154929577465,0.9852941176470589,-15.384615384615385
AHMPUL0C13,250120230010,251121100009,2025-01-21T07:34:19,2025-11-21T18:06:30,28.0,28.0,5.5,5.5,19.642857142857142,19.642857142857142,0.0039333333338921,0.0,12,9,0.023108377188413,0.0031411659563374,True,0.9857142857142858,0.9859154929577465,0.9857142857142858,0.0
AHMPUL0C13,250311000001,251121100009,2025-03-11T08:20:04,2025-11-21T18:06:30,29.0,28.0,5.5,5.5,18.96551724137931,19.642857142857142,0.0,0.0,10,9,0.0095028716312703,0.5968876289996727,True,0.9850746268656716,1.0,0.9850746268656716,3.571428571428581
AHMPUL0C13,250320230014,251121100009,2025-03-21T07:34:21,2025-11-21T18:06:30,28.0,28.0,5.5,5.5,19.642857142857142,19.642857142857142,0.0,0.0,11,9,0.007795220617091,0.0881229979826687,True,1.0,0.971830985915493,0.971830985915493,0.0
AHMPUL0C13,250321040007,251121100009,2025-03-21T12:44:13,2025-11-21T18:06:30,28.0,28.0,6.0,5.5,21.428571428571427,19.642857142857142,0.0,0.0,10,9,0.0319528017420797,0.0254271988790142,True,1.0,0.9859154929577465,0.9859154929577465,-8.333333333333325
AHMPUL0C13,250521000001,251121100009,2025-05-21T08:06:46,2025-11-21T18:06:30,28.0,28.0,5.0,5.5,17.857142857142858,19.642857142857142,0.0,0.0,10,9,0.0426660911051105,0.0879775874011821,True,0.9841269841269841,1.0,0.9841269841269841,9.999999999999986
AHMPUL0C13,250521050006,251121100009,2025-05-21T13:18:08,2025-11-21T18:06:30,28.0,28.0,6.0,5.5,21.428571428571427,19.642857142857142,0.0,0.0,11,9,0.0258571211429677,0.0130466358650056,True,1.0,1.0,1.0,-8.333333333333325
AHMPUL0C13,250521070008,251121100009,2025-05-21T15:56:20,2025-11-21T18:06:30,29.0,28.0,5.5,5.5,18.96551724137931,19.642857142857142,0.0,0.0,11,9,0.0208485570700856,0.0837079186763539,True,0.9846153846153847,0.9859154929577465,0.9846153846153847,3.571428571428581
AHMPUL0C13,250701050007,251121100009,2025-07-01T13:58:49,2025-11-21T18:06:30,28.0,28.0,5.0,5.5,17.857142857142858,19.642857142857142,0.0,0.0,11,9,0.0250118146758272,0.0146906405184834,True,1.0,1.0,1.0,9.999999999999986
AHMPUL0C13,250710230012,251121100009,2025-07-11T07:35:54,2025-11-21T18:06:30,29.0,28.0,5.5,5.5,18.96551724137931,19.642857142857142,0.0,0.0,8,9,0.0146070393860331,0.1205687005665301,True,0.9733333333333334,1.0,0.9733333333333334,3.571428571428581
AHMPUL0C13,250711050006,251121100009,2025-07-11T13:00:53,2025-11-21T18:06:30,28.0,28.0,5.5,5.5,19.642857142857142,19.642857142857142,0.0,0.0,8,9,0.0274173622125139,0.0150959432087326,True,1.0,1.0,1.0,0.0
AHMPUL0C13,250720230003,251121100009,2025-07-21T07:34:50,2025-11-21T18:06:30,29.0,28.0,5.0,5.5,17.24137931034483,19.642857142857142,0.0,0.0,7,9,0.0332001406746752,0.0637420556019624,True,0.984375,1.0,0.984375,13.928571428571423
AHMPUL0C13,250721060008,251121100009,2025-07-21T14:55:05,2025-11-21T18:06:30,28.0,28.0,5.5,5.5,19.642857142857142,19.642857142857142,0.0042500000020178,0.0,10,9,0.0120459142179975,0.0928688143708668,True,1.0,1.0,1.0,0.0
AHMPUL0C13,250730230016,251121100009,2025-07-31T07:36:50,2025-11-21T18:06:30,28.0,28.0,6.0,5.5,21.428571428571427,19.642857142857142,0.0,0.0,9,9,0.0265906725039014,0.0198953057912042,True,1.0,1.0,1.0,-8.333333333333325
AHMPUL0C13,250731030006,251121100009,2025-07-31T11:41:45,2025-11-21T18:06:30,28.0,28.0,5.0,5.5,17.857142857142858,19.642857142857142,0.0,0.0,11,9,0.0066567327576257,0.0779926976562683,True,0.9848484848484849,0.971830985915493,0.971830985915493,9.999999999999986
AHMPUL0C13,250731080011,251121100009,2025-07-31T16:08:01,2025-11-21T18:06:30,29.0,28.0,6.0,5.5,20.689655172413797,19.642857142857142,0.0,0.0,11,9,0.0076467571921327,0.0806840449992771,True,0.9850746268656716,0.9859154929577465,0.9850746268656716,-5.059523809523836
AHMPUL0C13,250901060008,251121100009,2025-09-01T14:31:59,2025-11-21T18:06:30,29.0,28.0,5.0,5.5,17.24137931034483,19.642857142857142,0.0,0.0,11,9,0.017306279005812,0.068346286199774,True,1.0,0.9859154929577465,0.9859154929577465,13.928571428571423
AHMPUL0C13,250910230011,251121100009,2025-09-11T07:52:22,2025-11-21T18:06:30,28.0,28.0,5.0,5.5,17.857142857142858,19.642857142857142,0.0012333333337058,0.0,11,9,0.0148682851871772,0.0305581577840267,True,1.0,0.971830985915493,0.971830985915493,9.999999999999986
AHMPUL0C13,250911030004,251121100009,2025-09-11T11:21:38,2025-11-21T18:06:30,28.0,28.0,5.5,5.5,19.642857142857142,19.642857142857142,0.0306999999990997,0.0,12,9,0.0025131272040764,0.2836976512008615,True,0.958904109589041,1.0,0.958904109589041,0.0
AHMPUL0C13,250911060006,251121100009,2025-09-11T14:26:08,2025-11-21T18:06:30,28.0,28.0,5.5,5.5,19.642857142857142,19.642857142857142,0.0,0.0,10,9,0.0151827490973061,0.0763569091869765,True,1.0,0.9859154929577465,0.9859154929577465,0.0
AHMPUL0C13,250930010002,251121100009,2025-09-30T09:35:02,2025-11-21T18:06:30,28.0,28.0,6.0,5.5,21.428571428571427,19.642857142857142,0.0543999999994412,0.0,13,9,0.0133134664304746,0.0498366666573402,True,0.9859154929577465,0.9859154929577465,0.9859154929577465,-8.333333333333325
AHMPUL0C13,250930050004,251121100009,2025-09-30T13:36:37,2025-11-21T18:06:30,28.0,28.0,5.0,5.5,17.857142857142858,19.642857142857142,0.0,0.0,10,9,0.026575587468092,0.0844467084263015,True,1.0,0.9859154929577465,0.9859154929577465,9.999999999999986
AHMPUL0C13,251101000001,251121100009,2025-11-01T08:09:41,2025-11-21T18:06:30,28.0,28.0,5.0,5.5,17.857142857142858,19.642857142857142,0.0,0.0,12,9,0.0191726048655477,0.0664916090114117,True,1.0,0.971830985915493,0.971830985915493,9.999999999999986
AHMPUL0C13,251110230014,251121100009,2025-11-11T07:35:38,2025-11-21T18:06:30,28.0,28.0,5.0,5.5,17.857142857142858,19.642857142857142,0.0,0.0,11,9,0.0114386162482436,0.0859727732183081,True,0.9848484848484849,1.0,0.9848484848484849,9.999999999999986
AHMPUL0C13,251111040005,251121100009,2025-11-11T12:25:59,2025-11-21T18:06:30,28.0,28.0,5.0,5.5,17.857142857142858,19.642857142857142,0.008650000001459,0.0,10,9,0.0178891892713198,0.0641231448749333,True,1.0,0.971830985915493,0.971830985915493,9.999999999999986
AHMPUL0C13,251121000001,251121100009,2025-11-21T08:14:22,2025-11-21T18:06:30,28.0,28.0,5.0,5.5,17.857142857142858,19.642857142857142,0.0,0.0,10,9,0.0209548248672746,0.0303364331896774,True,0.9696969696969697,0.9577464788732394,0.9577464788732394,9.999999999999986
AHMPUL0C13,251121050006,251121100009,2025-11-21T13:24:10,2025-11-21T18:06:30,29.0,28.0,5.0,5.5,17.24137931034483,19.642857142857142,0.0018999999971129,0.0,10,9,0.0097723288938913,0.0728714290325576,True,0.9846153846153847,0.971830985915493,0.971830985915493,13.928571428571423
B4TLK0X42N,250511000001,250511040004,2025-05-11T08:19:05,2025-05-11T12:58:58,11.0,13.0,9.0,10.0,81.81818181818183,76.92307692307693,0.0772666666695537,0.0863666666710438,4,11,0.0402258027514689,0.015588493954717,True,1.0,0.8333333333333334,0.8333333333333334,-5.982905982905984
B4TLK0X42N,250731090001,250921080001,2025-07-31T17:58:22,2025-09-21T16:19:37,27.0,28.0,7.0,7.5,25.925925925925924,26.785714285714285,0.0,0.0,12,15,0.0046882879660987,0.0033675392013366,True,1.0,1.0,1.0,3.316326530612246
B4TLK0X42N,250901000001,250929230004,2025-09-01T08:17:11,2025-09-30T07:07:33,39.0,45.0,32.5,25.5,83.33333333333334,56.66666666666666,0.4607499999964299,0.2647333333307566,17,17,0.0183870657511647,0.0118639926815425,True,0.2631578947368421,0.07894736842105263,0.07894736842105263,-32.000000000000014
C1N6TWBTVB,250701030003,250731030003,2025-07-01T11:41:55,2025-07-31T11:31:30,26.600000000000364,26.89999999999964,8.0,8.0,30.0751879699244,29.739776951673264,0.071150000001459,0.0739166666637174,8,9,0.006610311595974,0.0257703814114643,True,1.0,1.0,1.0,-1.115241635685038
C1N6TWBTVB,250701090006,250731080006,2025-07-01T17:21:19,2025-07-31T16:55:27,28.0,28.5,6.5,6.5,23.214285714285715,22.807017543859647,0.0,0.0178666666654559,11,9,0.006684821004691,0.0256269061051624,True,0.9759036144578314,0.9615384615384616,0.9615384615384616,-1.7543859649122973
C38ZBDJPHK,250121040010,251111050016,2025-01-21T12:28:31,2025-11-11T13:05:46,42.30000000000018,50.30000000000291,5.5,7.0,13.002364066193795,13.91650099403498,0.0,0.0,12,10,0.2346641087034559,0.0171672586668037,True,0.08235294117647059,0.08695652173913043,0.08235294117647059,7.030544008669515
DLM28P1JMF,250131060001,250301060002,2025-01-31T14:25:05,2025-03-01T14:51:17,42.0,46.0,8.0,7.5,19.047619047619047,16.304347826086957,0.0013666666656111,0.0,20,19,0.0122235022403784,0.0154292652247793,True,0.7222222222222222,0.673469387755102,0.673469387755102,-14.40217391304347
DLM28P1JMF,250228170004,250310170003,2025-03-01T01:24:44,2025-03-11T01:56:04,44.0,45.0,8.0,9.0,18.181818181818183,20.0,0.0,0.0115999999999379,20,19,0.0170318889630466,0.5241443303799634,True,1.0,1.0,1.0,9.999999999999986
DLM28P1JMF,250131060001,250310220008,2025-01-31T14:25:05,2025-03-11T06:35:07,42.0,43.0,8.0,8.0,19.047619047619047,18.6046511627907,0.0013666666656111,0.0219166666657353,20,22,0.1179020823482637,0.0537995414392424,True,0.9206349206349206,0.8992805755395683,0.8992805755395683,-2.3255813953488302
DLM28P1JMF,250301060002,250310220008,2025-03-01T14:51:17,2025-03-11T06:35:07,46.0,43.0,7.5,8.0,16.304347826086957,18.6046511627907,0.0,0.0219166666657353,19,22,0.1061646373587037,0.0539571377109257,True,0.7210884353741497,0.7697841726618705,0.7210884353741497,14.108527131782944
DLM28P1JMF,250228170004,250320170004,2025-03-01T01:24:44,2025-03-21T01:46:26,44.0,43.0,8.0,8.0,18.181818181818183,18.6046511627907,0.0,0.0067666666659836,20,18,0.0232404270751059,0.3014156885461929,True,0.9290780141843972,0.937007874015748,0.9290780141843972,2.3255813953488413
DLM28P1JMF,250310170003,250320170004,2025-03-11T01:56:04,2025-03-21T01:46:26,45.0,43.0,9.0,8.0,20.0,18.6046511627907,0.0115999999999379,0.0067666666659836,19,18,0.0066691460301346,0.2265272029168654,True,0.9300699300699301,0.937007874015748,0.9300699300699301,-6.976744186046502
DLM28P1JMF,250131060001,250320220009,2025-01-31T14:25:05,2025-03-21T06:23:08,42.0,41.0,8.0,6.5,19.047619047619047,15.853658536585366,0.0013666666656111,0.0,20,15,0.1341396475192982,0.0346428725396583,True,0.9047619047619048,0.9253731343283582,0.9047619047619048,-16.768292682926834
DLM28P1JMF,250301060002,250320220009,2025-03-01T14:51:17,2025-03-21T06:23:08,46.0,41.0,7.5,6.5,16.304347826086957,15.853658536585366,0.0,0.0,19,15,0.1220460900840071,0.0364218306037644,True,0.7278911564625851,0.7761194029850746,0.7278911564625851,-2.764227642276429
DLM28P1JMF,250310220008,250320220009,2025-03-11T06:35:07,2025-03-21T06:23:08,43.0,41.0,8.0,6.5,18.6046511627907,15.853658536585366,0.0219166666657353,0.0,22,15,0.0229395910622173,0.0191973658917803,True,0.935251798561151,0.9701492537313433,0.935251798561151,-14.786585365853666
DLM28P1JMF,250131060001,250331060001,2025-01-31T14:25:05,2025-03-31T14:51:48,42.0,42.0,8.0,7.0,19.047619047619047,16.666666666666664,0.0013666666656111,0.0,20,18,0.0150048481897113,0.0090450211984005,True,0.9206349206349206,0.95,0.9206349206349206,-12.50000000000001
DLM28P1JMF,250301060002,250331060001,2025-03-01T14:51:17,2025-03-31T14:51:48,46.0,42.0,7.5,7.0,16.304347826086957,16.666666666666664,0.0,0.0,19,18,0.0054485514059072,0.0089740744688251,True,0.7278911564625851,0.8,0.7278911564625851,2.2222222222222143
DLM28P1JMF,250310220008,250331060001,2025-03-11T06:35:07,2025-03-31T14:51:48,43.0,42.0,8.0,7.0,18.6046511627907,16.666666666666664,0.0219166666657353,0.0,22,18,0.1029516587053488,0.0486703866652936,True,0.9496402877697842,0.9928571428571429,0.9496402877697842,-10.416666666666686
DLM28P1JMF,250320220009,250331060001,2025-03-21T06:23:08,2025-03-31T14:51:48,41.0,42.0,6.5,7.0,15.853658536585366,16.666666666666664,0.0,0.0,15,18,0.119500266306937,0.0300858109925175,True,0.9925373134328358,0.9928571428571429,0.9925373134328358,5.12820512820511
DLM28P1JMF,250228170004,250430160003,2025-03-01T01:24:44,2025-05-01T00:55:53,44.0,40.0,8.0,7.0,18.181818181818183,17.5,0.0,0.0117500000012417,20,13,0.0159008745104459,0.279334713382167,True,0.6595744680851063,0.7226277372262774,0.6595744680851063,-3.750000000000009
DLM28P1JMF,250310170003,250430160003,2025-03-11T01:56:04,2025-05-01T00:55:53,45.0,40.0,9.0,7.0,20.0,17.5,0.0115999999999379,0.0117500000012417,19,13,0.0013731348095339,0.2448215661368769,True,0.6293706293706294,0.7153284671532847,0.6293706293706294,-12.5
DLM28P1JMF,250320170004,250430160003,2025-03-21T01:46:26,2025-05-01T00:55:53,43.0,40.0,8.0,7.0,18.6046511627907,17.5,0.0067666666659836,0.0117500000012417,18,13,0.0080311552088226,0.0388698515674525,True,0.6929133858267716,0.7737226277372263,0.6929133858267716,-5.937500000000007
DLM28P1JMF,250131060001,250501070001,2025-01-31T14:25:05,2025-05-01T15:07:05,42.0,41.0,8.0,8.5,19.047619047619047,20.73170731707317,0.0013666666656111,0.0,20,25,0.016458712175052,0.012134037737749,True,0.9206349206349206,0.9407407407407408,0.9206349206349206,8.841463414634143
DLM28P1JMF,250301060002,250501070001,2025-03-01T14:51:17,2025-05-01T15:07:05,46.0,41.0,7.5,8.5,16.304347826086957,20.73170731707317,0.0,0.0,19,25,0.009730739070146,0.0082503003386289,True,0.7210884353741497,0.8,0.7210884353741497,27.15447154471544
DLM28P1JMF,250310220008,250501070001,2025-03-11T06:35:07,2025-05-01T15:07:05,43.0,41.0,8.0,8.5,18.6046511627907,20.73170731707317,0.0219166666657353,0.0,22,25,0.1026610777052841,0.0598477735311658,True,0.9424460431654677,1.0,0.9424460431654677,11.432926829268286
DLM28P1JMF,250320220009,250501070001,2025-03-21T06:23:08,2025-05-01T15:07:05,41.0,41.0,6.5,8.5,15.853658536585366,20.73170731707317,0.0,0.0,15,25,0.1198573576846923,0.0414387416153239,True,0.9850746268656716,0.9851851851851852,0.9850746268656716,30.76923076923077
DLM28P1JMF,250331060001,250501070001,2025-03-31T14:51:48,2025-05-01T15:07:05,42.0,41.0,7.0,8.5,16.666666666666664,20.73170731707317,0.0,0.0,18,25,0.0046237734442301,0.0113831868745977,True,1.0,0.9925925925925926,0.9925925925925926,24.390243902439046
DLM28P1JMF,250131060001,250511130001,2025-01-31T14:25:05,2025-05-11T21:46:01,42.0,41.0,8.0,6.5,19.047619047619047,15.853658536585366,0.0013666666656111,0.0,20,20,0.0058668679744621,0.0330714792234663,True,0.9206349206349206,0.9307692307692308,0.9206349206349206,-16.768292682926834
DLM28P1JMF,250301060002,250511130001,2025-03-01T14:51:17,2025-05-11T21:46:01,46.0,41.0,7.5,6.5,16.304347826086957,15.853658536585366,0.0,0.0,19,20,0.0063900988952928,0.0303821530836788,True,0.7278911564625851,0.7846153846153846,0.7278911564625851,-2.764227642276429
DLM28P1JMF,250310220008,250511130001,2025-03-11T06:35:07,2025-05-11T21:46:01,43.0,41.0,8.0,6.5,18.6046511627907,15.853658536585366,0.0219166666657353,0.0,22,20,0.1121473817516114,0.0238064441079907,True,0.9496402877697842,0.9923076923076923,0.9496402877697842,-14.786585365853666
DLM28P1JMF,250320220009,250511130001,2025-03-21T06:23:08,2025-05-11T21:46:01,41.0,41.0,6.5,6.5,15.853658536585366,15.853658536585366,0.0,0.0,15,20,0.1282845734231402,0.0104831815165891,True,0.9925373134328358,0.9923076923076923,0.9923076923076923,0.0
DLM28P1JMF,250331060001,250511130001,2025-03-31T14:51:48,2025-05-11T21:46:01,42.0,41.0,7.0,6.5,16.666666666666664,15.853658536585366,0.0,0.0,18,20,0.0094819477024774,0.0262305631165774,True,1.0,0.9923076923076923,0.9923076923076923,-4.878048780487787
DLM28P1JMF,250501070001,250511130001,2025-05-01T15:07:05,2025-05-11T21:46:01,41.0,41.0,8.5,6.5,20.73170731707317,15.853658536585366,0.0,0.0,25,20,0.0118636473245838,0.0368691097598437,True,1.0,0.9923076923076923,0.9923076923076923,-23.529411764705877
DLM28P1JMF,250228170004,250520170003,2025-03-01T01:24:44,2025-05-21T01:21:18,44.0,40.0,8.0,8.5,18.181818181818183,21.25,0.0,0.0104833333326193,20,18,0.0111283505318788,0.2743105937090969,True,0.723404255319149,0.7720588235294118,0.723404255319149,16.874999999999996
DLM28P1JMF,250310170003,250520170003,2025-03-11T01:56:04,2025-05-21T01:21:18,45.0,40.0,9.0,8.5,20.0,21.25,0.0115999999999379,0.0104833333326193,19,18,0.0221618968737099,0.2523518088586974,True,0.6993006993006993,0.7647058823529411,0.6993006993006993,6.25
DLM28P1JMF,250320170004,250520170003,2025-03-21T01:46:26,2025-05-21T01:21:18,43.0,40.0,8.0,8.5,18.6046511627907,21.25,0.0067666666659836,0.0104833333326193,18,18,0.026583213627366,0.0272621449265213,True,0.6299212598425197,0.6838235294117647,0.6299212598425197,14.218749999999991
DLM28P1JMF,250430160003,250520170003,2025-05-01T00:55:53,2025-05-21T01:21:18,40.0,40.0,7.0,8.5,17.5,21.25,0.0117500000012417,0.0104833333326193,13,18,0.0215657758689978,0.0281595154105633,True,0.9343065693430657,0.9191176470588235,0.9191176470588235,21.42857142857142
DLM28P1JMF,250131060001,250521060001,2025-01-31T14:25:05,2025-05-21T14:58:32,42.0,41.0,8.0,8.0,19.047619047619047,19.51219512195122,0.0013666666656111,0.0,20,26,0.0161615940196725,0.0056188395659056,True,0.9126984126984127,0.9312977099236641,0.9126984126984127,2.4390243902439046
DLM28P1JMF,250301060002,250521060001,2025-03-01T14:51:17,2025-05-21T14:58:32,46.0,41.0,7.5,8.0,16.304347826086957,19.51219512195122,0.0,0.0,19,26,0.0039521242520876,0.0124780410590928,True,0.7142857142857143,0.7862595419847328,0.7142857142857143,19.674796747967484
DLM28P1JMF,250310220008,250521060001,2025-03-11T06:35:07,2025-05-21T14:58:32,43.0,41.0,8.0,8.0,18.6046511627907,19.51219512195122,0.0219166666657353,0.0,22,26,0.1025290004350021,0.0576605795577555,True,0.935251798561151,0.9847328244274809,0.935251798561151,4.878048780487787
DLM28P1JMF,250320220009,250521060001,2025-03-21T06:23:08,2025-05-21T14:58:32,41.0,41.0,6.5,8.0,15.853658536585366,19.51219512195122,0.0,0.0,15,26,0.1182208807610001,0.0386890711635831,True,1.0,1.0,1.0,23.076923076923084
DLM28P1JMF,250331060001,250521060001,2025-03-31T14:51:48,2025-05-21T14:58:32,42.0,41.0,7.0,8.0,16.666666666666664,19.51219512195122,0.0,0.0,18,26,0.0058652094143483,0.009774094673456,True,0.9928571428571429,0.9923664122137404,0.9923664122137404,17.073170731707332
DLM28P1JMF,250501070001,250521060001,2025-05-01T15:07:05,2025-05-21T14:58:32,41.0,41.0,8.5,8.0,20.73170731707317,19.51219512195122,0.0,0.0,25,26,0.0104443476834669,0.0069490635794595,True,0.9851851851851852,0.9847328244274809,0.9847328244274809,-5.882352941176472
DLM28P1JMF,250511130001,250521060001,2025-05-11T21:46:01,2025-05-21T14:58:32,41.0,41.0,6.5,8.0,15.853658536585366,19.51219512195122,0.0,0.0,20,26,0.0103413888693924,0.0358357092843246,True,0.9846153846153847,0.9923664122137404,0.9846153846153847,23.076923076923084
DLM28P1JMF,250331100002,250521100002,2025-03-31T18:37:26,2025-05-21T18:10:11,78.0,77.0,18.0,16.5,23.07692307692308,21.428571428571427,0.1358666666705782,0.128233333339449,25,21,0.009774094673456,0.0061681734033982,True,1.0,0.9333333333333333,0.9333333333333333,-7.142857142857162
DLM28P1JMF,250228170004,250630170005,2025-03-01T01:24:44,2025-07-01T01:33:18,44.0,43.0,8.0,10.0,18.181818181818183,23.25581395348837,0.0,0.0300166666662941,20,12,0.0214757378341451,0.2975821714617791,True,0.6950354609929078,0.7596899224806202,0.6950354609929078,27.90697674418603
DLM28P1JMF,250310170003,250630170005,2025-03-11T01:56:04,2025-07-01T01:33:18,45.0,43.0,9.0,10.0,20.0,23.25581395348837,0.0115999999999379,0.0300166666662941,19,12,0.0044477970656858,0.2291093371404619,True,0.6783216783216783,0.751937984496124,0.6783216783216783,16.279069767441847
DLM28P1JMF,250320170004,250630170005,2025-03-21T01:46:26,2025-07-01T01:33:18,43.0,43.0,8.0,10.0,18.6046511627907,23.25581395348837,0.0067666666659836,0.0300166666662941,18,12,0.0034403085130728,0.0065390340276966,True,0.5984251968503937,0.6666666666666666,0.5984251968503937,24.99999999999998
DLM28P1JMF,250430160003,250630170005,2025-05-01T00:55:53,2025-07-01T01:33:18,40.0,43.0,7.0,10.0,17.5,23.25581395348837,0.0117500000012417,0.0300166666662941,13,12,0.0056178151533968,0.0323329014152319,True,0.8978102189781022,0.8837209302325582,0.8837209302325582,32.890365448504966
DLM28P1JMF,250520170003,250630170005,2025-05-21T01:21:18,2025-07-01T01:33:18,40.0,43.0,8.5,10.0,21.25,23.25581395348837,0.0104833333326193,0.0300166666662941,18,12,0.026210691293081,0.0233707109468896,True,0.9926470588235294,0.9689922480620154,0.9689922480620154,9.439124487004102
DLM28P1JMF,250131060001,250701070001,2025-01-31T14:25:05,2025-07-01T15:09:32,42.0,42.0,8.0,9.0,19.047619047619047,21.428571428571427,0.0013666666656111,0.0354500000015832,20,26,0.0182816327890051,0.0032890155836601,True,0.9206349206349206,0.9461538461538461,0.9206349206349206,12.5
DLM28P1JMF,250301060002,250701070001,2025-03-01T14:51:17,2025-07-01T15:09:32,46.0,42.0,7.5,9.0,16.304347826086957,21.428571428571427,0.0,0.0354500000015832,19,26,0.0081203606732425,0.0176940415782027,True,0.7142857142857143,0.7846153846153846,0.7142857142857143,31.428571428571406
DLM28P1JMF,250310220008,250701070001,2025-03-11T06:35:07,2025-07-01T15:09:32,43.0,42.0,8.0,9.0,18.6046511627907,21.428571428571427,0.0219166666657353,0.0354500000015832,22,26,0.0997192557936123,0.0516077336827975,True,0.9424460431654677,1.0,0.9424460431654677,15.17857142857142
DLM28P1JMF,250320220009,250701070001,2025-03-21T06:23:08,2025-07-01T15:09:32,41.0,42.0,6.5,9.0,15.853658536585366,21.428571428571427,0.0,0.0354500000015832,15,26,0.1163882721087568,0.0324108639876549,True,0.9925373134328358,0.9923076923076923,0.9923076923076923,35.164835164835154
DLM28P1JMF,250331060001,250701070001,2025-03-31T14:51:48,2025-07-01T15:09:32,42.0,42.0,7.0,9.0,16.666666666666664,21.428571428571427,0.0,0.0354500000015832,18,26,0.0032875209035769,0.0100594544038397,True,1.0,1.0,1.0,28.57142857142858
DLM28P1JMF,250501070001,250701070001,2025-05-01T15:07:05,2025-07-01T15:09:32,41.0,42.0,8.5,9.0,20.73170731707317,21.428571428571427,0.0,0.0354500000015832,25,26,0.0049196041886988,0.0152862506968185,True,0.9925925925925926,1.0,0.9925925925925926,3.361344537815114
DLM28P1JMF,250511130001,250701070001,2025-05-11T21:46:01,2025-07-01T15:09:32,41.0,42.0,6.5,9.0,15.853658536585366,21.428571428571427,0.0,0.0354500000015832,20,26,0.0127622556538664,0.031705795408955,True,0.9846153846153847,1.0,0.9846153846153847,35.164835164835154
DLM28P1JMF,250521060001,250701070001,2025-05-21T14:58:32,2025-07-01T15:09:32,41.0,42.0,8.0,9.0,19.51219512195122,21.428571428571427,0.0,0.0354500000015832,26,26,0.0069487629026327,0.0089067849511993,True,0.9923664122137404,1.0,0.9923664122137404,9.821428571428559
DLM28P1JMF,250331100002,250701100002,2025-03-31T18:37:26,2025-07-01T18:38:13,78.0,76.0,18.0,18.0,23.07692307692308,23.684210526315788,0.1358666666705782,0.1388999999966472,25,21,0.0100594544038397,0.0045289338077621,True,1.0,0.9239766081871345,0.9239766081871345,2.631578947368407
DLM28P1JMF,250521100002,250701100002,2025-05-21T18:10:11,2025-07-01T18:38:13,77.0,76.0,16.5,18.0,21.428571428571427,23.684210526315788,0.128233333339449,0.1388999999966472,21,21,0.0089067849511993,0.0095573393156743,True,1.0,1.0,1.0,10.526315789473673
DLM28P1JMF,250510170003,250710160003,2025-05-11T01:17:59,2025-07-11T00:44:34,45.0,44.0,10.0,10.0,22.22222222222222,22.727272727272727,0.0764000000005277,0.0442666666659836,19,16,0.0092656868245787,0.9393209841182658,True,0.9787234042553191,0.9921875,0.9787234042553191,2.2727272727272707
DLM28P1JMF,250131060001,250711070001,2025-01-31T14:25:05,2025-07-11T15:14:22,42.0,42.0,8.0,8.5,19.047619047619047,20.23809523809524,0.0013666666656111,0.0073833333328366,20,23,0.0165885041517904,0.0096376243142528,True,0.9206349206349206,0.9375,0.9206349206349206,6.250000000000022
DLM28P1JMF,250301060002,250711070001,2025-03-01T14:51:17,2025-07-11T15:14:22,46.0,42.0,7.5,8.5,16.304347826086957,20.23809523809524,0.0,0.0073833333328366,19,23,0.0055129719922875,0.0064075237568724,True,0.7278911564625851,0.828125,0.7278911564625851,24.12698412698413
DLM28P1JMF,250310220008,250711070001,2025-03-11T06:35:07,2025-07-11T15:14:22,43.0,42.0,8.0,8.5,18.6046511627907,20.23809523809524,0.0219166666657353,0.0073833333328366,22,23,0.1013228899118578,0.0512163334220111,True,0.9496402877697842,0.9921875,0.9496402877697842,8.779761904761907
DLM28P1JMF,250320220009,250711070001,2025-03-21T06:23:08,2025-07-11T15:14:22,41.0,42.0,6.5,8.5,15.853658536585366,20.23809523809524,0.0,0.0073833333328366,15,23,0.1176417057874493,0.0328132520519727,True,0.9850746268656716,1.0,0.9850746268656716,27.655677655677668
DLM28P1JMF,250331060001,250711070001,2025-03-31T14:51:48,2025-07-11T15:14:22,42.0,42.0,7.0,8.5,16.666666666666664,20.23809523809524,0.0,0.0073833333328366,18,23,0.0023564719635012,0.0029896890730102,True,0.9928571428571429,1.0,0.9928571428571429,21.428571428571463
DLM28P1JMF,250501070001,250711070001,2025-05-01T15:07:05,2025-07-11T15:14:22,41.0,42.0,8.5,8.5,20.73170731707317,20.23809523809524,0.0,0.0073833333328366,25,23,0.0064189897633291,0.0086443633655007,True,0.9925925925925926,0.9921875,0.9921875,-2.3809523809523614
DLM28P1JMF,250511130001,250711070001,2025-05-11T21:46:01,2025-07-11T15:14:22,41.0,42.0,6.5,8.5,15.853658536585366,20.23809523809524,0.0,0.0073833333328366,20,23,0.0108368034569811,0.0284130076987483,True,1.0,1.0,1.0,27.655677655677668
DLM28P1JMF,250521060001,250711070001,2025-05-21T14:58:32,2025-07-11T15:14:22,41.0,42.0,8.0,8.5,19.51219512195122,20.23809523809524,0.0,0.0073833333328366,26,23,0.0042780660941937,0.0085628461573171,True,0.9847328244274809,0.9765625,0.9765625,3.7202380952381153
DLM28P1JMF,250701070001,250711070001,2025-07-01T15:09:32,2025-07-11T15:14:22,42.0,42.0,9.0,8.5,21.428571428571427,20.23809523809524,0.0354500000015832,0.0073833333328366,26,23,0.0027798731664957,0.0114813784733761,True,0.9923076923076923,0.9765625,0.9765625,-5.555555555555536
DLM28P1JMF,250510170003,250720180002,2025-05-11T01:17:59,2025-07-21T02:27:25,45.0,50.0,10.0,11.5,22.22222222222222,23.0,0.0764000000005277,0.0536333333429259,19,30,0.0050463706678418,0.09728474711384,True,0.9929078014184397,1.0,0.9929078014184397,3.500000000000014
DLM28P1JMF,250710160003,250720180002,2025-07-11T00:44:34,2025-07-21T02:27:25,44.0,50.0,10.0,11.5,22.727272727272727,23.0,0.0442666666659836,0.0536333333429259,16,30,0.0069338089057641,0.8830841096251871,True,0.9921875,0.951048951048951,0.951048951048951,1.200000000000001
DLM28P1JMF,250331100002,250721090007,2025-03-31T18:37:26,2025-07-21T17:49:56,78.0,78.0,18.0,17.0,23.07692307692308,21.7948717948718,0.1358666666705782,0.1387166666643073,25,25,0.0118978571509749,0.0068870072334055,True,1.0,1.0,1.0,-5.5555555555555465
DLM28P1JMF,250521100002,250721090007,2025-05-21T18:10:11,2025-07-21T17:49:56,77.0,78.0,16.5,17.0,21.428571428571427,21.7948717948718,0.128233333339449,0.1387166666643073,21,25,0.0176402611148133,0.0025574833126809,True,0.9333333333333333,1.0,0.9333333333333333,1.7094017094017255
DLM28P1JMF,250701100002,250721090007,2025-07-01T18:38:13,2025-07-21T17:49:56,76.0,78.0,18.0,17.0,23.684210526315788,21.7948717948718,0.1388999999966472,0.1387166666643073,21,25,0.0216865029894944,0.0109833408301367,True,0.9122807017543859,1.0,0.9122807017543859,-7.977207977207956
DLM28P1JMF,250510170003,250730160003,2025-05-11T01:17:59,2025-07-31T00:52:40,45.0,44.0,10.0,9.0,22.22222222222222,20.454545454545457,0.0764000000005277,0.0388666666656111,19,19,0.0139375855080651,0.9251551260796927,True,0.9716312056737588,0.9928057553956835,0.9716312056737588,-7.954545454545436
DLM28P1JMF,250710160003,250730160003,2025-07-11T00:44:34,2025-07-31T00:52:40,44.0,44.0,10.0,9.0,22.727272727272727,20.454545454545457,0.0442666666659836,0.0388666666656111,16,19,0.0047393402315478,0.0144724900344496,True,0.9921875,0.9928057553956835,0.9921875,-9.999999999999986
DLM28P1JMF,250720180002,250730160003,2025-07-21T02:27:25,2025-07-31T00:52:40,50.0,44.0,11.5,9.0,23.0,20.454545454545457,0.0536333333429259,0.0388666666656111,30,19,0.0108428504831508,0.8687129699745524,True,0.958041958041958,1.0,0.958041958041958,-11.06719367588932
DLM28P1JMF,250131060001,250731070001,2025-01-31T14:25:05,2025-07-31T15:12:48,42.0,42.0,8.0,8.5,19.047619047619047,20.23809523809524,0.0013666666656111,0.0,20,21,0.0134580728455958,0.002112703606466,True,0.9206349206349206,0.9354838709677419,0.9206349206349206,6.250000000000022
DLM28P1JMF,250301060002,250731070001,2025-03-01T14:51:17,2025-07-31T15:12:48,46.0,42.0,7.5,8.5,16.304347826086957,20.23809523809524,0.0,0.0,19,21,0.0016500956429213,0.0133299396428186,True,0.7210884353741497,0.7903225806451613,0.7210884353741497,24.12698412698413
DLM28P1JMF,250310220008,250731070001,2025-03-11T06:35:07,2025-07-31T15:12:48,43.0,42.0,8.0,8.5,18.6046511627907,20.23809523809524,0.0219166666657353,0.0,22,21,0.1053791249477087,0.0537798839048448,True,0.935251798561151,1.0,0.935251798561151,8.779761904761907
DLM28P1JMF,250320220009,250731070001,2025-03-21T06:23:08,2025-07-31T15:12:48,41.0,42.0,6.5,8.5,15.853658536585366,20.23809523809524,0.0,0.0,15,21,0.1210565324246371,0.0347072319267662,True,0.9850746268656716,0.9919354838709677,0.9850746268656716,27.655677655677668
DLM28P1JMF,250331060001,250731070001,2025-03-31T14:51:48,2025-07-31T15:12:48,42.0,42.0,7.0,8.5,16.666666666666664,20.23809523809524,0.0,0.0,18,21,0.006299185999385,0.0074656594139803,True,0.9928571428571429,1.0,0.9928571428571429,21.428571428571463
DLM28P1JMF,250501070001,250731070001,2025-05-01T15:07:05,2025-07-31T15:12:48,41.0,42.0,8.5,8.5,20.73170731707317,20.23809523809524,0.0,0.0,25,21,0.010816961243405,0.0102787979408711,True,0.9925925925925926,1.0,0.9925925925925926,-2.3809523809523614
DLM28P1JMF,250511130001,250731070001,2025-05-11T21:46:01,2025-07-31T15:12:48,41.0,42.0,6.5,8.5,15.853658536585366,20.23809523809524,0.0,0.0,20,21,0.0077270643676767,0.0324946173120402,True,0.9846153846153847,1.0,0.9846153846153847,27.655677655677668
DLM28P1JMF,250521060001,250731070001,2025-05-21T14:58:32,2025-07-31T15:12:48,41.0,42.0,8.0,8.5,19.51219512195122,20.23809523809524,0.0,0.0,26,21,0.002852559773428,0.0043186398383128,True,0.9923664122137404,0.9919354838709677,0.9919354838709677,3.7202380952381153
DLM28P1JMF,250701070001,250731070001,2025-07-01T15:09:32,2025-07-31T15:12:48,42.0,42.0,9.0,8.5,21.428571428571427,20.23809523809524,0.0354500000015832,0.0,26,21,0.0084890602568599,0.0050147641970907,True,1.0,1.0,1.0,-5.555555555555536
DLM28P1JMF,250711070001,250731070001,2025-07-11T15:14:22,2025-07-31T15:12:48,42.0,42.0,8.5,8.5,20.23809523809524,20.23809523809524,0.0073833333328366,0.0,23,21,0.0057277791701786,0.0076694277583166,True,0.984375,0.9919354838709677,0.984375,0.0
DLM28P1JMF,250331100002,250731100003,2025-03-31T18:37:26,2025-07-31T18:20:09,78.0,76.0,18.0,17.0,23.07692307692308,22.36842105263158,0.1358666666705782,0.1214000000075126,25,24,0.0081571125432671,0.0044873097486426,True,1.0,1.0,1.0,-3.0701754385965008
DLM28P1JMF,250521100002,250731100003,2025-05-21T18:10:11,2025-07-31T18:20:09,77.0,76.0,16.5,17.0,21.428571428571427,22.36842105263158,0.128233333339449,0.1214000000075126,21,24,0.0140601600587953,0.0066574357181361,True,0.9333333333333333,1.0,0.9333333333333333,4.385964912280715
DLM28P1JMF,250701100002,250731100003,2025-07-01T18:38:13,2025-07-31T18:20:09,76.0,76.0,18.0,17.0,23.684210526315788,22.36842105263158,0.1388999999966472,0.1214000000075126,21,24,0.0178310717669322,0.003841340771528,True,0.9239766081871345,1.0,0.9239766081871345,-5.5555555555555465
DLM28P1JMF,250721090007,250731100003,2025-07-21T17:49:56,2025-07-31T18:20:09,78.0,76.0,17.0,17.0,21.7948717948718,22.36842105263158,0.1387166666643073,0.1214000000075126,25,24,0.0038655157113361,0.0086786390504339,True,1.0,1.0,1.0,2.631578947368407
DLM28P1JMF,250228170004,250831170002,2025-03-01T01:24:44,2025-09-01T01:47:08,44.0,38.0,8.0,7.0,18.181818181818183,18.421052631578945,0.0,0.0,20,18,0.0146241393450825,0.2489242803068151,True,0.6595744680851063,0.7310344827586207,0.6595744680851063,1.3157894736841813
DLM28P1JMF,250310170003,250831170002,2025-03-11T01:56:04,2025-09-01T01:47:08,45.0,38.0,9.0,7.0,20.0,18.421052631578945,0.0115999999999379,0.0,19,18,0.0039583129082066,0.3725581418266038,True,0.6293706293706294,0.7241379310344828,0.6293706293706294,-7.894736842105276
DLM28P1JMF,250320170004,250831170002,2025-03-21T01:46:26,2025-09-01T01:47:08,43.0,38.0,8.0,7.0,18.6046511627907,18.421052631578945,0.0067666666659836,0.0,18,18,0.0104476539582217,0.2231184244744377,True,0.6929133858267716,0.7724137931034483,0.6929133858267716,-0.9868421052631748
DLM28P1JMF,250430160003,250831170002,2025-05-01T00:55:53,2025-09-01T01:47:08,40.0,38.0,7.0,7.0,17.5,18.421052631578945,0.0117500000012417,0.0,13,18,0.0026454010278589,0.1842750046898808,True,1.0,1.0,1.0,5.263157894736836
DLM28P1JMF,250520170003,250831170002,2025-05-21T01:21:18,2025-09-01T01:47:08,40.0,38.0,8.5,7.0,21.25,18.421052631578945,0.0104833333326193,0.0,18,18,0.0215828793871719,0.2060047289770315,True,0.9191176470588235,0.9448275862068966,0.9191176470588235,-13.312693498452022
DLM28P1JMF,250630170005,250831170002,2025-07-01T01:33:18,2025-09-01T01:47:08,43.0,38.0,10.0,7.0,23.25581395348837,18.421052631578945,0.0300166666662941,0.0,12,18,0.0076289888177308,0.2165797610504105,True,0.8837209302325582,0.903448275862069,0.8837209302325582,-20.789473684210535
DLM28P1JMF,250131060001,250901060001,2025-01-31T14:25:05,2025-09-01T14:29:40,42.0,42.0,8.0,7.5,19.047619047619047,17.857142857142858,0.0013666666656111,0.0,20,23,0.0126044720320715,0.0113876852870789,True,0.9126984126984127,0.9224806201550387,0.9126984126984127,-6.25
DLM28P1JMF,250301060002,250901060001,2025-03-01T14:51:17,2025-09-01T14:29:40,46.0,42.0,7.5,7.5,16.304347826086957,17.857142857142858,0.0,0.0,19,23,0.0010007543402213,0.0093172509895194,True,0.7142857142857143,0.813953488372093,0.7142857142857143,9.523809523809534
DLM28P1JMF,250310220008,250901060001,2025-03-11T06:35:07,2025-09-01T14:29:40,43.0,42.0,8.0,7.5,18.6046511627907,17.857142857142858,0.0219166666657353,0.0,22,23,0.1055607474618966,0.0465197880950261,True,0.935251798561151,0.9922480620155039,0.935251798561151,-4.017857142857151
DLM28P1JMF,250320220009,250901060001,2025-03-21T06:23:08,2025-09-01T14:29:40,41.0,42.0,6.5,7.5,15.853658536585366,17.857142857142858,0.0,0.0,15,23,0.1215641797870783,0.028152099506054,True,0.9776119402985075,1.0,0.9776119402985075,12.637362637362637
DLM28P1JMF,250331060001,250901060001,2025-03-31T14:51:48,2025-09-01T14:29:40,42.0,42.0,7.0,7.5,16.666666666666664,17.857142857142858,0.0,0.0,18,23,0.0044477970656858,0.0025693162821837,True,0.9785714285714285,0.9922480620155039,0.9785714285714285,7.142857142857162
DLM28P1JMF,250501070001,250901060001,2025-05-01T15:07:05,2025-09-01T14:29:40,41.0,42.0,8.5,7.5,20.73170731707317,17.857142857142858,0.0,0.0,25,23,0.008761928758529,0.0133392378603759,True,0.9925925925925926,0.9922480620155039,0.9922480620155039,-13.86554621848739
DLM28P1JMF,250511130001,250901060001,2025-05-11T21:46:01,2025-09-01T14:29:40,41.0,42.0,6.5,7.5,15.853658536585366,17.857142857142858,0.0,0.0,20,23,0.0067376403657929,0.0238250608209455,True,1.0,1.0,1.0,12.637362637362637
DLM28P1JMF,250521060001,250901060001,2025-05-21T14:58:32,2025-09-01T14:29:40,41.0,42.0,8.0,7.5,19.51219512195122,17.857142857142858,0.0,0.0,26,23,0.0038233202762606,0.0123279345916236,True,0.9923664122137404,0.9922480620155039,0.9922480620155039,-8.482142857142849
DLM28P1JMF,250701070001,250901060001,2025-07-01T15:09:32,2025-09-01T14:29:40,42.0,42.0,9.0,7.5,21.428571428571427,17.857142857142858,0.0354500000015832,0.0,26,23,0.0071667799146526,0.0119800956126389,True,0.9846153846153847,0.9844961240310077,0.9844961240310077,-16.666666666666664
DLM28P1JMF,250711070001,250901060001,2025-07-11T15:14:22,2025-09-01T14:29:40,42.0,42.0,8.5,7.5,20.23809523809524,17.857142857142858,0.0073833333328366,0.0,23,23,0.0046237730634778,0.0046974107994192,True,1.0,1.0,1.0,-11.764705882352954
DLM28P1JMF,250731070001,250901060001,2025-07-31T15:12:48,2025-09-01T14:29:40,42.0,42.0,8.5,7.5,20.23809523809524,17.857142857142858,0.0,0.0,21,23,0.0022493711818247,0.0099450789343216,True,0.9919354838709677,0.9922480620155039,0.9919354838709677,-11.764705882352954
DLM28P1JMF,250330170002,250910160004,2025-03-31T01:10:52,2025-09-11T00:29:34,33.0,33.0,6.0,6.0,18.181818181818183,18.181818181818183,0.0,0.0029000000019247,9,15,0.0067554749883714,0.0071664199789754,True,0.98,1.0,0.98,0.0
DLM28P1JMF,250131060001,250911060001,2025-01-31T14:25:05,2025-09-11T14:31:40,42.0,42.0,8.0,8.0,19.047619047619047,19.047619047619047,0.0013666666656111,0.0,20,23,0.014515218952474,0.0151389316773976,True,0.9206349206349206,0.9393939393939394,0.9206349206349206,0.0
DLM28P1JMF,250301060002,250911060001,2025-03-01T14:51:17,2025-09-11T14:31:40,46.0,42.0,7.5,8.0,16.304347826086957,19.047619047619047,0.0,0.0,19,23,0.004670186919147,0.0023268876956557,True,0.7278911564625851,0.803030303030303,0.7278911564625851,16.82539682539681
DLM28P1JMF,250310220008,250911060001,2025-03-11T06:35:07,2025-09-11T14:31:40,43.0,42.0,8.0,8.0,18.6046511627907,19.047619047619047,0.0219166666657353,0.0,22,23,0.1033991908321931,0.056145442208429,True,0.9424460431654677,1.0,0.9424460431654677,2.3809523809523725
DLM28P1JMF,250320220009,250911060001,2025-03-21T06:23:08,2025-09-11T14:31:40,41.0,42.0,6.5,8.0,15.853658536585366,19.047619047619047,0.0,0.0,15,23,0.119852101856543,0.0384468064477962,True,0.9925373134328358,0.9848484848484849,0.9848484848484849,20.146520146520142
DLM28P1JMF,250331060001,250911060001,2025-03-31T14:51:48,2025-09-11T14:31:40,42.0,42.0,7.0,8.0,16.666666666666664,19.047619047619047,0.0,0.0,18,23,0.0007783644867602,0.0100032850516339,True,1.0,0.9924242424242424,0.9924242424242424,14.285714285714302
DLM28P1JMF,250501070001,250911060001,2025-05-01T15:07:05,2025-09-11T14:31:40,41.0,42.0,8.5,8.0,20.73170731707317,19.047619047619047,0.0,0.0,25,23,0.0053119436117506,0.0062700773165227,True,1.0,1.0,1.0,-8.12324929971988
DLM28P1JMF,250511130001,250911060001,2025-05-11T21:46:01,2025-09-11T14:31:40,41.0,42.0,6.5,8.0,15.853658536585366,19.047619047619047,0.0,0.0,20,23,0.008902901643872,0.0326293027452694,True,1.0,1.0,1.0,20.146520146520142
DLM28P1JMF,250521060001,250911060001,2025-05-21T14:58:32,2025-09-11T14:31:40,41.0,42.0,8.0,8.0,19.51219512195122,19.047619047619047,0.0,0.0,26,23,0.0052992940423803,0.011442411559594,True,0.9923664122137404,0.9924242424242424,0.9923664122137404,-2.3809523809523836
DLM28P1JMF,250701070001,250911060001,2025-07-01T15:09:32,2025-09-11T14:31:40,42.0,42.0,9.0,8.0,21.428571428571427,19.047619047619047,0.0354500000015832,0.0,26,23,0.0038792721356279,0.017717094680119,True,1.0,1.0,1.0,-11.111111111111105
DLM28P1JMF,250711070001,250911060001,2025-07-11T15:14:22,2025-09-11T14:31:40,42.0,42.0,8.5,8.0,20.23809523809524,19.047619047619047,0.0073833333328366,0.0,23,23,0.0023380354198718,0.0071203178735813,True,1.0,1.0,1.0,-5.882352941176483
DLM28P1JMF,250731070001,250911060001,2025-07-31T15:12:48,2025-09-11T14:31:40,42.0,42.0,8.5,8.0,20.23809523809524,19.047619047619047,0.0,0.0,21,23,0.0055466273876178,0.0130288911981343,True,1.0,0.9772727272727273,0.9772727272727273,-5.882352941176483
DLM28P1JMF,250901060001,250911060001,2025-09-01T14:29:40,2025-09-11T14:31:40,42.0,42.0,7.5,8.0,17.857142857142858,19.047619047619047,0.0,0.0,23,23,0.0036694325789256,0.010842847409716,True,1.0,0.9924242424242424,0.9924242424242424,6.666666666666665
DLM28P1JMF,250331100002,250911100004,2025-03-31T18:37:26,2025-09-11T18:11:19,78.0,66.0,18.0,17.0,23.07692307692308,25.75757575757576,0.1358666666705782,0.1298833333227473,25,23,0.0194860680786524,0.0046537791590716,True,0.9727891156462585,0.6368421052631579,0.6368421052631579,11.616161616161612
DLM28P1JMF,250521100002,250911100004,2025-05-21T18:10:11,2025-09-11T18:11:19,77.0,66.0,16.5,17.0,21.428571428571427,25.75757575757576,0.128233333339449,0.1298833333227473,21,23,0.0252712702594088,0.0015146769009693,True,0.9090909090909091,0.6368421052631579,0.6368421052631579,20.202020202020222
DLM28P1JMF,250701100002,250911100004,2025-07-01T18:38:13,2025-09-11T18:11:19,76.0,66.0,18.0,17.0,23.684210526315788,25.75757575757576,0.1388999999966472,0.1298833333227473,21,23,0.0294176924014445,0.0081908945039072,True,0.9005847953216374,0.6368421052631579,0.6368421052631579,8.754208754208781
DLM28P1JMF,250721090007,250911100004,2025-07-21T17:49:56,2025-09-11T18:11:19,78.0,66.0,17.0,17.0,21.7948717948718,25.75757575757576,0.1387166666643073,0.1298833333227473,25,23,0.0078018163511477,0.0030665493505384,True,0.9785714285714285,0.6368421052631579,0.6368421052631579,18.181818181818166
DLM28P1JMF,250731100003,250911100004,2025-07-31T18:20:09,2025-09-11T18:11:19,76.0,66.0,17.0,17.0,22.36842105263158,25.75757575757576,0.1214000000075126,0.1298833333227473,24,23,0.0116565213829166,0.0056175457266861,True,0.9866666666666667,0.6368421052631579,0.6368421052631579,15.15151515151516
DLM28P1JMF,250510170003,250929190004,2025-05-11T01:17:59,2025-09-30T03:23:40,45.0,50.0,10.0,13.0,22.22222222222222,26.0,0.0764000000005277,0.0738500000016453,19,31,0.0115859905196186,0.0050424738477369,True,0.9929078014184397,0.9927536231884058,0.9927536231884058,17.000000000000014
DLM28P1JMF,250710160003,250929190004,2025-07-11T00:44:34,2025-09-30T03:23:40,44.0,50.0,10.0,13.0,22.727272727272727,26.0,0.0442666666659836,0.0738500000016453,16,31,0.0046506207957347,0.938075354940664,True,0.984375,0.9492753623188406,0.9492753623188406,14.400000000000013
DLM28P1JMF,250720180002,250929190004,2025-07-21T02:27:25,2025-09-30T03:23:40,50.0,50.0,11.5,13.0,23.0,26.0,0.0536333333429259,0.0738500000016453,30,31,0.0073305700638044,0.1004527113641899,True,0.993006993006993,0.9927536231884058,0.9927536231884058,13.043478260869556
DLM28P1JMF,250730160003,250929190004,2025-07-31T00:52:40,2025-09-30T03:23:40,44.0,50.0,9.0,13.0,20.454545454545457,26.0,0.0388666666656111,0.0738500000016453,19,31,0.004697316318501,0.9239252409815066,True,0.9928057553956835,0.9492753623188406,0.9492753623188406,27.111111111111107
DLM28P1JMF,250131060001,250930070001,2025-01-31T14:25:05,2025-09-30T15:04:19,42.0,42.0,8.0,8.5,19.047619047619047,20.23809523809524,0.0013666666656111,0.0,20,21,0.0045032134250813,0.0164227226481285,True,0.9206349206349206,0.9424460431654677,0.9206349206349206,6.250000000000022
DLM28P1JMF,250301060002,250930070001,2025-03-01T14:51:17,2025-09-30T15:04:19,46.0,42.0,7.5,8.5,16.304347826086957,20.23809523809524,0.0,0.0,19,21,0.0107679610259071,0.0016993320078328,True,0.7210884353741497,0.7769784172661871,0.7210884353741497,24.12698412698413
DLM28P1JMF,250310220008,250930070001,2025-03-11T06:35:07,2025-09-30T15:04:19,43.0,42.0,8.0,8.5,18.6046511627907,20.23809523809524,0.0219166666657353,0.0,22,21,0.1147859631052818,0.0527079013459715,True,0.935251798561151,0.9928057553956835,0.935251798561151,8.779761904761907
DLM28P1JMF,250320220009,250930070001,2025-03-21T06:23:08,2025-09-30T15:04:19,41.0,42.0,6.5,8.5,15.853658536585366,20.23809523809524,0.0,0.0,15,21,0.1314663074745077,0.0354052400155365,True,0.9776119402985075,0.9928057553956835,0.9776119402985075,27.655677655677668
DLM28P1JMF,250331060001,250930070001,2025-03-31T14:51:48,2025-09-30T15:04:19,42.0,42.0,7.0,8.5,16.666666666666664,20.23809523809524,0.0,0.0,18,21,0.011967135773222,0.0091922003269442,True,0.9928571428571429,1.0,0.9928571428571429,21.428571428571463
DLM28P1JMF,250501070001,250930070001,2025-05-01T15:07:05,2025-09-30T15:04:19,41.0,42.0,8.5,8.5,20.73170731707317,20.23809523809524,0.0,0.0,25,21,0.012514251183733,0.0099434642821948,True,0.9925925925925926,0.9928057553956835,0.9925925925925926,-2.3809523809523614
DLM28P1JMF,250511130001,250930070001,2025-05-11T21:46:01,2025-09-30T15:04:19,41.0,42.0,6.5,8.5,15.853658536585366,20.23809523809524,0.0,0.0,20,21,0.0050424738477369,0.0290501173545888,True,0.9923076923076923,1.0,0.9923076923076923,27.655677655677668
DLM28P1JMF,250521060001,250930070001,2025-05-21T14:58:32,2025-09-30T15:04:19,41.0,42.0,8.0,8.5,19.51219512195122,20.23809523809524,0.0,0.0,26,21,0.0146097340866871,0.0138745057581131,True,0.9923664122137404,0.9928057553956835,0.9923664122137404,3.7202380952381153
DLM28P1JMF,250701070001,250930070001,2025-07-01T15:09:32,2025-09-30T15:04:19,42.0,42.0,9.0,8.5,21.428571428571427,20.23809523809524,0.0354500000015832,0.0,26,21,0.0151080539852913,0.0184759314209773,True,1.0,0.9928057553956835,0.9928057553956835,-5.555555555555536
DLM28P1JMF,250711070001,250930070001,2025-07-11T15:14:22,2025-09-30T15:04:19,42.0,42.0,8.5,8.5,20.23809523809524,20.23809523809524,0.0073833333328366,0.0,23,21,0.0139263166378129,0.0070052803780131,True,0.9921875,1.0,0.9921875,0.0
DLM28P1JMF,250731070001,250930070001,2025-07-31T15:12:48,2025-09-30T15:04:19,42.0,42.0,8.5,8.5,20.23809523809524,20.23809523809524,0.0,0.0,21,21,0.0123070602141634,0.014354162346053,True,1.0,1.0,1.0,0.0
DLM28P1JMF,250901060001,250930070001,2025-09-01T14:29:40,2025-09-30T15:04:19,42.0,42.0,7.5,8.5,17.857142857142858,20.23809523809524,0.0,0.0,23,21,0.0107937661290303,0.0090578658236218,True,0.9922480620155039,0.9928057553956835,0.9922480620155039,13.333333333333353
DLM28P1JMF,250911060001,250930070001,2025-09-11T14:31:40,2025-09-30T15:04:19,42.0,42.0,8.0,8.5,19.047619047619047,20.23809523809524,0.0,0.0,23,21,0.0116482816809176,0.0039555145535799,True,0.9924242424242424,1.0,0.9924242424242424,6.250000000000022
DLM28P1JMF,250331100002,250930100003,2025-03-31T18:37:26,2025-09-30T18:20:37,78.0,76.0,18.0,16.0,23.07692307692308,21.052631578947366,0.1358666666705782,0.1073000000013659,25,25,0.019414895595754,0.0116565220865682,True,1.0,1.0,1.0,-8.77192982456143
DLM28P1JMF,250521100002,250930100003,2025-05-21T18:10:11,2025-09-30T18:20:37,77.0,76.0,16.5,16.0,21.428571428571427,21.052631578947366,0.128233333339449,0.1073000000013659,21,25,0.0237295537673333,0.0110940081435446,True,0.9333333333333333,1.0,0.9333333333333333,-1.7543859649122862
DLM28P1JMF,250701100002,250930100003,2025-07-01T18:38:13,2025-09-30T18:20:37,76.0,76.0,18.0,16.0,23.684210526315788,21.052631578947366,0.1388999999966472,0.1073000000013659,21,25,0.0289501183228077,0.0160705782031289,True,0.9181286549707602,1.0,0.9181286549707602,-11.111111111111116
DLM28P1JMF,250721090007,250930100003,2025-07-21T17:49:56,2025-09-30T18:20:37,78.0,76.0,17.0,16.0,21.7948717948718,21.052631578947366,0.1387166666643073,0.1073000000013659,25,25,0.0076223134693955,0.0086612317458152,True,1.0,1.0,1.0,-3.405572755417985
DLM28P1JMF,250731100003,250930100003,2025-07-31T18:20:09,2025-09-30T18:20:37,76.0,76.0,17.0,16.0,22.36842105263158,21.052631578947366,0.1214000000075126,0.1073000000013659,24,25,0.0112595475395273,0.0155398564934691,True,1.0,1.0,1.0,-5.882352941176483
DLM28P1JMF,250911100004,250930100003,2025-09-11T18:11:19,2025-09-30T18:20:37,66.0,76.0,17.0,16.0,25.75757575757576,21.052631578947366,0.1298833333227473,0.1073000000013659,23,25,0.0039275272985724,0.0108911748170368,True,0.6368421052631579,0.971830985915493,0.6368421052631579,-18.266253869969063
DLM28P1JMF,250510170003,251031160003,2025-05-11T01:17:59,2025-11-01T00:08:58,45.0,52.0,10.0,13.0,22.22222222222222,25.0,0.0764000000005277,0.1192500000004656,19,31,0.0096628390510535,0.002014487782357,True,0.9929078014184397,1.0,0.9929078014184397,12.5
DLM28P1JMF,250710160003,251031160003,2025-07-11T00:44:34,2025-11-01T00:08:58,44.0,52.0,10.0,13.0,22.727272727272727,25.0,0.0442666666659836,0.1192500000004656,16,31,0.0008895594127835,0.9382387930619058,True,0.9921875,0.9565217391304348,0.9565217391304348,10.000000000000009
DLM28P1JMF,250720180002,251031160003,2025-07-21T02:27:25,2025-11-01T00:08:58,50.0,52.0,11.5,13.0,23.0,25.0,0.0536333333429259,0.1192500000004656,30,31,0.0076913022426108,0.0979815509036516,True,1.0,1.0,1.0,8.695652173913038
DLM28P1JMF,250730160003,251031160003,2025-07-31T00:52:40,2025-11-01T00:08:58,44.0,52.0,9.0,13.0,20.454545454545457,25.0,0.0388666666656111,0.1192500000004656,19,31,0.0046338107748116,0.9240783684894543,True,1.0,0.9637681159420289,0.9637681159420289,22.22222222222221
DLM28P1JMF,250929190004,251031160003,2025-09-30T03:23:40,2025-11-01T00:08:58,50.0,52.0,13.0,13.0,26.0,25.0,0.0738500000016453,0.1192500000004656,31,31,0.0053434341933175,0.0031895810155132,True,0.9927536231884058,0.9927536231884058,0.9927536231884058,-3.8461538461538436
DLM28P1JMF,250131060001,251101060001,2025-01-31T14:25:05,2025-11-01T14:57:05,42.0,42.0,8.0,8.0,19.047619047619047,19.047619047619047,0.0013666666656111,0.0,20,24,0.0053768871169782,0.0054131568119917,True,0.9206349206349206,0.937984496124031,0.9206349206349206,0.0
DLM28P1JMF,250301060002,251101060001,2025-03-01T14:51:17,2025-11-01T14:57:05,46.0,42.0,7.5,8.0,16.304347826086957,19.047619047619047,0.0,0.0,19,24,0.0076595646196723,0.0104760680127402,True,0.7278911564625851,0.8062015503875969,0.7278911564625851,16.82539682539681
DLM28P1JMF,250310220008,251101060001,2025-03-11T06:35:07,2025-11-01T14:57:05,43.0,42.0,8.0,8.0,18.6046511627907,19.047619047619047,0.0219166666657353,0.0,22,24,0.1125959910271261,0.0515687731882189,True,0.9424460431654677,0.9922480620155039,0.9424460431654677,2.3809523809523725
DLM28P1JMF,250320220009,251101060001,2025-03-21T06:23:08,2025-11-01T14:57:05,41.0,42.0,6.5,8.0,15.853658536585366,19.047619047619047,0.0,0.0,15,24,0.1289927178279923,0.0326947732129124,True,0.9776119402985075,0.9922480620155039,0.9776119402985075,20.146520146520142
DLM28P1JMF,250331060001,251101060001,2025-03-31T14:51:48,2025-11-01T14:57:05,42.0,42.0,7.0,8.0,16.666666666666664,19.047619047619047,0.0,0.0,18,24,0.0096541429606939,0.0038985676558756,True,0.9928571428571429,1.0,0.9928571428571429,14.285714285714302
DLM28P1JMF,250501070001,251101060001,2025-05-01T15:07:05,2025-11-01T14:57:05,41.0,42.0,8.5,8.0,20.73170731707317,19.047619047619047,0.0,0.0,25,24,0.0112415994228871,0.0097279362691588,True,0.9925925925925926,0.9922480620155039,0.9922480620155039,-8.12324929971988
DLM28P1JMF,250511130001,251101060001,2025-05-11T21:46:01,2025-11-01T14:57:05,41.0,42.0,6.5,8.0,15.853658536585366,19.047619047619047,0.0,0.0,20,24,0.002014487782357,0.0296492699492113,True,0.9923076923076923,1.0,0.9923076923076923,20.146520146520142
DLM28P1JMF,250521060001,251101060001,2025-05-21T14:58:32,2025-11-01T14:57:05,41.0,42.0,8.0,8.0,19.51219512195122,19.047619047619047,0.0,0.0,26,24,0.0115606901199292,0.006192180940209,True,0.9923664122137404,0.9922480620155039,0.9922480620155039,-2.3809523809523836
DLM28P1JMF,250701070001,251101060001,2025-07-01T15:09:32,2025-11-01T14:57:05,42.0,42.0,9.0,8.0,21.428571428571427,19.047619047619047,0.0354500000015832,0.0,26,24,0.0129198939351136,0.0072276702321816,True,1.0,0.9922480620155039,0.9922480620155039,-11.111111111111105
DLM28P1JMF,250711070001,251101060001,2025-07-11T15:14:22,2025-11-01T14:57:05,42.0,42.0,8.5,8.0,20.23809523809524,19.047619047619047,0.0073833333328366,0.0,23,24,0.0113535624543996,0.0043015269917356,True,1.0,1.0,1.0,-5.882352941176483
DLM28P1JMF,250731070001,251101060001,2025-07-31T15:12:48,2025-11-01T14:57:05,42.0,42.0,8.5,8.0,20.23809523809524,19.047619047619047,0.0,0.0,21,24,0.0091585453313007,0.0036183771476065,True,1.0,1.0,1.0,-5.882352941176483
DLM28P1JMF,250901060001,251101060001,2025-09-01T14:29:40,2025-11-01T14:57:05,42.0,42.0,7.5,8.0,17.857142857142858,19.047619047619047,0.0,0.0,23,24,0.0077820738995197,0.0064385776379496,True,0.9922480620155039,0.9844961240310077,0.9844961240310077,6.666666666666665
DLM28P1JMF,250911060001,251101060001,2025-09-11T14:31:40,2025-11-01T14:57:05,42.0,42.0,8.0,8.0,19.047619047619047,19.047619047619047,0.0,0.0,23,24,0.009199674174947,0.0106667264893955,True,0.9924242424242424,1.0,0.9924242424242424,0.0
DLM28P1JMF,250930070001,251101060001,2025-09-30T15:04:19,2025-11-01T14:57:05,42.0,42.0,8.5,8.0,20.23809523809524,19.047619047619047,0.0,0.0,21,24,0.0031895810155132,0.0112595475829129,True,1.0,1.0,1.0,-5.882352941176483
DLM28P1JMF,250330170002,251110160003,2025-03-31T01:10:52,2025-11-11T00:57:37,33.0,33.0,6.0,7.0,18.181818181818183,21.21212121212121,0.0,0.0,9,12,0.014284617198331,0.0082343437194157,True,1.0,1.0,1.0,16.66666666666665
DLM28P1JMF,250910160004,251110160003,2025-09-11T00:29:34,2025-11-11T00:57:37,33.0,33.0,6.0,7.0,18.181818181818183,21.21212121212121,0.0029000000019247,0.0,15,12,0.009128576398096,0.00298889296914,True,1.0,1.0,1.0,16.66666666666665
DLM28P1JMF,250910170005,251110170004,2025-09-11T01:29:16,2025-11-11T01:50:52,18.0,18.0,6.5,7.0,36.11111111111111,38.88888888888889,0.1087166666712922,0.1161833333355995,8,10,0.00298889296914,0.0200053038709486,True,1.0,1.0,1.0,7.692307692307709
DLM28P1JMF,250131060001,251111070001,2025-01-31T14:25:05,2025-11-11T15:08:51,42.0,42.0,8.0,7.0,19.047619047619047,16.666666666666664,0.0013666666656111,0.0,20,25,0.0084349153714249,0.0293996486292435,True,0.9206349206349206,0.9389312977099237,0.9206349206349206,-12.50000000000001
DLM28P1JMF,250301060002,251111070001,2025-03-01T14:51:17,2025-11-11T15:08:51,46.0,42.0,7.5,7.0,16.304347826086957,16.666666666666664,0.0,0.0,19,25,0.0192377907324526,0.014010560757441,True,0.7278911564625851,0.8015267175572519,0.7278911564625851,2.2222222222222143
DLM28P1JMF,250310220008,251111070001,2025-03-11T06:35:07,2025-11-11T15:08:51,43.0,42.0,8.0,7.0,18.6046511627907,16.666666666666664,0.0219166666657353,0.0,22,25,0.1224745684093269,0.0591102844987566,True,0.9568345323741008,0.9923664122137404,0.9568345323741008,-10.416666666666686
DLM28P1JMF,250320220009,251111070001,2025-03-21T06:23:08,2025-11-11T15:08:51,41.0,42.0,6.5,7.0,15.853658536585366,16.666666666666664,0.0,0.0,15,25,0.1395475630493743,0.0441907879322966,True,0.9850746268656716,0.9923664122137404,0.9850746268656716,5.12820512820511
DLM28P1JMF,250331060001,251111070001,2025-03-31T14:51:48,2025-11-11T15:08:51,42.0,42.0,7.0,7.0,16.666666666666664,16.666666666666664,0.0,0.0,18,25,0.0202354410298624,0.0224562616761827,True,1.0,1.0,1.0,0.0
DLM28P1JMF,250501070001,251111070001,2025-05-01T15:07:05,2025-11-11T15:08:51,41.0,42.0,8.5,7.0,20.73170731707317,16.666666666666664,0.0,0.0,25,25,0.0198154955977411,0.0197229683556407,True,0.9925925925925926,0.9923664122137404,0.9923664122137404,-19.60784313725491
DLM28P1JMF,250511130001,251111070001,2025-05-11T21:46:01,2025-11-11T15:08:51,41.0,42.0,6.5,7.0,15.853658536585366,16.666666666666664,0.0,0.0,20,25,0.0131099923320073,0.0356220273457262,True,0.9923076923076923,1.0,0.9923076923076923,5.12820512820511
DLM28P1JMF,250521060001,251111070001,2025-05-21T14:58:32,2025-11-11T15:08:51,41.0,42.0,8.0,7.0,19.51219512195122,16.666666666666664,0.0,0.0,26,25,0.0231179471658033,0.0258204134869369,True,0.9923664122137404,0.9923664122137404,0.9923664122137404,-14.583333333333348
DLM28P1JMF,250701070001,251111070001,2025-07-01T15:09:32,2025-11-11T15:08:51,42.0,42.0,9.0,7.0,21.428571428571427,16.666666666666664,0.0354500000015832,0.0,26,25,0.0232125571731298,0.0316983936699976,True,1.0,0.9923664122137404,0.9923664122137404,-22.222222222222232
DLM28P1JMF,250711070001,251111070001,2025-07-11T15:14:22,2025-11-11T15:08:51,42.0,42.0,8.5,7.0,20.23809523809524,16.666666666666664,0.0073833333328366,0.0,23,25,0.0223232971237936,0.0202937758424914,True,1.0,1.0,1.0,-17.647058823529438
DLM28P1JMF,250731070001,251111070001,2025-07-31T15:12:48,2025-11-11T15:08:51,42.0,42.0,8.5,7.0,20.23809523809524,16.666666666666664,0.0,0.0,21,25,0.0207276107854769,0.0272903660757028,True,1.0,1.0,1.0,-17.647058823529438
DLM28P1JMF,250901060001,251111070001,2025-09-01T14:29:40,2025-11-11T15:08:51,42.0,42.0,7.5,7.0,17.857142857142858,16.666666666666664,0.0,0.0,23,25,0.0193099608931921,0.0218952678133236,True,0.9922480620155039,0.9847328244274809,0.9847328244274809,-6.666666666666687
DLM28P1JMF,250911060001,251111070001,2025-09-11T14:31:40,2025-11-11T15:08:51,42.0,42.0,8.0,7.0,19.047619047619047,16.666666666666664,0.0,0.0,23,25,0.0200053038709486,0.0144201881631452,True,0.9924242424242424,1.0,0.9924242424242424,-12.50000000000001
DLM28P1JMF,250930070001,251111070001,2025-09-30T15:04:19,2025-11-11T15:08:51,42.0,42.0,8.5,7.0,20.23809523809524,16.666666666666664,0.0,0.0,21,25,0.0085243836101683,0.0133181415297001,True,1.0,1.0,1.0,-17.647058823529438
DLM28P1JMF,251101060001,251111070001,2025-11-01T14:57:05,2025-11-11T15:08:51,42.0,42.0,8.0,7.0,19.047619047619047,16.666666666666664,0.0,0.0,24,25,0.0115791187377217,0.0244730388192614,True,1.0,1.0,1.0,-12.50000000000001
DLM28P1JMF,250331100002,251111100002,2025-03-31T18:37:26,2025-11-11T18:02:50,78.0,75.0,18.0,16.5,23.07692307692308,22.0,0.1358666666705782,0.1099666666627551,25,20,0.0224562616761827,0.0102720926233671,True,0.9863945578231292,1.0,0.9863945578231292,-4.666666666666686
DLM28P1JMF,250521100002,251111100002,2025-05-21T18:10:11,2025-11-11T18:02:50,77.0,75.0,16.5,16.5,21.428571428571427,22.0,0.128233333339449,0.1099666666627551,21,20,0.0258204134869369,0.0135332103144971,True,0.9151515151515152,1.0,0.9151515151515152,2.666666666666684
DLM28P1JMF,250701100002,251111100002,2025-07-01T18:38:13,2025-11-11T18:02:50,76.0,75.0,18.0,16.5,23.684210526315788,22.0,0.1388999999966472,0.1099666666627551,21,20,0.0316983936699976,0.0061157209655833,True,0.9064327485380117,1.0,0.9064327485380117,-7.111111111111102
DLM28P1JMF,250721090007,251111100002,2025-07-21T17:49:56,2025-11-11T18:02:50,78.0,75.0,17.0,16.5,21.7948717948718,22.0,0.1387166666643073,0.1099666666627551,25,20,0.0109222754914154,0.0156115512054829,True,0.9785714285714285,1.0,0.9785714285714285,0.9411764705882231
DLM28P1JMF,250731100003,251111100002,2025-07-31T18:20:09,2025-11-11T18:02:50,76.0,75.0,17.0,16.5,22.36842105263158,22.0,0.1214000000075126,0.1099666666627551,24,20,0.0143325962707312,0.0069338103211148,True,0.9866666666666667,1.0,0.9866666666666667,-1.6470588235294126
DLM28P1JMF,250911100004,251111100002,2025-09-11T18:11:19,2025-11-11T18:02:50,66.0,75.0,17.0,16.5,25.75757575757576,22.0,0.1298833333227473,0.1099666666627551,23,20,0.0067427604305776,0.0125513232229436,True,0.6157894736842106,0.9850746268656716,0.6157894736842106,-14.588235294117657
DLM28P1JMF,250930100003,251111100002,2025-09-30T18:20:37,2025-11-11T18:02:50,76.0,75.0,16.0,16.5,21.052631578947366,22.0,0.1073000000013659,0.1099666666627551,25,20,0.0035547516247786,0.0219234040059848,True,0.9859154929577465,1.0,0.9859154929577465,4.500000000000015
DLM28P1JMF,250510170003,251120160003,2025-05-11T01:17:59,2025-11-21T00:22:42,45.0,51.0,10.0,12.5,22.22222222222222,24.509803921568626,0.0764000000005277,0.1216166666670081,19,30,0.0133514713048189,0.0016500955295643,True,1.0,0.9933333333333333,0.9933333333333333,10.294117647058808
DLM28P1JMF,250710160003,251120160003,2025-07-11T00:44:34,2025-11-21T00:22:42,44.0,51.0,10.0,12.5,22.727272727272727,24.509803921568626,0.0442666666659836,0.1216166666670081,16,30,0.0040907436404939,0.9384285202058325,True,1.0,0.9533333333333334,0.9533333333333334,7.843137254901955
DLM28P1JMF,250720180002,251120160003,2025-07-21T02:27:25,2025-11-21T00:22:42,50.0,51.0,11.5,12.5,23.0,24.509803921568626,0.0536333333429259,0.1216166666670081,30,30,0.0105269963191349,0.0956410120131047,True,1.0,0.9866666666666667,0.9866666666666667,6.56436487638532
DLM28P1JMF,250730160003,251120160003,2025-07-31T00:52:40,2025-11-21T00:22:42,44.0,51.0,9.0,12.5,20.454545454545457,24.509803921568626,0.0388666666656111,0.1216166666670081,19,30,0.0009202705248173,0.9242582682614044,True,1.0,0.9466666666666667,0.9466666666666667,19.825708061002167
DLM28P1JMF,250929190004,251120160003,2025-09-30T03:23:40,2025-11-21T00:22:42,50.0,51.0,13.0,12.5,26.0,24.509803921568626,0.0738500000016453,0.1216166666670081,31,30,0.0049431013192294,0.0062808091378009,True,1.0,1.0,1.0,-5.731523378582204
DLM28P1JMF,251031160003,251120160003,2025-11-01T00:08:58,2025-11-21T00:22:42,52.0,51.0,13.0,12.5,25.0,24.509803921568626,0.1192500000004656,0.1216166666670081,31,30,0.0038670044741818,0.0030912645058394,True,1.0,0.9866666666666667,0.9866666666666667,-1.9607843137254943
DLM28P1JMF,250131060001,251121060001,2025-01-31T14:25:05,2025-11-21T14:59:16,42.0,42.0,8.0,7.0,19.047619047619047,16.666666666666664,0.0013666666656111,0.0,20,26,0.0075168396524422,0.0064994317683315,True,0.9206349206349206,0.9259259259259259,0.9206349206349206,-12.50000000000001
DLM28P1JMF,250301060002,251121060001,2025-03-01T14:51:17,2025-11-21T14:59:16,46.0,42.0,7.5,7.0,16.304347826086957,16.666666666666664,0.0,0.0,19,26,0.004759930399501,0.0089320021790965,True,0.7278911564625851,0.8,0.7278911564625851,2.2222222222222143
DLM28P1JMF,250310220008,251121060001,2025-03-11T06:35:07,2025-11-21T14:59:16,43.0,42.0,8.0,7.0,18.6046511627907,16.666666666666664,0.0219166666657353,0.0,22,26,0.1105357495968753,0.0531968194196088,True,0.9496402877697842,0.9851851851851852,0.9496402877697842,-10.416666666666686
DLM28P1JMF,250320220009,251121060001,2025-03-21T06:23:08,2025-11-21T14:59:16,41.0,42.0,6.5,7.0,15.853658536585366,16.666666666666664,0.0,0.0,15,26,0.1266396543720421,0.0344463460047035,True,0.9925373134328358,0.9925925925925926,0.9925373134328358,5.12820512820511
DLM28P1JMF,250331060001,251121060001,2025-03-31T14:51:48,2025-11-21T14:59:16,42.0,42.0,7.0,7.0,16.666666666666664,16.666666666666664,0.0,0.0,18,26,0.0080287411171538,0.00469741143145,True,1.0,0.9925925925925926,0.9925925925925926,0.0
DLM28P1JMF,250501070001,251121060001,2025-05-01T15:07:05,2025-11-21T14:59:16,41.0,42.0,8.5,7.0,20.73170731707317,16.666666666666664,0.0,0.0,25,26,0.0108140206907654,0.0075842026037603,True,1.0,0.9925925925925926,0.9925925925925926,-19.60784313725491
DLM28P1JMF,250511130001,251121060001,2025-05-11T21:46:01,2025-11-21T14:59:16,41.0,42.0,6.5,7.0,15.853658536585366,16.666666666666664,0.0,0.0,20,26,0.0016500955295643,0.0309207353780722,True,1.0,1.0,1.0,5.12820512820511
DLM28P1JMF,250521060001,251121060001,2025-05-21T14:58:32,2025-11-21T14:59:16,41.0,42.0,8.0,7.0,19.51219512195122,16.666666666666664,0.0,0.0,26,26,0.0087116131814683,0.0051877248653543,True,0.9923664122137404,0.9925925925925926,0.9923664122137404,-14.583333333333348
DLM28P1JMF,250701070001,251121060001,2025-07-01T15:09:32,2025-11-21T14:59:16,42.0,42.0,9.0,7.0,21.428571428571427,16.666666666666664,0.0354500000015832,0.0,26,26,0.0112839603720736,0.0089133356258123,True,1.0,0.9925925925925926,0.9925925925925926,-22.222222222222232
DLM28P1JMF,250711070001,251121060001,2025-07-11T15:14:22,2025-11-21T14:59:16,42.0,42.0,8.5,7.0,20.23809523809524,16.666666666666664,0.0073833333328366,0.0,23,26,0.0092519295150673,0.0035336664419153,True,1.0,0.9925925925925926,0.9925925925925926,-17.647058823529438
DLM28P1JMF,250731070001,251121060001,2025-07-31T15:12:48,2025-11-21T14:59:16,42.0,42.0,8.5,7.0,20.23809523809524,16.666666666666664,0.0,0.0,21,26,0.006153529806725,0.0044108034102759,True,1.0,0.9925925925925926,0.9925925925925926,-17.647058823529438
DLM28P1JMF,250901060001,251121060001,2025-09-01T14:29:40,2025-11-21T14:59:16,42.0,42.0,7.5,7.0,17.857142857142858,16.666666666666664,0.0,0.0,23,26,0.0050876344551623,0.007201241813737,True,1.0,0.9851851851851852,0.9851851851851852,-6.666666666666687
DLM28P1JMF,250911060001,251121060001,2025-09-11T14:31:40,2025-11-21T14:59:16,42.0,42.0,8.0,7.0,19.047619047619047,16.666666666666664,0.0,0.0,23,26,0.007406322467461,0.0088037691990986,True,1.0,1.0,1.0,-12.50000000000001
DLM28P1JMF,250930070001,251121060001,2025-09-30T15:04:19,2025-11-21T14:59:16,42.0,42.0,8.5,7.0,20.23809523809524,16.666666666666664,0.0,0.0,21,26,0.0062808091378009,0.0099473829499121,True,1.0,0.9851851851851852,0.9851851851851852,-17.647058823529438
DLM28P1JMF,251101060001,251121060001,2025-11-01T14:57:05,2025-11-21T14:59:16,42.0,42.0,8.0,7.0,19.047619047619047,16.666666666666664,0.0,0.0,24,26,0.0030912645058394,0.0021691672292784,True,1.0,0.9851851851851852,0.9851851851851852,-12.50000000000001
DLM28P1JMF,251111070001,251121060001,2025-11-11T15:08:51,2025-11-21T14:59:16,42.0,42.0,7.0,7.0,16.666666666666664,16.666666666666664,0.0,0.0,25,26,0.014590678029774,0.0229203184772671,True,1.0,0.9851851851851852,0.9851851851851852,0.0
DLM28P1JMF,250331100002,251121100002,2025-03-31T18:37:26,2025-11-21T18:56:55,78.0,76.0,18.0,17.0,23.07692307692308,22.36842105263158,0.1358666666705782,0.1042833333369344,25,21,0.00469741143145,0.0020155255095295,True,1.0,1.0,1.0,-3.0701754385965008
DLM28P1JMF,250521100002,251121100002,2025-05-21T18:10:11,2025-11-21T18:56:55,77.0,76.0,16.5,17.0,21.428571428571427,22.36842105263158,0.128233333339449,0.1042833333369344,21,21,0.0051877248653543,0.0078836371660849,True,0.9333333333333333,1.0,0.9333333333333333,4.385964912280715
DLM28P1JMF,250701100002,251121100002,2025-07-01T18:38:13,2025-11-21T18:56:55,76.0,76.0,18.0,17.0,23.684210526315788,22.36842105263158,0.1388999999966472,0.1042833333369344,21,21,0.0089133356258123,0.0026813783387164,True,0.9181286549707602,1.0,0.9181286549707602,-5.5555555555555465
DLM28P1JMF,250721090007,251121100002,2025-07-21T17:49:56,2025-11-21T18:56:55,78.0,76.0,17.0,17.0,21.7948717948718,22.36842105263158,0.1387166666643073,0.1042833333369344,25,21,0.0134961623852731,0.0088521938868796,True,1.0,1.0,1.0,2.631578947368407
DLM28P1JMF,250731100003,251121100002,2025-07-31T18:20:09,2025-11-21T18:56:55,76.0,76.0,17.0,17.0,22.36842105263158,22.36842105263158,0.1214000000075126,0.1042833333369344,24,21,0.0096838107817296,0.0041816033184182,True,1.0,1.0,1.0,0.0
DLM28P1JMF,250911100004,251121100002,2025-09-11T18:11:19,2025-11-21T18:56:55,66.0,76.0,17.0,17.0,25.75757575757576,22.36842105263158,0.1298833333227473,0.1042833333369344,23,21,0.0212920583517623,0.0063955080445182,True,0.6368421052631579,0.9776119402985075,0.6368421052631579,-13.157894736842124
DLM28P1JMF,250930100003,251121100002,2025-09-30T18:20:37,2025-11-21T18:56:55,76.0,76.0,16.0,17.0,21.052631578947366,22.36842105263158,0.1073000000013659,0.1042833333369344,25,21,0.0203517745397621,0.0133917778070326,True,1.0,1.0,1.0,6.25
DLM28P1JMF,251111100002,251121100002,2025-11-11T18:02:50,2025-11-21T18:56:55,75.0,76.0,16.5,17.0,22.0,22.36842105263158,0.1099666666627551,0.1042833333369344,20,21,0.0229203184772671,0.0087105419836657,True,1.0,0.9850746268656716,0.9850746268656716,1.674641148325362
DLM28P1JMF,250330170002,251129180004,2025-03-31T01:10:52,2025-11-30T02:10:50,33.0,32.0,6.0,5.5,18.181818181818183,17.1875,0.0,0.0,9,11,0.0126155620364945,0.0080141551794214,True,0.98,0.9901960784313726,0.98,-5.468750000000011
DLM28P1JMF,250910160004,251129180004,2025-09-11T00:29:34,2025-11-30T02:10:50,33.0,32.0,6.0,5.5,18.181818181818183,17.1875,0.0029000000019247,0.0,15,11,0.0091642454886296,0.0043302546816781,True,1.0,0.9803921568627451,0.9803921568627451,-5.468750000000011
DLM28P1JMF,251110160003,251129180004,2025-11-11T00:57:37,2025-11-30T02:10:50,33.0,32.0,7.0,5.5,21.21212121212121,17.1875,0.0,0.0,12,11,0.0037568343396762,0.0073132926589727,True,0.9897959183673469,0.9901960784313726,0.9897959183673469,-18.973214285714278
DLM28P1JMF,250131060001,251130130001,2025-01-31T14:25:05,2025-11-30T21:56:32,42.0,44.0,8.0,9.0,19.047619047619047,20.454545454545457,0.0013666666656111,0.0238833333365619,20,25,0.0119416552926004,0.0261845106565565,True,0.8809523809523809,0.8538461538461538,0.8538461538461538,7.3863636363636465
DLM28P1JMF,250301060002,251130130001,2025-03-01T14:51:17,2025-11-30T21:56:32,46.0,44.0,7.5,9.0,16.304347826086957,20.454545454545457,0.0,0.0238833333365619,19,25,0.0096341529862283,0.0288528347753074,True,0.6870748299319728,0.7230769230769231,0.6870748299319728,25.454545454545464
DLM28P1JMF,250310220008,251130130001,2025-03-11T06:35:07,2025-11-30T21:56:32,43.0,44.0,8.0,9.0,18.6046511627907,20.454545454545457,0.0219166666657353,0.0238833333365619,22,25,0.1079141069321493,0.0276256925414786,True,0.9640287769784173,0.9615384615384616,0.9615384615384616,9.943181818181834
DLM28P1JMF,250320220009,251130130001,2025-03-21T06:23:08,2025-11-30T21:56:32,41.0,44.0,6.5,9.0,15.853658536585366,20.454545454545457,0.0,0.0238833333365619,15,25,0.1250852090430956,0.0084622287560236,True,0.9402985074626866,0.9076923076923077,0.9076923076923077,29.02097902097904
DLM28P1JMF,250331060001,251130130001,2025-03-31T14:51:48,2025-11-30T21:56:32,42.0,44.0,7.0,9.0,16.666666666666664,20.454545454545457,0.0,0.0238833333365619,18,25,0.0069706369581231,0.0218962792426647,True,0.9571428571428572,0.9153846153846154,0.9153846153846154,22.72727272727275
DLM28P1JMF,250501070001,251130130001,2025-05-01T15:07:05,2025-11-30T21:56:32,41.0,44.0,8.5,9.0,20.73170731707317,20.454545454545457,0.0,0.0238833333365619,25,25,0.0052555849146949,0.033279441534898,True,0.9555555555555556,0.9,0.9,-1.3368983957219083
DLM28P1JMF,250511130001,251130130001,2025-05-11T21:46:01,2025-11-30T21:56:32,41.0,44.0,6.5,9.0,15.853658536585366,20.454545454545457,0.0,0.0238833333365619,20,25,0.0085909275909684,0.0111461766271726,True,0.9538461538461539,0.9153846153846154,0.9153846153846154,29.02097902097904
DLM28P1JMF,250521060001,251130130001,2025-05-21T14:58:32,2025-11-30T21:56:32,41.0,44.0,8.0,9.0,19.51219512195122,20.454545454545457,0.0,0.0238833333365619,26,25,0.0121316308298067,0.0302616890932417,True,0.9541984732824428,0.9,0.9,4.829545454545459
DLM28P1JMF,250701070001,251130130001,2025-07-01T15:09:32,2025-11-30T21:56:32,42.0,44.0,9.0,9.0,21.428571428571427,20.454545454545457,0.0354500000015832,0.0238833333365619,26,25,0.0092103801012015,0.0240039611223915,True,0.9615384615384616,0.9,0.9,-4.545454545454531
DLM28P1JMF,250711070001,251130130001,2025-07-11T15:14:22,2025-11-30T21:56:32,42.0,44.0,8.5,9.0,20.23809523809524,20.454545454545457,0.0073833333328366,0.0238833333365619,23,25,0.0093271023875844,0.0247178538683484,True,0.953125,0.9153846153846154,0.9153846153846154,1.0695187165775444
DLM28P1JMF,250731070001,251130130001,2025-07-31T15:12:48,2025-11-30T21:56:32,42.0,44.0,8.5,9.0,20.23809523809524,20.454545454545457,0.0,0.0238833333365619,21,25,0.0111911373464443,0.0262517108153172,True,0.967741935483871,0.9153846153846154,0.9153846153846154,1.0695187165775444
DLM28P1JMF,250901060001,251130130001,2025-09-01T14:29:40,2025-11-30T21:56:32,42.0,44.0,7.5,9.0,17.857142857142858,20.454545454545457,0.0,0.0238833333365619,23,25,0.0089578123560212,0.0201376440980055,True,0.9534883720930233,0.9076923076923077,0.9076923076923077,14.54545454545455
DLM28P1JMF,250911060001,251130130001,2025-09-11T14:31:40,2025-11-30T21:56:32,42.0,44.0,8.0,9.0,19.047619047619047,20.454545454545457,0.0,0.0238833333365619,23,25,0.0071605050487726,0.030740928127635,True,0.9545454545454546,0.9076923076923077,0.9076923076923077,7.3863636363636465
DLM28P1JMF,250930070001,251130130001,2025-09-30T15:04:19,2025-11-30T21:56:32,42.0,44.0,8.5,9.0,20.23809523809524,20.454545454545457,0.0,0.0238833333365619,21,25,0.0076444380134237,0.0280121088336929,True,0.9640287769784173,0.9076923076923077,0.9076923076923077,1.0695187165775444
DLM28P1JMF,251101060001,251130130001,2025-11-01T14:57:05,2025-11-30T21:56:32,42.0,44.0,8.0,9.0,19.047619047619047,20.454545454545457,0.0,0.0238833333365619,24,25,0.0072723515143454,0.0243199459702199,True,0.9612403100775194,0.9076923076923077,0.9076923076923077,7.3863636363636465
DLM28P1JMF,251111070001,251130130001,2025-11-11T15:08:51,2025-11-30T21:56:32,42.0,44.0,7.0,9.0,16.666666666666664,20.454545454545457,0.0,0.0238833333365619,25,25,0.0145608769525758,0.0381120841292477,True,0.9618320610687023,0.9153846153846154,0.9153846153846154,22.72727272727275
DLM28P1JMF,251121060001,251130130001,2025-11-21T14:59:16,2025-11-30T21:56:32,42.0,44.0,7.0,9.0,16.666666666666664,20.454545454545457,0.0,0.0238833333365619,26,25,0.008199273399454,0.0261306888690313,True,0.9481481481481482,0.9153846153846154,0.9153846153846154,22.72727272727275
HTLT0PUOFI,250311060005,250331050006,2025-03-11T14:23:29,2025-03-31T13:16:46,37.0,36.0,7.5,7.5,20.27027027027027,20.833333333333336,0.0,0.0,6,6,0.9070492628405836,0.0192592768932928,True,0.9888888888888889,0.9887640449438202,0.9887640449438202,2.77777777777779
HTLT0PUOFI,250111060006,250701070008,2025-01-11T14:33:33,2025-07-01T15:20:59,49.0,50.0,10.0,9.0,20.40816326530612,18.0,0.0,0.0035833333347303,6,6,0.2851261475185794,0.0028692617159869,True,0.968,1.0,0.968,-11.799999999999988
HTLT0PUOFI,250721010001,250731060005,2025-07-21T09:26:47,2025-07-31T14:01:43,25.0,24.0,5.0,5.5,20.0,22.916666666666664,0.0,0.0,5,3,0.0101424987019163,0.0165557099220744,True,1.0,0.9836065573770492,0.9836065573770492,14.583333333333325
HTLT0PUOFI,250721060005,250731070006,2025-07-21T14:02:32,2025-07-31T15:23:11,55.0,51.0,10.0,10.0,18.181818181818183,19.607843137254903,0.032766666666915,0.0091000000014901,5,8,0.0070860716177908,0.003768399790694,True,0.6229508196721312,0.5276073619631901,0.5276073619631901,7.843137254901955
HTLT0PUOFI,250121060010,250901040007,2025-01-21T14:42:21,2025-09-01T12:23:33,55.0,52.0,13.5,12.5,24.545454545454547,24.03846153846154,0.0272833333311912,0.1526666666652696,7,6,0.0077920978565728,0.8440043242895752,True,0.9310344827586207,0.9827586206896551,0.9310344827586207,-2.065527065527062
HTLT0PUOFI,250111060006,250911060003,2025-01-11T14:33:33,2025-09-11T14:58:12,49.0,50.0,10.0,8.5,20.40816326530612,17.0,0.0,0.0008666666651455,6,5,0.281169886693045,0.0145937814031279,True,0.976,1.0,0.976,-16.69999999999998
HTLT0PUOFI,250701070008,250911060003,2025-07-01T15:20:59,2025-09-11T14:58:12,50.0,50.0,9.0,8.5,18.0,17.0,0.0035833333347303,0.0008666666651455,6,5,0.0065475699653201,0.0117533893088961,True,0.9814814814814815,0.9809523809523809,0.9809523809523809,-5.555555555555558
HTLT0PUOFI,250711060006,250911060003,2025-07-11T14:32:04,2025-09-11T14:58:12,61.0,50.0,10.5,8.5,17.21311475409836,17.0,0.0109499999981683,0.0008666666651455,6,5,0.0120872076863938,0.0166378728671015,True,0.8527131782945736,0.9904761904761905,0.8527131782945736,-1.2380952380952381
HTLT0PUOFI,250831230001,250920200001,2025-09-01T07:58:22,2025-09-21T04:55:15,56.0,56.0,10.0,12.5,17.857142857142858,22.321428571428573,0.0038333333330228,0.0,4,5,0.0012231441926215,0.0074289485753657,True,0.9758064516129032,0.9661016949152542,0.9661016949152542,25.0
HTLT0PUOFI,250720230001,251110230008,2025-07-21T07:55:55,2025-11-11T07:44:23,41.0,41.0,7.0,7.0,17.073170731707318,17.073170731707318,0.006050000002142,0.0096000000019557,6,6,0.0100467884624144,0.0086112927892761,True,0.9381443298969072,0.9693877551020408,0.9381443298969072,0.0
HTLT0PUOFI,250721060005,251121050008,2025-07-21T14:02:32,2025-11-21T13:26:54,55.0,49.0,10.0,7.5,18.181818181818183,15.306122448979592,0.032766666666915,0.0,5,5,0.0067701191107626,0.8487056801546362,True,0.639344262295082,0.7079646017699115,0.639344262295082,-15.816326530612256
HTLT0PUOFI,250731070006,251121050008,2025-07-31T15:23:11,2025-11-21T13:26:54,51.0,49.0,10.0,7.5,19.607843137254903,15.306122448979592,0.0091000000014901,0.0,8,5,0.0050324591346458,0.8453151291767989,True,0.4723926380368098,0.5575221238938053,0.4723926380368098,-21.93877551020409
M78YOZ58I2,250331030001,250521040001,2025-03-31T11:35:43,2025-05-21T12:41:31,48.5,52.5,7.0,8.0,14.432989690721648,15.23809523809524,0.0,0.0,8,12,0.0071733550093454,0.0084479269044021,True,0.9914529914529915,0.9302325581395349,0.9302325581395349,5.578231292517044
M78YOZ58I2,250531130005,250911070008,2025-05-31T21:24:06,2025-09-11T15:53:46,39.70000000000073,45.69999999999709,5.5,6.5,13.853904282115614,14.223194748359768,0.0,0.0047666666680015,7,10,0.010058558089021,0.0176613268714559,True,0.875,0.7653061224489796,0.7653061224489796,2.665605729071485
SGQ5MOWUGY,250121020003,250311010002,2025-01-21T10:20:32,2025-03-11T09:50:49,59.5,58.19999999999891,8.5,7.0,14.285714285714285,12.027491408934932,0.0,0.0,12,10,0.0159237835125092,0.639781223800993,True,0.9722222222222222,1.0,0.9722222222222222,-15.807560137455468
SGQ5MOWUGY,250121020003,250711010003,2025-01-21T10:20:32,2025-07-11T09:18:44,59.5,54.89999999999782,8.5,6.5,14.285714285714285,11.839708561020506,0.0,0.0,12,10,0.907888496028339,0.0048216646461004,True,0.9166666666666666,0.8715596330275229,0.8715596330275229,-17.12204007285645
SGQ5MOWUGY,250311010002,250711010003,2025-03-11T09:50:49,2025-07-11T09:18:44,58.19999999999891,54.89999999999782,7.0,6.5,12.027491408934932,11.839708561020506,0.0,0.0,10,10,0.909872934233615,0.6436084329674248,True,0.9150943396226415,0.8623853211009175,0.8623853211009175,-1.5612802498027656
SGQ5MOWUGY,250121020003,250930020002,2025-01-21T10:20:32,2025-09-30T10:11:50,59.5,56.09999999999855,8.5,7.5,14.285714285714285,13.3689839572196,0.0,0.0,12,8,0.0285601820706958,0.0023225809346693,True,0.9259259259259259,0.8545454545454545,0.8545454545454545,-6.41711229946279
SGQ5MOWUGY,250311010002,250930020002,2025-03-11T09:50:49,2025-09-30T10:11:50,58.19999999999891,56.09999999999855,7.0,7.5,12.027491408934932,13.3689839572196,0.0,0.0,10,8,0.0130973983269971,0.6394301321682214,True,0.9339622641509434,0.8363636363636363,0.8363636363636363,11.153552330023754
SGQ5MOWUGY,250711010003,250930020002,2025-07-11T09:18:44,2025-09-30T10:11:50,54.89999999999782,56.09999999999855,6.5,7.5,11.839708561020506,13.3689839572196,0.0,0.0,10,8,0.9161363224211808,0.0042254072125784,True,1.0,0.9818181818181818,0.9818181818181818,12.916495269434902
V9R0Z0ZLT0,250731040002,250731080004,2025-07-31T12:39:15,2025-07-31T16:29:11,31.0,31.0,11.5,12.5,37.096774193548384,40.32258064516129,0.0125833333353511,0.0384166666655801,5,2,0.028549084281301,0.0246872830779266,True,0.9746835443037974,0.9770114942528736,0.9746835443037974,8.695652173913038
V9R0Z0ZLT0,250121080003,250901070003,2025-01-21T16:27:18,2025-09-01T15:50:41,15.0,14.0,5.5,6.0,36.66666666666666,42.85714285714285,0.0,0.0218999999963367,4,5,0.011624282090667,0.0146326455461515,True,1.0,1.0,1.0,16.883116883116877
V9R0Z0ZLT0,250711050004,250911010001,2025-07-11T13:03:29,2025-09-11T09:16:38,19.0,22.0,9.0,12.5,47.368421052631575,56.81818181818182,0.0113833333326814,0.1122666666672254,6,3,0.0042046959066412,0.0104466378357071,True,0.5277777777777778,0.24074074074074073,0.24074074074074073,19.949494949494962
V9R0Z0ZLT0,250731020001,250930010001,2025-07-31T10:15:06,2025-09-30T09:41:13,22.0,23.0,7.5,7.0,34.090909090909086,30.434782608695656,0.0183333333348855,0.0093666666691812,4,7,0.0036110240002409,0.0283360746570759,True,0.7090909090909091,0.5915492957746479,0.5915492957746479,-10.724637681159399
V9R0Z0ZLT0,250731040002,250930030002,2025-07-31T12:39:15,2025-09-30T11:34:10,31.0,31.0,11.5,9.0,37.096774193548384,29.03225806451613,0.0125833333353511,0.0,5,3,0.0283360746570759,0.0074943030691709,True,0.9873417721518988,0.9878048780487805,0.9873417721518988,-21.739130434782595
V9R0Z0ZLT0,250731080004,250930030002,2025-07-31T16:29:11,2025-09-30T11:34:10,31.0,31.0,12.5,9.0,40.32258064516129,29.03225806451613,0.0384166666655801,0.0,2,3,0.0011119492662446,0.017664763880059,True,0.9885057471264368,1.0,0.9885057471264368,-27.999999999999993
V9R0Z0ZLT0,250731050003,250930040003,2025-07-31T13:35:06,2025-09-30T12:08:55,38.0,33.0,12.5,10.0,32.89473684210527,30.303030303030305,0.0293833333300426,0.0399666666635312,10,4,0.0049596865403058,0.0065460794324345,True,0.9813084112149533,0.9883720930232558,0.9813084112149533,-7.878787878787885
V9R0Z0ZLT0,250731040002,250930070006,2025-07-31T12:39:15,2025-09-30T15:13:34,31.0,32.0,11.5,11.5,37.096774193548384,35.9375,0.0125833333353511,0.0049333333348234,5,4,0.0114707212300999,0.0140210562523053,True,0.34177215189873417,0.2524271844660194,0.2524271844660194,-3.124999999999989
V9R0Z0ZLT0,250731080004,250930070006,2025-07-31T16:29:11,2025-09-30T15:13:34,31.0,32.0,12.5,11.5,40.32258064516129,35.9375,0.0384166666655801,0.0049333333348234,2,4,0.0308414055445944,0.0177468583699993,True,0.3218390804597701,0.2524271844660194,0.2524271844660194,-10.87499999999999
V9R0Z0ZLT0,250930030002,250930070006,2025-09-30T11:34:10,2025-09-30T15:13:34,31.0,32.0,9.0,11.5,29.03225806451613,35.9375,0.0,0.0049333333348234,3,4,0.030234075308144,0.0124082366835498,True,0.3170731707317073,0.2621359223300971,0.2621359223300971,23.78472222222221
V9R0Z0ZLT0,250301020001,251111010001,2025-03-01T10:38:20,2025-11-11T09:12:40,195.0,203.0,64.5,70.0,33.07692307692307,34.48275862068966,0.1547499999947225,0.2963833333342336,44,25,0.0071690471521367,0.0156174138105611,True,0.6102564102564103,0.5141509433962265,0.5141509433962265,4.250200481154787
XYK9DYX172,250721020004,250731020003,2025-07-21T10:18:53,2025-07-31T10:43:06,93.0,93.5,15.0,14.5,16.129032258064516,15.508021390374331,0.0027000000001862,0.0,3,3,0.5021426551573805,0.0084625469455782,True,0.9363636363636364,0.9122807017543859,0.9122807017543859,-3.85026737967914
XYK9DYX172,250730230019,250910230007,2025-07-31T07:32:11,2025-09-11T07:33:34,98.40000000000146,99.20000000000071,15.5,16.5,15.75203252032497,16.633064516128908,0.0,0.0,1,4,0.0799527550477897,0.7013790462387063,True,0.9320388349514563,0.926605504587156,0.926605504587156,5.593132154007008
XYK9DYX172,250721020004,250911020003,2025-07-21T10:18:53,2025-09-11T10:31:47,93.0,93.59999999999854,15.0,14.5,16.129032258064516,15.491452991453231,0.0027000000001862,0.0,3,4,0.4293266136577876,0.0123817665288473,True,0.9272727272727272,0.9159663865546218,0.9159663865546218,-3.9529914529899624
XYK9DYX172,250731020003,250911020003,2025-07-31T10:43:06,2025-09-11T10:31:47,93.5,93.59999999999854,14.5,14.5,15.508021390374331,15.491452991453231,0.0,0.0,3,4,0.3654252438675442,0.0162939694932815,True,0.8421052631578947,0.865546218487395,0.8421052631578947,-0.10683760683606325
YP6LR2GGM2,250311120006,251101100004,2025-03-11T20:32:13,2025-11-01T18:19:57,74.0,68.0,27.5,18.0,37.16216216216216,26.47058823529412,0.0301333333326814,0.0061999999995653,18,13,0.006647762537912,0.0092214034293548,True,0.979381443298969,1.0,0.979381443298969,-28.770053475935818
ZNUKGJO57M,250101060001,250130230002,2025-01-01T14:05:29,2025-01-31T07:38:22,27.0,28.0,6.5,9.5,24.074074074074076,33.92857142857143,0.0,0.0,12,12,0.0074415731853739,0.0086749549368326,True,0.9272727272727272,1.0,0.9272727272727272,40.93406593406592
ZNUKGJO57M,250111000001,250311010001,2025-01-11T08:50:49,2025-03-11T09:24:32,498.0,525.0,133.0,137.0,26.706827309236942,26.09523809523809,0.0922666666680015,0.074800000002142,69,78,0.0137578006597574,0.0152008152876448,True,0.7645985401459854,0.8305709023941068,0.7645985401459854,-2.2900107411385595
ZNUKGJO57M,250228230002,250320230003,2025-03-01T07:16:50,2025-03-21T07:44:52,359.0,340.0,98.5,103.5,27.43732590529248,30.441176470588232,0.1687333333306014,0.1806999999952192,49,95,0.0028900442234325,0.0022638520674242,True,0.8357142857142857,0.6427145708582834,0.6427145708582834,10.948044192296202
ZNUKGJO57M,250320230003,250521020001,2025-03-21T07:44:52,2025-05-21T10:32:00,340.0,272.0,103.5,72.5,30.441176470588232,26.65441176470588,0.1806999999952192,0.0925666666628482,95,51,0.0026860086713252,0.0059360489058182,True,0.5788423153692615,0.6693333333333333,0.5788423153692615,-12.439613526570048
ZNUKGJO57M,250501000001,250521020001,2025-05-01T08:27:28,2025-05-21T10:32:00,248.0,272.0,60.0,72.5,24.193548387096776,26.65441176470588,0.0239333333292355,0.0925666666628482,34,51,0.0045296514122324,0.0027135049670183,True,0.8828828828828829,0.736,0.736,10.171568627450966
ZNUKGJO57M,250430180002,250530180002,2025-05-01T02:39:14,2025-05-31T02:22:09,328.0,302.0,83.5,93.5,25.45731707317073,30.960264900662253,0.0359666666636864,0.0793499999990065,47,95,0.0073655083045009,0.0039461396099873,True,0.33905579399141633,0.5048076923076923,0.33905579399141633,21.61636990918825
ZNUKGJO57M,250430180002,250630190003,2025-05-01T02:39:14,2025-07-01T03:04:42,328.0,322.0,83.5,97.5,25.45731707317073,30.27950310559006,0.0359666666636864,0.1418833333300426,47,75,0.008697791917715,0.0062635209521076,True,0.6995708154506438,0.7104166666666667,0.6995708154506438,18.942239744114243
ZNUKGJO57M,250530180002,250630190003,2025-05-31T02:22:09,2025-07-01T03:04:42,302.0,322.0,93.5,97.5,30.960264900662253,30.27950310559006,0.0793499999990065,0.1418833333300426,95,75,0.0047071618235163,0.003733703398797,True,0.5072115384615384,0.31875,0.31875,-2.1988241937091146
ZNUKGJO57M,250320230003,250701030001,2025-03-21T07:44:52,2025-07-01T11:15:54,340.0,282.0,103.5,80.5,30.441176470588232,28.54609929078014,0.1806999999952192,0.066199999997237,95,65,0.0039246898009056,0.0119797005045338,True,0.6407185628742516,0.740139211136891,0.6407185628742516,-6.22537431048068
ZNUKGJO57M,250501000001,250701030001,2025-05-01T08:27:28,2025-07-01T11:15:54,248.0,282.0,60.0,80.5,24.193548387096776,28.54609929078014,0.0239333333292355,0.066199999997237,34,65,0.0062635209521076,0.0103453375028529,True,0.7327327327327328,0.5916473317865429,0.5916473317865429,17.990543735224573
ZNUKGJO57M,250521020001,250701030001,2025-05-21T10:32:00,2025-07-01T11:15:54,272.0,282.0,72.5,80.5,26.65441176470588,28.54609929078014,0.0925666666628482,0.066199999997237,51,65,0.0043000706072555,0.0089334764157601,True,0.5946666666666667,0.5986078886310905,0.5946666666666667,7.097089752995855
ZNUKGJO57M,250110190002,250710200002,2025-01-11T03:35:28,2025-07-11T04:40:00,238.0,278.0,67.0,78.0,28.15126050420168,28.05755395683453,0.0590333333355374,0.1555500000016763,35,51,0.00869779258306,0.00485634597545,True,0.7,0.6094986807387863,0.6094986807387863,-0.33286803393107744
ZNUKGJO57M,250430180002,250710200002,2025-05-01T02:39:14,2025-07-11T04:40:00,328.0,278.0,83.5,78.0,25.45731707317073,28.05755395683453,0.0359666666636864,0.1555500000016763,47,51,0.0111979112357109,0.0007919913153964,True,0.5708154506437768,0.7519788918205804,0.5708154506437768,10.214104165769179
ZNUKGJO57M,250530180002,250710200002,2025-05-31T02:22:09,2025-07-11T04:40:00,302.0,278.0,93.5,78.0,30.960264900662253,28.05755395683453,0.0793499999990065,0.1555500000016763,95,51,0.0076077506156587,0.0047251670345294,True,0.5072115384615384,0.41160949868073876,0.41160949868073876,-9.375601123379385
ZNUKGJO57M,250630190003,250710200002,2025-07-01T03:04:42,2025-07-11T04:40:00,322.0,278.0,97.5,78.0,30.27950310559006,28.05755395683453,0.1418833333300426,0.1555500000016763,75,51,0.0030022630192495,0.0069999973178504,True,0.4708333333333333,0.6121372031662269,0.4708333333333333,-7.338129496402878
ZNUKGJO57M,241231190002,250720190001,2025-01-01T03:56:02,2025-07-21T03:08:11,440.0,450.0,125.5,133.5,28.522727272727277,29.666666666666668,0.1465999999937291,0.1352000000032906,114,103,0.006215224463925,0.0008448669963547,True,0.7565543071161048,0.5557206537890045,0.5557206537890045,4.0106241699866985
ZNUKGJO57M,250531020001,250721050001,2025-05-31T10:15:57,2025-07-21T13:35:09,167.0,138.0,57.5,34.5,34.4311377245509,25.0,0.141833333329608,0.0056833333335816,49,35,0.0031810933354081,0.042936211686018,True,0.8034934497816594,0.9207920792079208,0.8034934497816594,-27.391304347826097
ZNUKGJO57M,250711040001,250721050001,2025-07-11T12:06:41,2025-07-21T13:35:09,124.0,138.0,39.5,34.5,31.85483870967742,25.0,0.0615999999999379,0.0056833333335816,41,35,0.0027636596941198,0.0068684932626963,True,0.6145833333333334,0.5643564356435643,0.5643564356435643,-21.518987341772156
ZNUKGJO57M,250110190002,250730190003,2025-01-11T03:35:28,2025-07-31T03:31:17,238.0,280.0,67.0,83.0,28.15126050420168,29.642857142857142,0.0590333333355374,0.0890333333363135,35,73,0.006855377305638,0.0062452770195858,True,0.6909090909090909,0.5408653846153846,0.5408653846153846,5.298507462686564
ZNUKGJO57M,250430180002,250730190003,2025-05-01T02:39:14,2025-07-31T03:31:17,328.0,280.0,83.5,83.0,25.45731707317073,29.642857142857142,0.0359666666636864,0.0890333333363135,47,73,0.0062704029187656,0.0023525560694315,True,0.5793991416309013,0.7091346153846154,0.5793991416309013,16.44140290846878
ZNUKGJO57M,250530180002,250730190003,2025-05-31T02:22:09,2025-07-31T03:31:17,302.0,280.0,93.5,83.0,30.960264900662253,29.642857142857142,0.0793499999990065,0.0890333333363135,95,73,0.0022317311465531,0.004752961523061,True,0.5120192307692307,0.36778846153846156,0.36778846153846156,-4.255156608097788
ZNUKGJO57M,250630190003,250730190003,2025-07-01T03:04:42,2025-07-31T03:31:17,322.0,280.0,97.5,83.0,30.27950310559006,29.642857142857142,0.1418833333300426,0.0890333333363135,75,73,0.0066117754670742,0.007952662752137,True,0.47291666666666665,0.5408653846153846,0.47291666666666665,-2.1025641025640973
ZNUKGJO57M,250710200002,250730190003,2025-07-11T04:40:00,2025-07-31T03:31:17,278.0,280.0,78.0,83.0,28.05755395683453,29.642857142857142,0.1555500000016763,0.0890333333363135,51,73,0.0095980130916318,0.0022665917850997,True,0.9234828496042217,0.8052884615384616,0.8052884615384616,5.650183150183152
ZNUKGJO57M,250228230002,250731020001,2025-03-01T07:16:50,2025-07-31T10:02:02,359.0,288.0,98.5,88.0,27.43732590529248,30.55555555555556,0.1687333333306014,0.240950000002825,49,77,0.0031775700205852,0.0064569257253444,True,0.44285714285714284,0.5483870967741935,0.44285714285714284,11.364918217710107
ZNUKGJO57M,250320230003,250731020001,2025-03-21T07:44:52,2025-07-31T10:02:02,340.0,288.0,103.5,88.0,30.441176470588232,30.55555555555556,0.1806999999952192,0.240950000002825,95,77,0.0040548477982252,0.007910118391635,True,0.3712574850299401,0.5403225806451613,0.3712574850299401,0.37573805689750106
ZNUKGJO57M,250501000001,250731020001,2025-05-01T08:27:28,2025-07-31T10:02:02,248.0,288.0,60.0,88.0,24.193548387096776,30.55555555555556,0.0239333333292355,0.240950000002825,34,77,0.0023525560694315,0.0047892005088188,True,0.4174174174174174,0.5349462365591398,0.4174174174174174,26.296296296296305
ZNUKGJO57M,250521020001,250731020001,2025-05-21T10:32:00,2025-07-31T10:02:02,272.0,288.0,72.5,88.0,26.65441176470588,30.55555555555556,0.0925666666628482,0.240950000002825,51,77,0.0049367097167177,0.0031695685160101,True,0.5333333333333333,0.696236559139785,0.5333333333333333,14.636015325670515
ZNUKGJO57M,250701030001,250731020001,2025-07-01T11:15:54,2025-07-31T10:02:02,282.0,288.0,80.5,88.0,28.54609929078014,30.55555555555556,0.066199999997237,0.240950000002825,65,77,0.007952662752137,0.0114596797369379,True,0.3619489559164733,0.543010752688172,0.3619489559164733,7.039337474120111
ZNUKGJO57M,250110190002,250831190001,2025-01-11T03:35:28,2025-09-01T03:34:26,238.0,250.0,67.0,75.0,28.15126050420168,30.0,0.0590333333355374,0.1162166666627551,35,54,0.0117300759525175,0.0086312079514538,True,0.7484848484848485,0.6157635467980296,0.6157635467980296,6.567164179104479
ZNUKGJO57M,250530180002,250831190001,2025-05-31T02:22:09,2025-09-01T03:34:26,302.0,250.0,93.5,75.0,30.960264900662253,30.0,0.0793499999990065,0.1162166666627551,95,54,0.0047255263667093,0.0060910268683894,True,0.47596153846153844,0.3793103448275862,0.3793103448275862,-3.1016042780748654
ZNUKGJO57M,250710200002,250831190001,2025-07-11T04:40:00,2025-09-01T03:34:26,278.0,250.0,78.0,75.0,28.05755395683453,30.0,0.1555500000016763,0.1162166666627551,51,54,0.0097350871167675,0.0063227561449883,True,0.7018469656992085,0.6551724137931034,0.6551724137931034,6.923076923076943
ZNUKGJO57M,250730190003,250831190001,2025-07-31T03:31:17,2025-09-01T03:34:26,280.0,250.0,83.0,75.0,29.642857142857142,30.0,0.0890333333363135,0.1162166666627551,73,54,0.0058401617057049,0.008226154435103,True,0.6298076923076923,0.6527093596059114,0.6298076923076923,1.2048192771084265
ZNUKGJO57M,250228230002,250901010002,2025-03-01T07:16:50,2025-09-01T09:51:42,359.0,298.0,98.5,78.5,27.43732590529248,26.34228187919463,0.1687333333306014,0.1376666666629414,49,76,0.0060131717796572,0.0086356644808206,True,0.7666666666666667,0.5934782608695652,0.5934782608695652,-3.9910741661840388
ZNUKGJO57M,250320230003,250901010002,2025-03-21T07:44:52,2025-09-01T09:51:42,340.0,298.0,103.5,78.5,30.441176470588232,26.34228187919463,0.1806999999952192,0.1376666666629414,95,76,0.0051130722321401,0.0104453510092809,True,0.5868263473053892,0.5847826086956521,0.5847826086956521,-13.464967739843715
ZNUKGJO57M,250521020001,250901010002,2025-05-21T10:32:00,2025-09-01T09:51:42,272.0,298.0,72.5,78.5,26.65441176470588,26.34228187919463,0.0925666666628482,0.1376666666629414,51,76,0.0069721269683101,0.0061931201673064,True,0.784,0.6695652173913044,0.6695652173913044,-1.1710252256422082
ZNUKGJO57M,250701030001,250901010002,2025-07-01T11:15:54,2025-09-01T09:51:42,282.0,298.0,80.5,78.5,28.54609929078014,26.34228187919463,0.066199999997237,0.1376666666629414,65,76,0.0036300174545795,0.0140409170813374,True,0.6682134570765661,0.5934782608695652,0.5934782608695652,-7.72020509400142
ZNUKGJO57M,250731020001,250901010002,2025-07-31T10:02:02,2025-09-01T09:51:42,288.0,298.0,88.0,78.5,30.55555555555556,26.34228187919463,0.240950000002825,0.1376666666629414,77,76,0.0087347785859074,0.0030258771733829,True,0.6854838709677419,0.44782608695652176,0.44782608695652176,-13.788895668090317
ZNUKGJO57M,250430180002,250910180002,2025-05-01T02:39:14,2025-09-11T02:43:38,328.0,326.0,83.5,95.0,25.45731707317073,29.141104294478527,0.0359666666636864,0.136649999996492,47,79,0.0022707801911465,0.0085341030634223,True,0.5815450643776824,0.6274944567627494,0.5815450643776824,14.470445611843807
ZNUKGJO57M,250530180002,250910180002,2025-05-31T02:22:09,2025-09-11T02:43:38,302.0,326.0,93.5,95.0,30.960264900662253,29.141104294478527,0.0793499999990065,0.136649999996492,95,79,0.0054853523340996,0.0048034205793434,True,0.5144230769230769,0.3902439024390244,0.3902439024390244,-5.875791476657599
ZNUKGJO57M,250630190003,250910180002,2025-07-01T03:04:42,2025-09-11T02:43:38,322.0,326.0,97.5,95.0,30.27950310559006,29.141104294478527,0.1418833333300426,0.136649999996492,75,79,0.0064344174093016,0.0034218810700982,True,0.63125,0.656319290465632,0.63125,-3.7596350479785934
ZNUKGJO57M,250710200002,250910180002,2025-07-11T04:40:00,2025-09-11T02:43:38,278.0,326.0,78.0,95.0,28.05755395683453,29.141104294478527,0.1555500000016763,0.136649999996492,51,79,0.0090071229534702,0.0093252842331871,True,0.6965699208443272,0.5920177383592018,0.5920177383592018,3.861884536731175
ZNUKGJO57M,250730190003,250910180002,2025-07-31T03:31:17,2025-09-11T02:43:38,280.0,326.0,83.0,95.0,29.642857142857142,29.141104294478527,0.0890333333363135,0.136649999996492,73,79,0.0049416762424758,0.0095506913479647,True,0.6225961538461539,0.5809312638580931,0.5809312638580931,-1.692660211397734
ZNUKGJO57M,250711040001,250911030001,2025-07-11T12:06:41,2025-09-11T11:02:08,124.0,126.0,39.5,39.0,31.85483870967742,30.952380952380956,0.0615999999999379,0.0695666666685914,41,49,0.0093252842331871,0.0085425301578129,True,0.984375,1.0,0.984375,-2.8330319469559884
ZNUKGJO57M,250721050001,250911030001,2025-07-21T13:35:09,2025-09-11T11:02:08,138.0,126.0,34.5,39.0,25.0,30.952380952380956,0.0056833333335816,0.0695666666685914,35,49,0.007951341732477,0.0153060213054971,True,0.5643564356435643,0.6162162162162163,0.5643564356435643,23.809523809523814
ZNUKGJO57M,250228180001,250929190001,2025-03-01T02:59:52,2025-09-30T03:11:22,169.0,180.0,49.5,54.5,29.289940828402365,30.27777777777777,0.0398333333316259,0.0383499999996274,44,64,0.0018373845419324,0.003320097395037,True,0.948051948051948,0.888030888030888,0.888030888030888,3.372615039281701
ZNUKGJO57M,250228230002,250929230003,2025-03-01T07:16:50,2025-09-30T07:48:58,359.0,359.0,98.5,99.0,27.43732590529248,27.57660167130919,0.1687333333306014,0.0532166666661699,49,68,0.036176552256087,0.0005559746336528,True,0.8404761904761905,0.5553435114503816,0.5553435114503816,0.50761421319796
ZNUKGJO57M,250320230003,250929230003,2025-03-21T07:44:52,2025-09-30T07:48:58,340.0,359.0,103.5,99.0,30.441176470588232,27.57660167130919,0.1806999999952192,0.0532166666661699,95,68,0.0332866768152285,0.0026767774504974,True,0.7644710578842315,0.6603053435114504,0.6603053435114504,-9.410197408259647
ZNUKGJO57M,250330190001,251031190002,2025-03-31T03:45:31,2025-11-01T03:18:38,409.0,391.0,107.5,112.5,26.28361858190709,28.77237851662404,0.0594833333316879,0.1276833333269072,103,79,0.0073235775441386,0.0134242503863523,True,0.5241157556270096,0.5138461538461538,0.5138461538461538,9.468863379527747
ZNUKGJO57M,250531020001,251111050001,2025-05-31T10:15:57,2025-11-11T13:33:38,167.0,146.0,57.5,38.5,34.4311377245509,26.36986301369863,0.141833333329608,0.0075666666651765,49,42,0.0030053612921989,0.0265365225091581,True,0.8078602620087336,0.8909952606635071,0.8078602620087336,-23.412745681953552
ZNUKGJO57M,250711040001,251111050001,2025-07-11T12:06:41,2025-11-11T13:33:38,124.0,146.0,39.5,38.5,31.85483870967742,26.36986301369863,0.0615999999999379,0.0075666666651765,41,42,0.0030865002747168,0.0112607170854675,True,0.625,0.5497630331753555,0.5497630331753555,-17.21865788104734
ZNUKGJO57M,250721050001,251111050001,2025-07-21T13:35:09,2025-11-11T13:33:38,138.0,146.0,34.5,38.5,25.0,26.36986301369863,0.0056833333335816,0.0075666666651765,35,42,0.0037321119253504,0.0179645151485449,True,0.9554455445544554,0.9383886255924171,0.9383886255924171,5.47945205479452
ZNUKGJO57M,250911030001,251111050001,2025-09-11T11:02:08,2025-11-11T13:33:38,126.0,146.0,39.0,38.5,30.952380952380956,26.36986301369863,0.0695666666685914,0.0075666666651765,49,42,0.0067081073062283,0.0056714700526263,True,0.6324324324324324,0.5545023696682464,0.5545023696682464,-14.805057955742896
ZNUKGJO57M,250430180002,251120180002,2025-05-01T02:39:14,2025-11-21T02:16:26,328.0,325.0,83.5,83.0,25.45731707317073,25.538461538461537,0.0359666666636864,0.0173333333339542,47,37,0.0059242411544537,0.0011433666719301,True,0.723175965665236,0.9408740359897172,0.723175965665236,0.3187471211423265
ZNUKGJO57M,250530180002,251120180002,2025-05-31T02:22:09,2025-11-21T02:16:26,302.0,325.0,93.5,83.0,30.960264900662253,25.538461538461537,0.0793499999990065,0.0173333333339542,95,37,0.0015409325116221,0.0041587170401116,True,0.49759615384615385,0.390745501285347,0.390745501285347,-17.512134923899637
ZNUKGJO57M,250630190003,251120180002,2025-07-01T03:04:42,2025-11-21T02:16:26,322.0,325.0,97.5,83.0,30.27950310559006,25.538461538461537,0.1418833333300426,0.0173333333339542,75,37,0.0044477970660395,0.0070097051276685,True,0.46875,0.583547557840617,0.46875,-15.657593688362914
ZNUKGJO57M,250710200002,251120180002,2025-07-11T04:40:00,2025-11-21T02:16:26,278.0,325.0,78.0,83.0,28.05755395683453,25.538461538461537,0.1555500000016763,0.0173333333339542,51,37,0.007450060085289,0.0012231441929752,True,0.7704485488126649,0.7429305912596401,0.7429305912596401,-8.978303747534511
ZNUKGJO57M,250730190003,251120180002,2025-07-31T03:31:17,2025-11-21T02:16:26,280.0,325.0,83.0,83.0,29.642857142857142,25.538461538461537,0.0890333333363135,0.0173333333339542,73,37,0.0022669190743483,0.0012104700275663,True,0.7235576923076923,0.781491002570694,0.7235576923076923,-13.846153846153852
ZNUKGJO57M,250910180002,251120180002,2025-09-11T02:43:38,2025-11-21T02:16:26,326.0,325.0,95.0,83.0,29.141104294478527,25.538461538461537,0.136649999996492,0.0173333333339542,79,37,0.0039602972904881,0.0089304269970196,True,0.5853658536585366,0.6735218508997429,0.5853658536585366,-12.362753036437258
ZNUKGJO57M,250531020001,251121030001,2025-05-31T10:15:57,2025-11-21T11:21:47,167.0,147.0,57.5,36.0,34.4311377245509,24.489795918367346,0.141833333329608,0.0059666666667908,49,20,0.0033738462582876,0.034051247174638,True,0.6375545851528385,0.6919431279620853,0.6375545851528385,-28.873114463176584
ZNUKGJO57M,250711040001,251121030001,2025-07-11T12:06:41,2025-11-21T11:21:47,124.0,147.0,39.5,36.0,31.85483870967742,24.489795918367346,0.0615999999999379,0.0059666666667908,41,20,0.0078573797568755,0.0034818633986598,True,0.6197916666666666,0.5402843601895735,0.5402843601895735,-23.12064066132783
ZNUKGJO57M,250721050001,251121030001,2025-07-21T13:35:09,2025-11-21T11:21:47,138.0,147.0,34.5,36.0,25.0,24.489795918367346,0.0056833333335816,0.0059666666667908,35,20,0.0055942035595292,0.0090067890581023,True,0.7277227722772277,0.6919431279620853,0.6919431279620853,-2.0408163265306145
ZNUKGJO57M,250911030001,251121030001,2025-09-11T11:02:08,2025-11-21T11:21:47,126.0,147.0,39.0,36.0,30.952380952380956,24.489795918367346,0.0695666666685914,0.0059666666667908,49,20,0.0038187522511775,0.0084278260103978,True,0.6216216216216216,0.5545023696682464,0.5545023696682464,-20.879120879120894
ZNUKGJO57M,251111050001,251121030001,2025-11-11T13:33:38,2025-11-21T11:21:47,146.0,147.0,38.5,36.0,26.36986301369863,24.489795918367346,0.0075666666651765,0.0059666666667908,42,20,0.0063483647662306,0.0092393780451581,True,0.7109004739336493,0.6824644549763034,0.6824644549763034,-7.129605088788771
