vehicle,earlier_journey,later_journey,earlier_start,later_start,earlier_km,later_km,earlier_fuel_l,later_fuel_l,earlier_l_per_100km,later_l_per_100km,earlier_idle_minutes_estimated,later_idle_minutes_estimated,earlier_event8,later_event8,start_gap_km,end_gap_km,both_fuel_at_least_5l
48XAG6CMA0,250311040007,250321060016,2025-03-11T12:33:05,2025-03-21T14:27:33,25.199999999999818,27.399999999999636,3.5,3.5,13.888888888888989,12.773722627737397,0.0,0.0,5,9,0.8970765517548418,0.8438377539317501,False
48XAG6CMA0,250321020002,251111020002,2025-03-21T10:49:50,2025-11-11T10:30:14,14.700000000000728,14.600000000002183,2.5,2.0,17.006802721087595,13.698630136984253,0.0,0.0,7,6,0.008009794525671146,0.18956690723425237,False
584LGFL6EX,250111080002,250311090003,2025-01-11T16:40:44,2025-03-11T17:50:38,11.0,10.0,4.0,3.0,36.36363636363637,30.0,17.233333333333334,0.0,3,2,0.01249576484743235,0.03915414457684207,False
584LGFL6EX,250311000001,250331000002,2025-03-11T08:26:07,2025-03-31T08:58:42,44.0,36.0,22.0,16.5,50.0,45.83333333333333,72.38333333333334,66.13333333333334,5,10,0.0059505117452153125,0.008167812831625331,True
584LGFL6EX,250321000001,250331000002,2025-03-21T08:12:10,2025-03-31T08:58:42,31.0,36.0,13.0,16.5,41.935483870967744,45.83333333333333,60.75,66.13333333333334,1,10,0.056507478759308685,0.012627112709920882,True
584LGFL6EX,250121010001,250521000001,2025-01-21T09:37:35,2025-05-21T08:08:42,94.0,76.0,36.5,30.5,38.82978723404255,40.131578947368425,172.2,83.31666666666666,15,10,0.017367960833714623,0.015753943759834178,True
584LGFL6EX,250521060004,250701060002,2025-05-21T14:11:58,2025-07-01T14:54:11,29.0,31.0,17.0,20.5,58.620689655172406,66.12903225806451,113.56666666666666,104.03333333333333,0,3,0.008772105513598848,0.012670173270647032,True
584LGFL6EX,250321000001,250731020003,2025-03-21T08:12:10,2025-07-31T10:35:55,31.0,31.0,13.0,13.5,41.935483870967744,43.54838709677419,60.75,17.25,1,5,0.02991929192592815,0.0050269123304863324,True
584LGFL6EX,250331000002,250731020003,2025-03-31T08:58:42,2025-07-31T10:35:55,36.0,31.0,16.5,13.5,45.83333333333333,43.54838709677419,66.13333333333334,17.25,10,5,0.02907791712831807,0.011401351746812982,True
584LGFL6EX,250731010002,250831230002,2025-07-31T09:19:10,2025-09-01T07:52:35,15.0,15.0,6.5,8.5,43.333333333333336,56.666666666666664,15.566666666666666,21.233333333333334,2,0,0.0022737538806849814,0.021147146566261123,True
584LGFL6EX,250701010001,251101010001,2025-07-01T09:32:42,2025-11-01T09:26:53,69.0,64.0,34.5,27.5,50.0,42.96875,123.03333333333333,68.53333333333333,15,4,0.006599114583542866,0.02892761948548135,True
584LGFL6EX,250501000001,251111010001,2025-05-01T08:48:17,2025-11-11T09:53:37,132.0,140.0,57.5,59.5,43.56060606060606,42.5,223.11666666666667,200.1,14,16,0.01119045397877137,0.0023734347975285846,True
584LGFL6EX,250101060002,251121060001,2025-01-01T14:37:26,2025-11-21T14:03:56,37.0,35.0,18.5,18.0,50.0,51.42857142857142,124.83333333333333,123.85,5,3,0.015461708072058402,0.0031911096945528715,True
60LBK6GREF,250321020007,250521030011,2025-03-21T10:56:05,2025-05-21T11:21:53,13.199999999999818,12.899999999999636,2.0,2.0,15.15151515151536,15.503875968992686,0.0,0.0,3,6,0.3425340050325942,0.01441847042985393,False
60LBK6GREF,250321050009,250711050008,2025-03-21T13:11:36,2025-07-11T13:27:11,20.599999999999454,20.700000000000728,3.0,3.5,14.56310679611689,16.90821256038588,0.0,0.0,5,5,0.008210947192517198,0.007386301848811448,False
60LBK6GREF,250521060015,250721060011,2025-05-21T14:42:04,2025-07-21T14:19:30,17.5,17.899999999997817,3.0,3.0,17.142857142857142,16.759776536314895,0.0,0.0,7,6,0.007720735934656214,0.01656424820992454,False
60LBK6GREF,250521050013,250731050010,2025-05-21T13:30:29,2025-07-31T13:14:14,24.69999999999891,22.80000000000291,5.0,4.0,20.242914979757977,17.54385964912057,0.0,0.0,4,3,0.015462244494518535,0.0028695634496274857,False
60LBK6GREF,250521060015,250911050010,2025-05-21T14:42:04,2025-09-11T13:47:19,17.5,18.0,3.0,3.0,17.142857142857142,16.666666666666664,0.0,0.0,7,4,0.004114212285847851,0.026039349068225952,False
60LBK6GREF,250721060011,250911050010,2025-07-21T14:19:30,2025-09-11T13:47:19,17.899999999997817,18.0,3.0,3.0,16.759776536314895,16.666666666666664,0.0,0.0,6,4,0.008852480278434967,0.011079429246399583,False
AHMPUL0C13,250111000001,250120220007,2025-01-11T08:37:09,2025-01-21T06:04:58,30.0,31.0,7.0,6.0,23.333333333333332,19.35483870967742,12.783333333333333,0.0,12,10,0.07542245231801735,0.018563898052681067,True
AHMPUL0C13,250111020002,250120230010,2025-01-11T10:07:29,2025-01-21T07:34:19,28.0,28.0,6.5,5.5,23.214285714285715,19.642857142857142,0.0,3.933333333333333,14,12,0.027843700725905664,0.11200799350311527,True
AHMPUL0C13,250111000001,250121010002,2025-01-11T08:37:09,2025-01-21T09:11:20,30.0,30.0,7.0,6.5,23.333333333333332,21.666666666666668,12.783333333333333,0.0,12,10,0.06904337041898698,0.007177784175723221,True
AHMPUL0C13,250120220007,250121010002,2025-01-21T06:04:58,2025-01-21T09:11:20,31.0,30.0,6.0,6.5,19.35483870967742,21.666666666666668,0.0,0.0,10,10,0.12432702090291668,0.02280033708120284,True
AHMPUL0C13,250111000001,250310220011,2025-01-11T08:37:09,2025-03-11T06:30:15,30.0,30.0,7.0,6.5,23.333333333333332,21.666666666666668,12.783333333333333,0.0,12,10,0.06671865277335924,0.014582909119540412,True
AHMPUL0C13,250120220007,250310220011,2025-01-21T06:04:58,2025-03-11T06:30:15,31.0,30.0,6.0,6.5,19.35483870967742,21.666666666666668,0.0,0.0,10,10,0.008715342821338415,0.023518303656012384,True
AHMPUL0C13,250121010002,250310220011,2025-01-21T09:11:20,2025-03-11T06:30:15,30.0,30.0,6.5,6.5,21.666666666666668,21.666666666666668,0.0,0.0,10,10,0.11658333341996878,0.008917141610884423,True
AHMPUL0C13,250111020002,250311000001,2025-01-11T10:07:29,2025-03-11T08:20:04,28.0,29.0,6.5,5.5,23.214285714285715,18.96551724137931,0.0,0.0,14,10,0.015358123801040586,0.5998846558313787,True
AHMPUL0C13,250120230010,250311000001,2025-01-21T07:34:19,2025-03-11T08:20:04,28.0,29.0,5.5,5.5,19.642857142857142,18.96551724137931,3.933333333333333,0.0,12,10,0.02974182026354522,0.5959261694162606,True
AHMPUL0C13,250111000001,250311020004,2025-01-11T08:37:09,2025-03-11T10:43:44,30.0,30.0,7.0,8.0,23.333333333333332,26.666666666666668,12.783333333333333,7.983333333333333,12,11,0.06226752497782295,0.003473503404633073,True
AHMPUL0C13,250120220007,250311020004,2025-01-21T06:04:58,2025-03-11T10:43:44,31.0,30.0,6.0,8.0,19.35483870967742,26.666666666666668,0.0,7.983333333333333,10,11,0.13118076795482722,0.021940185383465604,True
AHMPUL0C13,250121010002,250311020004,2025-01-21T09:11:20,2025-03-11T10:43:44,30.0,30.0,6.5,8.0,21.666666666666668,26.666666666666668,0.0,7.983333333333333,10,11,0.030000889362505022,0.00724445787363838,True
AHMPUL0C13,250310220011,250311020004,2025-03-11T06:30:15,2025-03-11T10:43:44,30.0,30.0,6.5,8.0,21.666666666666668,26.666666666666668,0.0,7.983333333333333,10,11,0.12271347730883535,0.015853984720503124,True
AHMPUL0C13,250111000001,250311060007,2025-01-11T08:37:09,2025-03-11T14:17:44,30.0,31.0,7.0,7.0,23.333333333333332,22.58064516129032,12.783333333333333,0.0,12,13,0.035996315854593106,0.057197291627676096,True
AHMPUL0C13,250120220007,250311060007,2025-01-21T06:04:58,2025-03-11T14:17:44,31.0,31.0,6.0,7.0,19.35483870967742,22.58064516129032,0.0,0.0,10,13,0.11128172974744956,0.06167122305514821,True
AHMPUL0C13,250121010002,250311060007,2025-01-21T09:11:20,2025-03-11T14:17:44,30.0,31.0,6.5,7.0,21.666666666666668,22.58064516129032,0.0,0.0,10,13,0.056810424794111074,0.06335516731313066,True
AHMPUL0C13,250310220011,250311060007,2025-03-11T06:30:15,2025-03-11T14:17:44,30.0,31.0,6.5,7.0,21.666666666666668,22.58064516129032,0.0,0.0,10,13,0.10256733434824346,0.07174250190462733,True
AHMPUL0C13,250311020004,250311060007,2025-03-11T10:43:44,2025-03-11T14:17:44,30.0,31.0,8.0,7.0,26.666666666666668,22.58064516129032,7.983333333333333,0.0,11,13,0.03563771175340021,0.05611294404579628,True
AHMPUL0C13,250111000001,250320220012,2025-01-11T08:37:09,2025-03-21T06:02:37,30.0,31.0,7.0,7.0,23.333333333333332,22.58064516129032,12.783333333333333,0.0,12,10,0.10063992824794124,0.024252646980497727,True
AHMPUL0C13,250120220007,250320220012,2025-01-21T06:04:58,2025-03-21T06:02:37,31.0,31.0,6.0,7.0,19.35483870967742,22.58064516129032,0.0,0.0,10,10,0.10953463061332484,0.011289258312822277,True
AHMPUL0C13,250121010002,250320220012,2025-01-21T09:11:20,2025-03-21T06:02:37,30.0,31.0,6.5,7.0,21.666666666666668,22.58064516129032,0.0,0.0,10,10,0.06911456386569728,0.03036766343009755,True
AHMPUL0C13,250310220011,250320220012,2025-03-11T06:30:15,2025-03-21T06:02:37,30.0,31.0,6.5,7.0,21.666666666666668,22.58064516129032,0.0,0.0,10,10,0.10544811017330459,0.033351804947167885,True
AHMPUL0C13,250311020004,250320220012,2025-03-11T10:43:44,2025-03-21T06:02:37,30.0,31.0,8.0,7.0,26.666666666666668,22.58064516129032,7.983333333333333,0.0,11,10,0.0975684235867618,0.026957557831112262,True
AHMPUL0C13,250311060007,250320220012,2025-03-11T14:17:44,2025-03-21T06:02:37,31.0,31.0,7.0,7.0,22.58064516129032,22.58064516129032,0.0,0.0,13,10,0.11177735299098394,0.05331420571928521,True
AHMPUL0C13,250111020002,250320230014,2025-01-11T10:07:29,2025-03-21T07:34:21,28.0,28.0,6.5,5.5,23.214285714285715,19.642857142857142,0.0,0.0,14,11,0.019347917235910395,0.04849734134048054,True
AHMPUL0C13,250120230010,250320230014,2025-01-21T07:34:19,2025-03-21T07:34:21,28.0,28.0,5.5,5.5,19.642857142857142,19.642857142857142,3.933333333333333,0.0,12,11,0.015408563356060221,0.09027873369144948,True
AHMPUL0C13,250311000001,250320230014,2025-03-11T08:20:04,2025-03-21T07:34:21,29.0,28.0,5.5,5.5,18.96551724137931,19.642857142857142,0.0,0.0,10,11,0.01493196063760827,0.5588762463418676,True
AHMPUL0C13,250111000001,250321000002,2025-01-11T08:37:09,2025-03-21T08:53:36,30.0,31.0,7.0,6.0,23.333333333333332,19.35483870967742,12.783333333333333,0.0,12,9,0.5685520585252768,0.016802801708760112,True
AHMPUL0C13,250120220007,250321000002,2025-01-21T06:04:58,2025-03-21T08:53:36,31.0,31.0,6.0,6.0,19.35483870967742,19.35483870967742,0.0,0.0,10,9,0.6090405196988876,0.02390806029673422,True
AHMPUL0C13,250121010002,250321000002,2025-01-21T09:11:20,2025-03-21T08:53:36,30.0,31.0,6.5,6.0,21.666666666666668,19.35483870967742,0.0,0.0,10,9,0.6079500404889536,0.011445000854668014,True
AHMPUL0C13,250310220011,250321000002,2025-03-11T06:30:15,2025-03-21T08:53:36,30.0,31.0,6.5,6.0,21.666666666666668,19.35483870967742,0.0,0.0,10,9,0.6043714789250001,0.0025574833126809637,True
AHMPUL0C13,250311020004,250321000002,2025-03-11T10:43:44,2025-03-21T08:53:36,30.0,31.0,8.0,6.0,26.666666666666668,19.35483870967742,7.983333333333333,0.0,11,9,0.578628654795618,0.018278489402785095,True
AHMPUL0C13,250311060007,250321000002,2025-03-11T14:17:44,2025-03-21T08:53:36,31.0,31.0,7.0,6.0,22.58064516129032,19.35483870967742,0.0,0.0,13,9,0.5553359714383541,0.0740000910827205,True
AHMPUL0C13,250320220012,250321000002,2025-03-21T06:02:37,2025-03-21T08:53:36,31.0,31.0,7.0,6.0,22.58064516129032,19.35483870967742,0.0,0.0,10,9,0.666370463624667,0.03418968445242547,True
AHMPUL0C13,250121030006,250321020005,2025-01-21T11:57:45,2025-03-21T10:29:18,23.0,23.0,4.5,4.0,19.565217391304348,17.391304347826086,8.616666666666667,0.0,7,6,0.026862407147927588,0.011886475369248905,False
AHMPUL0C13,250111000001,250321030006,2025-01-11T08:37:09,2025-03-21T11:23:27,30.0,31.0,7.0,6.0,23.333333333333332,19.35483870967742,12.783333333333333,9.3,12,9,0.014390950627570951,0.013107426236367537,True
AHMPUL0C13,250120220007,250321030006,2025-01-21T06:04:58,2025-03-21T11:23:27,31.0,31.0,6.0,6.0,19.35483870967742,19.35483870967742,0.0,9.3,10,9,0.06394967639939828,0.026715082398136636,True
AHMPUL0C13,250121010002,250321030006,2025-01-21T09:11:20,2025-03-21T11:23:27,30.0,31.0,6.5,6.0,21.666666666666668,19.35483870967742,0.0,9.3,10,9,0.08206773516177648,0.005963453305810487,True
AHMPUL0C13,250310220011,250321030006,2025-03-11T06:30:15,2025-03-21T11:23:27,30.0,31.0,6.5,6.0,21.666666666666668,19.35483870967742,0.0,9.3,10,9,0.05538576589408432,0.006016552881859225,True
AHMPUL0C13,250311020004,250321030006,2025-03-11T10:43:44,2025-03-21T11:23:27,30.0,31.0,8.0,6.0,26.666666666666668,19.35483870967742,7.983333333333333,9.3,11,9,0.07665239911274926,0.013016803808012416,True
AHMPUL0C13,250311060007,250321030006,2025-03-11T14:17:44,2025-03-21T11:23:27,31.0,31.0,7.0,6.0,22.58064516129032,19.35483870967742,0.0,9.3,13,9,0.04920184368453907,0.0689573767068875,True
AHMPUL0C13,250320220012,250321030006,2025-03-21T06:02:37,2025-03-21T11:23:27,31.0,31.0,7.0,6.0,22.58064516129032,19.35483870967742,0.0,9.3,10,9,0.10622876294436866,0.03536177760544589,True
AHMPUL0C13,250321000002,250321030006,2025-03-21T08:53:36,2025-03-21T11:23:27,31.0,31.0,6.0,6.0,19.35483870967742,19.35483870967742,0.0,9.3,9,9,0.5676340241500086,0.008300753868360058,True
AHMPUL0C13,250111020002,250321040007,2025-01-11T10:07:29,2025-03-21T12:44:13,28.0,28.0,6.5,6.0,23.214285714285715,21.428571428571427,0.0,0.0,14,10,0.013107426236367537,0.10015384912503252,True
AHMPUL0C13,250120230010,250321040007,2025-01-21T07:34:19,2025-03-21T12:44:13,28.0,28.0,5.5,6.0,19.642857142857142,21.428571428571427,3.933333333333333,0.0,12,10,0.031044828597036177,0.02590841790806231,True
AHMPUL0C13,250311000001,250321040007,2025-03-11T08:20:04,2025-03-21T12:44:13,29.0,28.0,5.5,6.0,18.96551724137931,21.428571428571427,0.0,0.0,10,10,0.02840974714744354,0.5736216019003553,True
AHMPUL0C13,250320230014,250321040007,2025-03-21T07:34:21,2025-03-21T12:44:13,28.0,28.0,5.5,6.0,19.642857142857142,21.428571428571427,0.0,0.0,11,10,0.028737207572845647,0.06961234807699186,True
AHMPUL0C13,250111000001,250330230001,2025-01-11T08:37:09,2025-03-31T07:24:49,30.0,31.0,7.0,7.0,23.333333333333332,22.58064516129032,12.783333333333333,0.0,12,12,0.0828938336024692,0.04263378336550465,True
AHMPUL0C13,250120220007,250330230001,2025-01-21T06:04:58,2025-03-31T07:24:49,31.0,31.0,6.0,7.0,19.35483870967742,22.58064516129032,0.0,0.0,10,12,0.009047221440768582,0.04554859510316325,True
AHMPUL0C13,250121010002,250330230001,2025-01-21T09:11:20,2025-03-31T07:24:49,30.0,31.0,6.5,7.0,21.666666666666668,22.58064516129032,0.0,0.0,10,12,0.12836107367098315,0.04925581091162895,True
AHMPUL0C13,250310220011,250330230001,2025-03-11T06:30:15,2025-03-31T07:24:49,30.0,31.0,6.5,7.0,21.666666666666668,22.58064516129032,0.0,0.0,10,12,0.016744385793463903,0.057195091195009574,True
AHMPUL0C13,250311020004,250330230001,2025-03-11T10:43:44,2025-03-31T07:24:49,30.0,31.0,8.0,7.0,26.666666666666668,22.58064516129032,7.983333333333333,0.0,11,12,0.13690801466960262,0.04207179647217724,True
AHMPUL0C13,250311060007,250330230001,2025-03-11T14:17:44,2025-03-31T07:24:49,31.0,31.0,7.0,7.0,22.58064516129032,22.58064516129032,0.0,0.0,13,12,0.1185252051172554,0.01619596810508401,True
AHMPUL0C13,250320220012,250330230001,2025-03-21T06:02:37,2025-03-31T07:24:49,31.0,31.0,7.0,7.0,22.58064516129032,22.58064516129032,0.0,0.0,10,12,0.10848806767994902,0.03714810260409965,True
AHMPUL0C13,250321000002,250330230001,2025-03-21T08:53:36,2025-03-31T07:24:49,31.0,31.0,6.0,7.0,19.35483870967742,22.58064516129032,0.0,0.0,9,12,0.6176383971053533,0.05931134276632084,True
AHMPUL0C13,250321030006,250330230001,2025-03-21T11:23:27,2025-03-31T07:24:49,31.0,31.0,6.0,7.0,19.35483870967742,22.58064516129032,9.3,0.0,9,12,0.07199296845941341,0.055087563277710395,True
AHMPUL0C13,250121030006,250331030006,2025-01-21T11:57:45,2025-03-31T11:29:15,23.0,23.0,4.5,4.0,19.565217391304348,17.391304347826086,8.616666666666667,0.0,7,6,0.007273787650777178,0.028713865513304408,False
AHMPUL0C13,250321020005,250331030006,2025-03-21T10:29:18,2025-03-31T11:29:15,23.0,23.0,4.0,4.0,17.391304347826086,17.391304347826086,0.0,0.0,6,6,0.019843037519290375,0.029370792261420017,False
AHMPUL0C13,250111000001,250520220015,2025-01-11T08:37:09,2025-05-21T06:40:10,30.0,30.0,7.0,6.0,23.333333333333332,20.0,12.783333333333333,0.0,12,9,0.08043956538730308,0.027323158026444,True
AHMPUL0C13,250120220007,250520220015,2025-01-21T06:04:58,2025-05-21T06:40:10,31.0,30.0,6.0,6.0,19.35483870967742,20.0,0.0,0.0,10,9,0.1065049634007041,0.04222662654847219,True
AHMPUL0C13,250121010002,250520220015,2025-01-21T09:11:20,2025-05-21T06:40:10,30.0,30.0,6.5,6.0,21.666666666666668,20.0,0.0,0.0,10,9,0.04330466685755405,0.020489456407801483,True
AHMPUL0C13,250310220011,250520220015,2025-03-11T06:30:15,2025-05-21T06:40:10,30.0,30.0,6.5,6.0,21.666666666666668,20.0,0.0,0.0,10,9,0.10066080262548445,0.019510174781399874,True
AHMPUL0C13,250311020004,250520220015,2025-03-11T10:43:44,2025-05-21T06:40:10,30.0,30.0,8.0,6.0,26.666666666666668,20.0,7.983333333333333,0.0,11,9,0.0713125865168715,0.025862962195735386,True
AHMPUL0C13,250311060007,250520220015,2025-03-11T14:17:44,2025-05-21T06:40:10,31.0,30.0,7.0,6.0,22.58064516129032,20.0,0.0,0.0,13,9,0.0868427622292207,0.07814745287360943,True
AHMPUL0C13,250320220012,250520220015,2025-03-21T06:02:37,2025-05-21T06:40:10,31.0,30.0,7.0,6.0,22.58064516129032,20.0,0.0,0.0,10,9,0.02627522280413855,0.050761455650046854,True
AHMPUL0C13,250321000002,250520220015,2025-03-21T08:53:36,2025-05-21T06:40:10,31.0,30.0,6.0,6.0,19.35483870967742,20.0,0.0,0.0,9,9,0.6421115947081738,0.020386898195694853,True
AHMPUL0C13,250321030006,250520220015,2025-03-21T11:23:27,2025-05-21T06:40:10,31.0,30.0,6.0,6.0,19.35483870967742,20.0,9.3,0.0,9,9,0.08848542775265664,0.015539629060120057,True
AHMPUL0C13,250330230001,250520220015,2025-03-31T07:24:49,2025-05-21T06:40:10,31.0,30.0,7.0,6.0,22.58064516129032,20.0,0.0,0.0,12,9,0.10765265610032394,0.06597929207764675,True
AHMPUL0C13,250111020002,250521000001,2025-01-11T10:07:29,2025-05-21T08:06:46,28.0,28.0,6.5,5.0,23.214285714285715,17.857142857142858,0.0,0.0,14,10,0.027323158026444,0.06133875922427145,True
AHMPUL0C13,250120230010,250521000001,2025-01-21T07:34:19,2025-05-21T08:06:46,28.0,28.0,5.5,5.0,19.642857142857142,17.857142857142858,3.933333333333333,0.0,12,10,0.032514931452872896,0.08978003935668266,True
AHMPUL0C13,250311000001,250521000001,2025-03-11T08:20:04,2025-05-21T08:06:46,29.0,28.0,5.5,5.0,18.96551724137931,17.857142857142858,0.0,0.0,10,10,0.04165194246342434,0.5473317222648226,True
AHMPUL0C13,250320230014,250521000001,2025-03-21T07:34:21,2025-05-21T08:06:46,28.0,28.0,5.5,5.0,19.642857142857142,17.857142857142858,0.0,0.0,11,10,0.03719362260484389,0.012921421378626941,True
AHMPUL0C13,250321040007,250521000001,2025-03-21T12:44:13,2025-05-21T08:06:46,28.0,28.0,6.0,5.0,21.428571428571427,17.857142857142858,0.0,0.0,10,10,0.015539629060120057,0.0668430592259205,True
AHMPUL0C13,250111000001,250521010002,2025-01-11T08:37:09,2025-05-21T09:16:36,30.0,31.0,7.0,6.0,23.333333333333332,19.35483870967742,12.783333333333333,0.0,12,7,0.023911796263594624,0.0033131809929239048,True
AHMPUL0C13,250120220007,250521010002,2025-01-21T06:04:58,2025-05-21T09:16:36,31.0,31.0,6.0,6.0,19.35483870967742,19.35483870967742,0.0,0.0,10,7,0.07405721055729647,0.01534139541051248,True
AHMPUL0C13,250121010002,250521010002,2025-01-21T09:11:20,2025-05-21T09:16:36,30.0,31.0,6.5,6.0,21.666666666666668,19.35483870967742,0.0,0.0,10,7,0.09224025464935642,0.00867087303977516,True
AHMPUL0C13,250310220011,250521010002,2025-03-11T06:30:15,2025-05-21T09:16:36,30.0,31.0,6.5,6.0,21.666666666666668,19.35483870967742,0.0,0.0,10,7,0.06600414568336492,0.014230453757747043,True
AHMPUL0C13,250311020004,250521010002,2025-03-11T10:43:44,2025-05-21T09:16:36,30.0,31.0,8.0,6.0,26.666666666666668,19.35483870967742,7.983333333333333,0.0,11,7,0.08161360741062094,0.00678493411725994,True
AHMPUL0C13,250311060007,250521010002,2025-03-11T14:17:44,2025-05-21T09:16:36,31.0,31.0,7.0,6.0,22.58064516129032,19.35483870967742,0.0,0.0,13,7,0.04912947756760147,0.05826566441793637,True
AHMPUL0C13,250320220012,250521010002,2025-03-21T06:02:37,2025-05-21T09:16:36,31.0,31.0,7.0,6.0,22.58064516129032,19.35483870967742,0.0,0.0,10,7,0.12242902306928588,0.02176813528135771,True
AHMPUL0C13,250321000002,250521010002,2025-03-21T08:53:36,2025-05-21T09:16:36,31.0,31.0,6.0,6.0,19.35483870967742,19.35483870967742,0.0,0.0,9,7,0.5509386226037433,0.016131794790122004,True
AHMPUL0C13,250321030006,250521010002,2025-03-21T11:23:27,2025-05-21T09:16:36,31.0,31.0,6.0,6.0,19.35483870967742,19.35483870967742,9.3,0.0,9,7,0.016817389290171604,0.01415730198376274,True
AHMPUL0C13,250330230001,250521010002,2025-03-31T07:24:49,2025-05-21T09:16:36,31.0,31.0,7.0,6.0,22.58064516129032,19.35483870967742,0.0,0.0,12,7,0.08271584163164294,0.043277061204722765,True
AHMPUL0C13,250520220015,250521010002,2025-05-21T06:40:10,2025-05-21T09:16:36,30.0,31.0,6.0,6.0,20.0,19.35483870967742,0.0,0.0,9,7,0.10360999283853717,0.029159499949831896,True
AHMPUL0C13,250121030006,250521020004,2025-01-21T11:57:45,2025-05-21T10:53:49,23.0,23.0,4.5,4.0,19.565217391304348,17.391304347826086,8.616666666666667,0.0,7,5,0.012075662247207028,0.009632266947217106,False
AHMPUL0C13,250321020005,250521020004,2025-03-21T10:29:18,2025-05-21T10:53:49,23.0,23.0,4.0,4.0,17.391304347826086,17.391304347826086,0.0,0.0,6,5,0.016649996647960782,0.009415791547294917,False
AHMPUL0C13,250331030006,250521020004,2025-03-31T11:29:15,2025-05-21T10:53:49,23.0,23.0,4.0,4.0,17.391304347826086,17.391304347826086,0.0,0.0,6,5,0.007709979901542828,0.021018765038756475,False
AHMPUL0C13,250111000001,250521030005,2025-01-11T08:37:09,2025-05-21T11:58:11,30.0,31.0,7.0,6.5,23.333333333333332,20.967741935483872,12.783333333333333,9.333333333333334,12,11,0.009685139199468099,0.005629155482215883,True
AHMPUL0C13,250120220007,250521030005,2025-01-21T06:04:58,2025-05-21T11:58:11,31.0,31.0,6.0,6.5,19.35483870967742,20.967741935483872,0.0,9.333333333333334,10,11,0.07336432850598336,0.01863945581228218,True
AHMPUL0C13,250121010002,250521030005,2025-01-21T09:11:20,2025-05-21T11:58:11,30.0,31.0,6.5,6.5,21.666666666666668,20.967741935483872,0.0,9.333333333333334,10,11,0.07851681311302319,0.004183723202813763,True
AHMPUL0C13,250310220011,250521030005,2025-03-11T06:30:15,2025-05-21T11:58:11,30.0,31.0,6.5,6.5,21.666666666666668,20.967741935483872,0.0,9.333333333333334,10,11,0.06480111231685062,0.009031859308169922,True
AHMPUL0C13,250311020004,250521030005,2025-03-11T10:43:44,2025-05-21T11:58:11,30.0,31.0,8.0,6.5,26.666666666666668,20.967741935483872,7.983333333333333,9.333333333333334,11,11,0.07010083652672221,0.007672449938396553,True
AHMPUL0C13,250311060007,250521030005,2025-03-11T14:17:44,2025-05-21T11:58:11,31.0,31.0,7.0,6.5,22.58064516129032,20.967741935483872,0.0,9.333333333333334,13,11,0.04062487687877881,0.06281995294887717,True
AHMPUL0C13,250320220012,250521030005,2025-03-21T06:02:37,2025-05-21T11:58:11,31.0,31.0,7.0,6.5,22.58064516129032,20.967741935483872,0.0,9.333333333333334,10,11,0.10909876186932975,0.026591128659092893,True
AHMPUL0C13,250321000002,250521030005,2025-03-21T08:53:36,2025-05-21T11:58:11,31.0,31.0,6.0,6.5,19.35483870967742,20.967741935483872,0.0,9.333333333333334,9,11,0.5617703361305715,0.011184118227321073,True
AHMPUL0C13,250321030006,250521030005,2025-03-21T11:23:27,2025-05-21T11:58:11,31.0,31.0,6.0,6.5,19.35483870967742,20.967741935483872,9.3,9.333333333333334,9,11,0.009415791547294917,0.008840334047643873,True
AHMPUL0C13,250330230001,250521030005,2025-03-31T07:24:49,2025-05-21T11:58:11,31.0,31.0,7.0,6.5,22.58064516129032,20.967741935483872,0.0,9.333333333333334,12,11,0.0814005559345089,0.04816959762799578,True
AHMPUL0C13,250520220015,250521030005,2025-05-21T06:40:10,2025-05-21T11:58:11,30.0,31.0,6.0,6.5,20.0,20.967741935483872,0.0,9.333333333333334,9,11,0.08961497226654395,0.024175038793316787,True
AHMPUL0C13,250521010002,250521030005,2025-05-21T09:16:36,2025-05-21T11:58:11,31.0,31.0,6.0,6.5,19.35483870967742,20.967741935483872,0.0,9.333333333333334,7,11,0.014256468182555975,0.005461293778645571,True
AHMPUL0C13,250111020002,250521050006,2025-01-11T10:07:29,2025-05-21T13:18:08,28.0,28.0,6.5,6.0,23.214285714285715,21.428571428571427,0.0,0.0,14,11,0.005629155482215883,0.09924714758235836,True
AHMPUL0C13,250120230010,250521050006,2025-01-21T07:34:19,2025-05-21T13:18:08,28.0,28.0,5.5,6.0,19.642857142857142,21.428571428571427,3.933333333333333,0.0,12,11,0.031280280309990215,0.014851527666729473,True
AHMPUL0C13,250311000001,250521050006,2025-03-11T08:20:04,2025-05-21T13:18:08,29.0,28.0,5.5,6.0,18.96551724137931,21.428571428571427,0.0,0.0,10,11,0.020608264164213776,0.5881636819875848,True
AHMPUL0C13,250320230014,250521050006,2025-03-21T07:34:21,2025-05-21T13:18:08,28.0,28.0,5.5,6.0,19.642857142857142,21.428571428571427,0.0,0.0,11,11,0.02457554043134306,0.0754676906673569,True
AHMPUL0C13,250321040007,250521050006,2025-03-21T12:44:13,2025-05-21T13:18:08,28.0,28.0,6.0,6.0,21.428571428571427,21.428571428571427,0.0,0.0,10,11,0.008840334047643873,0.014557654478616523,True
AHMPUL0C13,250521000001,250521050006,2025-05-21T08:06:46,2025-05-21T13:18:08,28.0,28.0,5.0,6.0,17.857142857142858,21.428571428571427,0.0,0.0,10,11,0.024175038793316787,0.07497990039814106,True
AHMPUL0C13,250111000001,250521060007,2025-01-11T08:37:09,2025-05-21T14:29:19,30.0,30.0,7.0,6.5,23.333333333333332,21.666666666666668,12.783333333333333,12.183333333333334,12,11,0.05450469986695574,0.0006671695603833738,True
AHMPUL0C13,250120220007,250521060007,2025-01-21T06:04:58,2025-05-21T14:29:19,31.0,30.0,6.0,6.5,19.35483870967742,21.666666666666668,0.0,12.183333333333334,10,11,0.11370445029863292,0.01821290697427984,True
AHMPUL0C13,250121010002,250521060007,2025-01-21T09:11:20,2025-05-21T14:29:19,30.0,30.0,6.5,6.5,21.666666666666668,21.666666666666668,0.0,12.183333333333334,10,11,0.01479923198295887,0.006871521442855262,True
AHMPUL0C13,250310220011,250521060007,2025-03-11T06:30:15,2025-05-21T14:29:19,30.0,30.0,6.5,6.5,21.666666666666668,21.666666666666668,0.0,12.183333333333334,10,11,0.10563843283312498,0.014022734865489975,True
AHMPUL0C13,250311020004,250521060007,2025-03-11T10:43:44,2025-05-21T14:29:19,30.0,30.0,8.0,6.5,26.666666666666668,21.666666666666668,7.983333333333333,12.183333333333334,11,11,0.024654720267548166,0.003990349785074196,True
AHMPUL0C13,250311060007,250521060007,2025-03-11T14:17:44,2025-05-21T14:29:19,31.0,30.0,7.0,6.5,22.58064516129032,21.666666666666668,0.0,12.183333333333334,13,11,0.04341989000928744,0.05778955640914035,True
AHMPUL0C13,250320220012,250521060007,2025-03-21T06:02:37,2025-05-21T14:29:19,31.0,30.0,7.0,6.5,22.58064516129032,21.666666666666668,0.0,12.183333333333334,10,11,0.07387996925295746,0.024191392619513627,True
AHMPUL0C13,250321000002,250521060007,2025-03-21T08:53:36,2025-05-21T14:29:19,31.0,30.0,6.0,6.5,19.35483870967742,21.666666666666668,0.0,12.183333333333334,9,11,0.5972004083695598,0.016214112678409085,True
AHMPUL0C13,250321030006,250521060007,2025-03-21T11:23:27,2025-05-21T14:29:19,31.0,30.0,6.0,6.5,19.35483870967742,21.666666666666668,9.3,12.183333333333334,9,11,0.06781889789525104,0.01275168929953428,True
AHMPUL0C13,250330230001,250521060007,2025-03-31T07:24:49,2025-05-21T14:29:19,31.0,30.0,7.0,6.5,22.58064516129032,21.666666666666668,0.0,12.183333333333334,12,11,0.118434252008406,0.043176709445566314,True
AHMPUL0C13,250520220015,250521060007,2025-05-21T06:40:10,2025-05-21T14:29:19,30.0,30.0,6.0,6.5,20.0,21.666666666666668,0.0,12.183333333333334,9,11,0.047651071196728005,0.02716522473759373,True
AHMPUL0C13,250521010002,250521060007,2025-05-21T09:16:36,2025-05-21T14:29:19,31.0,30.0,6.0,6.5,19.35483870967742,21.666666666666668,0.0,12.183333333333334,7,11,0.07751877862378054,0.0028820959749013336,True
AHMPUL0C13,250521030005,250521060007,2025-05-21T11:58:11,2025-05-21T14:29:19,31.0,30.0,6.5,6.5,20.967741935483872,21.666666666666668,9.333333333333334,12.183333333333334,11,11,0.06389415703131592,0.005030646761926166,True
AHMPUL0C13,250111020002,250521070008,2025-01-11T10:07:29,2025-05-21T15:56:20,28.0,29.0,6.5,5.5,23.214285714285715,18.96551724137931,0.0,0.0,14,11,0.0006671695603833738,0.056603404479015594,True
AHMPUL0C13,250120230010,250521070008,2025-01-21T07:34:19,2025-05-21T15:56:20,28.0,29.0,5.5,5.5,19.642857142857142,18.96551724137931,3.933333333333333,0.0,12,11,0.02841076563937361,0.08566356737194204,True
AHMPUL0C13,250311000001,250521070008,2025-03-11T08:20:04,2025-05-21T15:56:20,29.0,29.0,5.5,5.5,18.96551724137931,18.96551724137931,0.0,0.0,10,11,0.015800966573749742,0.553964920645024,True
AHMPUL0C13,250320230014,250521070008,2025-03-21T07:34:21,2025-05-21T15:56:20,28.0,29.0,5.5,5.5,19.642857142857142,18.96551724137931,0.0,0.0,11,11,0.02001508679629377,0.00860613489914658,True
AHMPUL0C13,250321040007,250521070008,2025-03-21T12:44:13,2025-05-21T15:56:20,28.0,29.0,6.0,5.5,21.428571428571427,18.96551724137931,0.0,0.0,10,11,0.01275168929953428,0.06369396998467379,True
AHMPUL0C13,250521000001,250521070008,2025-05-21T08:06:46,2025-05-21T15:56:20,28.0,29.0,5.0,5.5,17.857142857142858,18.96551724137931,0.0,0.0,10,11,0.02716522473759373,0.006743607390896643,True
AHMPUL0C13,250521050006,250521070008,2025-05-21T13:18:08,2025-05-21T15:56:20,28.0,29.0,6.0,5.5,21.428571428571427,18.96551724137931,0.0,0.0,11,11,0.005030646761926166,0.07081409105344603,True
AHMPUL0C13,250111000001,250701010002,2025-01-11T08:37:09,2025-07-01T09:24:46,30.0,30.0,7.0,6.0,23.333333333333332,20.0,12.783333333333333,0.0,12,10,0.04686043429563541,0.02353778064400475,True
AHMPUL0C13,250120220007,250701010002,2025-01-21T06:04:58,2025-07-01T09:24:46,31.0,30.0,6.0,6.0,19.35483870967742,20.0,0.0,0.0,10,10,0.11298597417170161,0.03907023227505775,True
AHMPUL0C13,250121010002,250701010002,2025-01-21T09:11:20,2025-07-01T09:24:46,30.0,30.0,6.5,6.0,21.666666666666668,20.0,0.0,0.0,10,10,0.026679576164480037,0.026477017259231808,True
AHMPUL0C13,250310220011,250701010002,2025-03-11T06:30:15,2025-07-01T09:24:46,30.0,30.0,6.5,6.0,21.666666666666668,20.0,0.0,0.0,10,10,0.10457855187977373,0.0353270692470082,True
AHMPUL0C13,250311020004,250701010002,2025-03-11T10:43:44,2025-07-01T09:24:46,30.0,30.0,8.0,6.0,26.666666666666668,20.0,7.983333333333333,0.0,11,10,0.01844957694405845,0.020578323285593857,True
AHMPUL0C13,250311060007,250701010002,2025-03-11T14:17:44,2025-07-01T09:24:46,31.0,30.0,7.0,6.0,22.58064516129032,20.0,0.0,0.0,13,10,0.030276908303257875,0.042300792996160436,True
AHMPUL0C13,250320220012,250701010002,2025-03-21T06:02:37,2025-07-01T09:24:46,31.0,30.0,7.0,6.0,22.58064516129032,20.0,0.0,0.0,10,10,0.08579270380964397,0.03899526351415318,True
AHMPUL0C13,250321000002,250701010002,2025-03-21T08:53:36,2025-07-01T09:24:46,31.0,30.0,6.0,6.0,19.35483870967742,20.0,0.0,0.0,9,10,0.5839823928447432,0.03787926790203091,True
AHMPUL0C13,250321030006,250701010002,2025-03-21T11:23:27,2025-07-01T09:24:46,31.0,30.0,6.0,6.0,19.35483870967742,20.0,9.3,0.0,9,10,0.06098444912193609,0.030634948155243067,True
AHMPUL0C13,250330230001,250701010002,2025-03-31T07:24:49,2025-07-01T09:24:46,31.0,30.0,7.0,6.0,22.58064516129032,20.0,0.0,0.0,12,10,0.11856928837970439,0.03251931833943045,True
AHMPUL0C13,250520220015,250701010002,2025-05-21T06:40:10,2025-07-01T09:24:46,30.0,30.0,6.0,6.0,20.0,20.0,0.0,0.0,9,10,0.05980087684083088,0.03639520348248758,True
AHMPUL0C13,250521010002,250701010002,2025-05-21T09:16:36,2025-07-01T09:24:46,31.0,30.0,6.0,6.0,19.35483870967742,20.0,0.0,0.0,7,10,0.06843598519565436,0.026409109002483177,True
AHMPUL0C13,250521030005,250701010002,2025-05-21T11:58:11,2025-07-01T09:24:46,31.0,30.0,6.5,6.0,20.967741935483872,20.0,9.333333333333334,0.0,11,10,0.055612541516171204,0.028188334645989188,True
AHMPUL0C13,250521060007,250701010002,2025-05-21T14:29:19,2025-07-01T09:24:46,30.0,30.0,6.5,6.0,21.666666666666668,20.0,12.183333333333334,0.0,11,10,0.01332017665341442,0.02418753424305882,True
AHMPUL0C13,250121030006,250701020004,2025-01-21T11:57:45,2025-07-01T10:51:51,23.0,22.0,4.5,4.0,19.565217391304348,18.181818181818183,8.616666666666667,0.0,7,4,0.007245078533216293,0.006170254885759747,False
AHMPUL0C13,250321020005,250701020004,2025-03-21T10:29:18,2025-07-01T10:51:51,23.0,22.0,4.0,4.0,17.391304347826086,18.181818181818183,0.0,0.0,6,4,0.020587310096006683,0.01754663173610276,False
AHMPUL0C13,250331030006,250701020004,2025-03-31T11:29:15,2025-07-01T10:51:51,23.0,22.0,4.0,4.0,17.391304347826086,18.181818181818183,0.0,0.0,6,4,0.0048319379124766035,0.0328372776650086,False
AHMPUL0C13,250521020004,250701020004,2025-05-21T10:53:49,2025-07-01T10:51:51,23.0,22.0,4.0,4.0,17.391304347826086,18.181818181818183,0.0,0.0,5,4,0.004835479619588868,0.015532106824260764,False
AHMPUL0C13,250111000001,250701040006,2025-01-11T08:37:09,2025-07-01T12:10:18,30.0,31.0,7.0,7.0,23.333333333333332,22.58064516129032,12.783333333333333,39.95,12,8,0.5672317933982892,0.005577778371675816,True
AHMPUL0C13,250120220007,250701040006,2025-01-21T06:04:58,2025-07-01T12:10:18,31.0,31.0,6.0,7.0,19.35483870967742,22.58064516129032,0.0,39.95,10,8,0.6084626798681444,0.021509055265533712,True
AHMPUL0C13,250121010002,250701040006,2025-01-21T09:11:20,2025-07-01T12:10:18,30.0,31.0,6.5,7.0,21.666666666666668,22.58064516129032,0.0,39.95,10,8,0.6059750691328738,0.0016305984930165324,True
AHMPUL0C13,250310220011,250701040006,2025-03-11T06:30:15,2025-07-01T12:10:18,30.0,31.0,6.5,7.0,21.666666666666668,22.58064516129032,0.0,39.95,10,8,0.6037099236666227,0.009830644108343299,True
AHMPUL0C13,250311020004,250701040006,2025-03-11T10:43:44,2025-07-01T12:10:18,30.0,31.0,8.0,7.0,26.666666666666668,22.58064516129032,7.983333333333333,39.95,11,8,0.576584185514609,0.006036164793598886,True
AHMPUL0C13,250311060007,250701040006,2025-03-11T14:17:44,2025-07-01T12:10:18,31.0,31.0,7.0,7.0,22.58064516129032,22.58064516129032,0.0,39.95,13,8,0.5536120014241432,0.062096238405047556,True
AHMPUL0C13,250320220012,250701040006,2025-03-21T06:02:37,2025-07-01T12:10:18,31.0,31.0,7.0,7.0,22.58064516129032,22.58064516129032,0.0,39.95,10,8,0.6647826043153847,0.028821713492383574,True
AHMPUL0C13,250321000002,250701040006,2025-03-21T08:53:36,2025-07-01T12:10:18,31.0,31.0,6.0,7.0,19.35483870967742,22.58064516129032,0.0,39.95,9,8,0.0069509802065267105,0.012286496105367344,True
AHMPUL0C13,250321030006,250701040006,2025-03-21T11:23:27,2025-07-01T12:10:18,31.0,31.0,6.0,7.0,19.35483870967742,22.58064516129032,9.3,39.95,9,8,0.566486944275455,0.007530844176352107,True
AHMPUL0C13,250330230001,250701040006,2025-03-31T07:24:49,2025-07-01T12:10:18,31.0,31.0,7.0,7.0,22.58064516129032,22.58064516129032,0.0,39.95,12,8,0.6170918299884234,0.04786259637715933,True
AHMPUL0C13,250520220015,250701040006,2025-05-21T06:40:10,2025-07-01T12:10:18,30.0,31.0,6.0,7.0,20.0,22.58064516129032,0.0,39.95,9,8,0.6404206636107318,0.02209288475443894,True
AHMPUL0C13,250521010002,250701040006,2025-05-21T09:16:36,2025-07-01T12:10:18,31.0,31.0,6.0,7.0,19.35483870967742,22.58064516129032,0.0,39.95,7,8,0.5498176204311701,0.007082773944568966,True
AHMPUL0C13,250521030005,250701040006,2025-05-21T11:58:11,2025-07-01T12:10:18,31.0,31.0,6.5,7.0,20.967741935483872,22.58064516129032,9.333333333333334,39.95,11,8,0.5605342542496431,0.003160383761006877,True
AHMPUL0C13,250521060007,250701040006,2025-05-21T14:29:19,2025-07-01T12:10:18,30.0,31.0,6.5,7.0,21.666666666666668,22.58064516129032,12.183333333333334,39.95,11,8,0.5953390609265973,0.005248875191928559,True
AHMPUL0C13,250701010002,250701040006,2025-07-01T09:24:46,2025-07-01T12:10:18,30.0,31.0,6.0,7.0,20.0,22.58064516129032,0.0,39.95,10,8,0.5821406080239037,0.0259182916014519,True
AHMPUL0C13,250111020002,250701050007,2025-01-11T10:07:29,2025-07-01T13:58:49,28.0,28.0,6.5,5.0,23.214285714285715,17.857142857142858,0.0,0.0,14,11,0.005577778371675816,0.09897147833082888,True
AHMPUL0C13,250120230010,250701050007,2025-01-21T07:34:19,2025-07-01T13:58:49,28.0,28.0,5.5,5.0,19.642857142857142,17.857142857142858,3.933333333333333,0.0,12,11,0.028436182861230622,0.01625710802684787,True
AHMPUL0C13,250311000001,250701050007,2025-03-11T08:20:04,2025-07-01T13:58:49,29.0,28.0,5.5,5.0,18.96551724137931,17.857142857142858,0.0,0.0,10,11,0.020895057542241642,0.5861756641359751,True
AHMPUL0C13,250320230014,250701050007,2025-03-21T07:34:21,2025-07-01T13:58:49,28.0,28.0,5.5,5.0,19.642857142857142,17.857142857142858,0.0,0.0,11,11,0.022839189061702767,0.07427774173913317,True
AHMPUL0C13,250321040007,250701050007,2025-03-21T12:44:13,2025-07-01T13:58:49,28.0,28.0,6.0,5.0,21.428571428571427,17.857142857142858,0.0,0.0,10,11,0.007530844176352107,0.012557901796910903,True
AHMPUL0C13,250521000001,250701050007,2025-05-21T08:06:46,2025-07-01T13:58:49,28.0,28.0,5.0,5.0,17.857142857142858,17.857142857142858,0.0,0.0,10,11,0.02209288475443894,0.07352597174963028,True
AHMPUL0C13,250521050006,250701050007,2025-05-21T13:18:08,2025-07-01T13:58:49,28.0,28.0,6.0,5.0,21.428571428571427,17.857142857142858,0.0,0.0,11,11,0.003160383761006877,0.0020214480321055113,True
AHMPUL0C13,250521070008,250701050007,2025-05-21T15:56:20,2025-07-01T13:58:49,29.0,28.0,5.5,5.0,18.96551724137931,17.857142857142858,0.0,0.0,11,11,0.005248875191928559,0.06946809557873736,True
AHMPUL0C13,250111000001,250710210010,2025-01-11T08:37:09,2025-07-11T05:57:31,30.0,30.0,7.0,6.0,23.333333333333332,20.0,12.783333333333333,0.0,12,10,0.08251069573009558,0.02110121857873675,True
AHMPUL0C13,250120220007,250710210010,2025-01-21T06:04:58,2025-07-11T05:57:31,31.0,30.0,6.0,6.0,19.35483870967742,20.0,0.0,0.0,10,10,0.11765122998250042,0.012669184305029422,True
AHMPUL0C13,250121010002,250710210010,2025-01-21T09:11:20,2025-07-11T05:57:31,30.0,30.0,6.5,6.0,21.666666666666668,20.0,0.0,0.0,10,10,0.03237888256912603,0.027740408908443714,True
AHMPUL0C13,250310220011,250710210010,2025-03-11T06:30:15,2025-07-11T05:57:31,30.0,30.0,6.5,6.0,21.666666666666668,20.0,0.0,0.0,10,10,0.11126629573911935,0.03194694500132477,True
AHMPUL0C13,250311020004,250710210010,2025-03-11T10:43:44,2025-07-11T05:57:31,30.0,30.0,8.0,6.0,26.666666666666668,20.0,7.983333333333333,0.0,11,10,0.06199343169983431,0.023428474234997214,True
AHMPUL0C13,250311060007,250710210010,2025-03-11T14:17:44,2025-07-11T05:57:31,31.0,30.0,7.0,6.0,22.58064516129032,20.0,0.0,0.0,13,10,0.08270485531224685,0.04955621996492313,True
AHMPUL0C13,250320220012,250710210010,2025-03-21T06:02:37,2025-07-11T05:57:31,31.0,30.0,7.0,6.0,22.58064516129032,20.0,0.0,0.0,10,10,0.03753046777091248,0.005042134381808027,True
AHMPUL0C13,250321000002,250710210010,2025-03-21T08:53:36,2025-07-11T05:57:31,31.0,30.0,6.0,6.0,19.35483870967742,20.0,0.0,0.0,9,10,0.637513651999925,0.03313116648704994,True
AHMPUL0C13,250321030006,250710210010,2025-03-21T11:23:27,2025-07-11T05:57:31,31.0,30.0,6.0,6.0,19.35483870967742,20.0,9.3,0.0,9,10,0.09240387938630983,0.033141282068893795,True
AHMPUL0C13,250330230001,250710210010,2025-03-31T07:24:49,2025-07-11T05:57:31,31.0,30.0,7.0,6.0,22.58064516129032,20.0,0.0,0.0,12,10,0.11948976298432991,0.033362859988041935,True
AHMPUL0C13,250520220015,250710210010,2025-05-21T06:40:10,2025-07-11T05:57:31,30.0,30.0,6.0,6.0,20.0,20.0,0.0,0.0,9,10,0.014434960619783508,0.04822665686765131,True
AHMPUL0C13,250521010002,250710210010,2025-05-21T09:16:36,2025-07-11T05:57:31,31.0,30.0,6.0,6.0,19.35483870967742,20.0,0.0,0.0,7,10,0.1063134283594268,0.019079540238609718,True
AHMPUL0C13,250521030005,250710210010,2025-05-21T11:58:11,2025-07-11T05:57:31,31.0,30.0,6.5,6.0,20.967741935483872,20.0,9.333333333333334,0.0,11,10,0.09207218498025792,0.024304267644579873,True
AHMPUL0C13,250521060007,250710210010,2025-05-21T14:29:19,2025-07-11T05:57:31,30.0,30.0,6.5,6.0,21.666666666666668,20.0,12.183333333333334,0.0,11,10,0.04040171766322173,0.02115739571077487,True
AHMPUL0C13,250701010002,250710210010,2025-07-01T09:24:46,2025-07-11T05:57:31,30.0,30.0,6.0,6.0,20.0,20.0,0.0,0.0,10,10,0.05353953501128728,0.03407497819925294,True
AHMPUL0C13,250701040006,250710210010,2025-07-01T12:10:18,2025-07-11T05:57:31,31.0,30.0,7.0,6.0,22.58064516129032,20.0,39.95,0.0,8,10,0.6356789840918715,0.026133777436793806,True
AHMPUL0C13,250111020002,250710230012,2025-01-11T10:07:29,2025-07-11T07:35:54,28.0,29.0,6.5,5.5,23.214285714285715,18.96551724137931,0.0,0.0,14,8,0.005629155143960847,0.03252002594074884,True
AHMPUL0C13,250120230010,250710230012,2025-01-21T07:34:19,2025-07-11T07:35:54,28.0,29.0,5.5,5.5,19.642857142857142,18.96551724137931,3.933333333333333,0.0,12,8,0.02520837395679467,0.12309600718553235,True
AHMPUL0C13,250311000001,250710230012,2025-03-11T08:20:04,2025-07-11T07:35:54,29.0,29.0,5.5,5.5,18.96551724137931,18.96551724137931,0.0,0.0,10,8,0.010508006036828022,0.5693667839977575,True
AHMPUL0C13,250320230014,250710230012,2025-03-21T07:34:21,2025-07-11T07:35:54,28.0,29.0,5.5,5.5,19.642857142857142,18.96551724137931,0.0,0.0,11,8,0.014425719390828389,0.037557625069992745,True
AHMPUL0C13,250321040007,250710230012,2025-03-21T12:44:13,2025-07-11T07:35:54,28.0,29.0,6.0,5.5,21.428571428571427,18.96551724137931,0.0,0.0,10,8,0.018133738943177876,0.10518870338491641,True
AHMPUL0C13,250521000001,250710230012,2025-05-21T08:06:46,2025-07-11T07:35:54,28.0,29.0,5.0,5.5,17.857142857142858,18.96551724137931,0.0,0.0,10,8,0.03117775050978124,0.04702528984827676,True
AHMPUL0C13,250521050006,250710230012,2025-05-21T13:18:08,2025-07-11T07:35:54,28.0,29.0,6.0,5.5,21.428571428571427,18.96551724137931,0.0,0.0,11,8,0.011258310626176613,0.10873144875834845,True
AHMPUL0C13,250521070008,250710230012,2025-05-21T15:56:20,2025-07-11T07:35:54,29.0,29.0,5.5,5.5,18.96551724137931,18.96551724137931,0.0,0.0,11,8,0.006241602612698392,0.04570596894964826,True
AHMPUL0C13,250701050007,250710230012,2025-07-01T13:58:49,2025-07-11T07:35:54,28.0,29.0,5.0,5.5,17.857142857142858,18.96551724137931,0.0,0.0,11,8,0.010752207387355698,0.10787219992614641,True
AHMPUL0C13,250111000001,250711030005,2025-01-11T08:37:09,2025-07-11T11:11:21,30.0,31.0,7.0,6.5,23.333333333333332,20.967741935483872,12.783333333333333,20.033333333333335,12,12,0.017437162213740882,0.00792444581312838,True
AHMPUL0C13,250120220007,250711030005,2025-01-21T06:04:58,2025-07-11T11:11:21,31.0,31.0,6.0,6.5,19.35483870967742,20.967741935483872,0.0,20.033333333333335,10,12,0.09131253930546802,0.022459402328694658,True
AHMPUL0C13,250121010002,250711030005,2025-01-21T09:11:20,2025-07-11T11:11:21,30.0,31.0,6.5,6.5,21.666666666666668,20.967741935483872,0.0,20.033333333333335,10,12,0.07068240612862269,0.001334339119705763,True
AHMPUL0C13,250310220011,250711030005,2025-03-11T06:30:15,2025-07-11T11:11:21,30.0,31.0,6.5,6.5,21.666666666666668,20.967741935483872,0.0,20.033333333333335,10,12,0.08268476549630645,0.0076061252029060505,True
AHMPUL0C13,250311020004,250711030005,2025-03-11T10:43:44,2025-07-11T11:11:21,30.0,31.0,8.0,6.5,26.666666666666668,20.967741935483872,7.983333333333333,20.033333333333335,11,12,0.05636689880202717,0.008401400096594475,True
AHMPUL0C13,250311060007,250711030005,2025-03-11T14:17:44,2025-07-11T11:11:21,31.0,31.0,7.0,6.5,22.58064516129032,20.967741935483872,0.0,20.033333333333335,13,12,0.02338555061185407,0.06450169455900934,True
AHMPUL0C13,250320220012,250711030005,2025-03-21T06:02:37,2025-07-11T11:11:21,31.0,31.0,7.0,6.5,22.58064516129032,20.967741935483872,0.0,20.033333333333335,10,12,0.11294883285237077,0.030440864264461274,True
AHMPUL0C13,250321000002,250711030005,2025-03-21T08:53:36,2025-07-11T11:11:21,31.0,31.0,6.0,6.5,19.35483870967742,20.967741935483872,0.0,20.033333333333335,9,12,0.554141682555719,0.01012426148382478,True
AHMPUL0C13,250321030006,250711030005,2025-03-21T11:23:27,2025-07-11T11:11:21,31.0,31.0,6.0,6.5,19.35483870967742,20.967741935483872,9.3,20.033333333333335,9,12,0.027521553027899045,0.005248876387149816,True
AHMPUL0C13,250330230001,250711030005,2025-03-31T07:24:49,2025-07-11T11:11:21,31.0,31.0,7.0,6.5,22.58064516129032,20.967741935483872,0.0,20.033333333333335,12,12,0.09915737514422855,0.05029610790827818,True
AHMPUL0C13,250520220015,250711030005,2025-05-21T06:40:10,2025-07-11T11:11:21,30.0,31.0,6.0,6.5,20.0,20.967741935483872,0.0,20.033333333333335,9,12,0.09060770228285218,0.020322223318307728,True
AHMPUL0C13,250521010002,250711030005,2025-05-21T09:16:36,2025-07-11T11:11:21,31.0,31.0,6.0,6.5,19.35483870967742,20.967741935483872,0.0,20.033333333333335,7,12,0.025828575052758533,0.008957046671185777,True
AHMPUL0C13,250521030005,250711030005,2025-05-21T11:58:11,2025-07-11T11:11:21,31.0,31.0,6.5,6.5,20.967741935483872,20.967741935483872,9.333333333333334,20.033333333333335,11,12,0.018255604054426545,0.0038896777944098485,True
AHMPUL0C13,250521060007,250711030005,2025-05-21T14:29:19,2025-07-11T11:11:21,30.0,31.0,6.5,6.5,21.666666666666668,20.967741935483872,12.183333333333334,20.033333333333335,11,12,0.05594668944777195,0.007530843367364101,True
AHMPUL0C13,250701010002,250711030005,2025-07-01T09:24:46,2025-07-11T11:11:21,30.0,31.0,6.0,6.5,20.0,20.967741935483872,0.0,20.033333333333335,10,12,0.04504128508850009,0.027810750662045247,True
AHMPUL0C13,250701040006,250711030005,2025-07-01T12:10:18,2025-07-11T11:11:21,31.0,31.0,7.0,6.5,22.58064516129032,20.967741935483872,39.95,20.033333333333335,8,12,0.5527031703520316,0.002433727583034753,True
AHMPUL0C13,250710210010,250711030005,2025-07-11T05:57:31,2025-07-11T11:11:21,30.0,31.0,6.0,6.5,20.0,20.967741935483872,0.0,20.033333333333335,10,12,0.09016481810748893,0.028011859467326025,True
AHMPUL0C13,250111020002,250711050006,2025-01-11T10:07:29,2025-07-11T13:00:53,28.0,28.0,6.5,5.5,23.214285714285715,19.642857142857142,0.0,0.0,14,8,0.00792444581312838,0.09604706194594316,True
AHMPUL0C13,250120230010,250711050006,2025-01-21T07:34:19,2025-07-11T13:00:53,28.0,28.0,5.5,5.5,19.642857142857142,19.642857142857142,3.933333333333333,0.0,12,8,0.029732059598364363,0.017288707208503257,True
AHMPUL0C13,250311000001,250711050006,2025-03-11T08:20:04,2025-07-11T13:00:53,29.0,28.0,5.5,5.5,18.96551724137931,19.642857142857142,0.0,0.0,10,8,0.023277447213009377,0.5890526427892679,True
AHMPUL0C13,250320230014,250711050006,2025-03-21T07:34:21,2025-07-11T13:00:53,28.0,28.0,5.5,5.5,19.642857142857142,19.642857142857142,0.0,0.0,11,8,0.025029203605634806,0.07304374365156288,True
AHMPUL0C13,250321040007,250711050006,2025-03-21T12:44:13,2025-07-11T13:00:53,28.0,28.0,6.0,5.5,21.428571428571427,19.642857142857142,0.0,0.0,10,8,0.005248876387149816,0.015625708513543394,True
AHMPUL0C13,250521000001,250711050006,2025-05-21T08:06:46,2025-07-11T13:00:53,28.0,28.0,5.0,5.5,17.857142857142858,19.642857142857142,0.0,0.0,10,8,0.020322223318307728,0.07298015552310809,True
AHMPUL0C13,250521050006,250711050006,2025-05-21T13:18:08,2025-07-11T13:00:53,28.0,28.0,6.0,5.5,21.428571428571427,19.642857142857142,0.0,0.0,11,8,0.0038896777944098485,0.0032941966082918554,True
AHMPUL0C13,250521070008,250711050006,2025-05-21T15:56:20,2025-07-11T13:00:53,29.0,28.0,5.5,5.5,18.96551724137931,19.642857142857142,0.0,0.0,11,8,0.007530843367364101,0.06862917834628278,True
AHMPUL0C13,250701050007,250711050006,2025-07-01T13:58:49,2025-07-11T13:00:53,28.0,28.0,5.0,5.5,17.857142857142858,19.642857142857142,0.0,0.0,11,8,0.002433727583034753,0.004014761003212474,True
AHMPUL0C13,250710230012,250711050006,2025-07-11T07:35:54,2025-07-11T13:00:53,29.0,28.0,5.5,5.5,18.96551724137931,19.642857142857142,0.0,0.0,8,8,0.013184796247147024,0.10591295650564762,True
AHMPUL0C13,250111000001,250711060008,2025-01-11T08:37:09,2025-07-11T14:44:08,30.0,36.0,7.0,7.0,23.333333333333332,19.444444444444446,12.783333333333333,23.316666666666666,12,10,0.049780841929741,0.03170049693548079,True
AHMPUL0C13,250120220007,250711060008,2025-01-21T06:04:58,2025-07-11T14:44:08,31.0,36.0,6.0,7.0,19.35483870967742,19.444444444444446,0.0,23.316666666666666,10,10,0.1116144810406281,0.016097712177391813,True
AHMPUL0C13,250121010002,250711060008,2025-01-21T09:11:20,2025-07-11T14:44:08,30.0,36.0,6.5,7.0,21.666666666666668,19.444444444444446,0.0,23.316666666666666,10,10,0.020263394301661762,0.037468511660654555,True
AHMPUL0C13,250310220011,250711060008,2025-03-11T06:30:15,2025-07-11T14:44:08,30.0,36.0,6.5,7.0,21.666666666666668,19.444444444444446,0.0,23.316666666666666,10,10,0.10339677621276981,0.039484198895933985,True
AHMPUL0C13,250311020004,250711060008,2025-03-11T10:43:44,2025-07-11T14:44:08,30.0,36.0,8.0,7.0,26.666666666666668,19.444444444444446,7.983333333333333,23.316666666666666,11,10,0.022700389386469975,0.03454101240698631,True
AHMPUL0C13,250311060007,250711060008,2025-03-11T14:17:44,2025-07-11T14:44:08,31.0,36.0,7.0,7.0,22.58064516129032,19.444444444444446,0.0,23.316666666666666,13,10,0.03776251810848137,0.056682287308868075,True
AHMPUL0C13,250320220012,250711060008,2025-03-21T06:02:37,2025-07-11T14:44:08,31.0,36.0,7.0,7.0,22.58064516129032,19.444444444444446,0.0,23.316666666666666,10,10,0.07803039708464232,0.007753642225637002,True
AHMPUL0C13,250321000002,250711060008,2025-03-21T08:53:36,2025-07-11T14:44:08,31.0,36.0,6.0,7.0,19.35483870967742,19.444444444444446,0.0,23.316666666666666,9,10,0.5919428859304151,0.039988744495524836,True
AHMPUL0C13,250321030006,250711060008,2025-03-21T11:23:27,2025-07-11T14:44:08,31.0,36.0,6.0,7.0,19.35483870967742,19.444444444444446,9.3,23.316666666666666,9,10,0.06339367580526575,0.042128122685828884,True
AHMPUL0C13,250330230001,250711060008,2025-03-31T07:24:49,2025-07-11T14:44:08,31.0,36.0,7.0,7.0,22.58064516129032,19.444444444444446,0.0,23.316666666666666,12,10,0.11670092901772554,0.04084228734718378,True
AHMPUL0C13,250520220015,250711060008,2025-05-21T06:40:10,2025-07-11T14:44:08,30.0,36.0,6.0,7.0,20.0,19.444444444444446,0.0,23.316666666666666,9,10,0.051951579105840195,0.05764526376684007,True
AHMPUL0C13,250521010002,250711060008,2025-05-21T09:16:36,2025-07-11T14:44:08,31.0,36.0,6.0,7.0,19.35483870967742,19.444444444444446,0.0,23.316666666666666,7,10,0.07246030195036332,0.029023707315561097,True
AHMPUL0C13,250521030005,250711060008,2025-05-21T11:58:11,2025-07-11T14:44:08,31.0,36.0,6.5,7.0,20.967741935483872,19.444444444444446,9.333333333333334,23.316666666666666,11,10,0.05902445275720081,0.03352578082982927,True
AHMPUL0C13,250521060007,250711060008,2025-05-21T14:29:19,2025-07-11T14:44:08,30.0,36.0,6.5,7.0,21.666666666666668,19.444444444444446,12.183333333333334,23.316666666666666,11,10,0.0057297095074321,0.03158561910580788,True
AHMPUL0C13,250701010002,250711060008,2025-07-01T09:24:46,2025-07-11T14:44:08,30.0,36.0,6.0,7.0,20.0,19.444444444444446,0.0,23.316666666666666,10,10,0.007984066289782394,0.04649163007493822,True
AHMPUL0C13,250701040006,250711060008,2025-07-01T12:10:18,2025-07-11T14:44:08,31.0,36.0,7.0,7.0,22.58064516129032,19.444444444444446,39.95,23.316666666666666,8,10,0.5901075828541548,0.03597712496143992,True
AHMPUL0C13,250710210010,250711060008,2025-07-11T05:57:31,2025-07-11T14:44:08,30.0,36.0,6.0,7.0,20.0,19.444444444444446,0.0,23.316666666666666,10,10,0.04557180125391825,0.012433584964403338,True
AHMPUL0C13,250711030005,250711060008,2025-07-11T11:11:21,2025-07-11T14:44:08,31.0,36.0,6.5,7.0,20.967741935483872,19.444444444444446,20.033333333333335,23.316666666666666,12,10,0.05042320133028082,0.03741303359782185,True
AHMPUL0C13,250111000001,250720210001,2025-01-11T08:37:09,2025-07-21T05:57:24,30.0,30.0,7.0,6.0,23.333333333333332,20.0,12.783333333333333,0.0,12,11,0.11529465101413768,0.014851662784935474,True
AHMPUL0C13,250120220007,250720210001,2025-01-21T06:04:58,2025-07-21T05:57:24,31.0,30.0,6.0,6.0,19.35483870967742,20.0,0.0,0.0,10,11,0.1330994474401723,0.011038613622689963,True
AHMPUL0C13,250121010002,250720210001,2025-01-21T09:11:20,2025-07-21T05:57:24,30.0,30.0,6.5,6.0,21.666666666666668,20.0,0.0,0.0,10,11,0.06847530890771736,0.021539646801918468,True
AHMPUL0C13,250310220011,250720210001,2025-03-11T06:30:15,2025-07-21T05:57:24,30.0,30.0,6.5,6.0,21.666666666666668,20.0,0.0,0.0,10,11,0.12855899878460106,0.02623180736756281,True
AHMPUL0C13,250311020004,250720210001,2025-03-11T10:43:44,2025-07-21T05:57:24,30.0,30.0,8.0,6.0,26.666666666666668,20.0,7.983333333333333,0.0,11,11,0.09846748771744038,0.0172387658424477,True
AHMPUL0C13,250311060007,250720210001,2025-03-11T14:17:44,2025-07-21T05:57:24,31.0,30.0,7.0,6.0,22.58064516129032,20.0,0.0,0.0,13,11,0.11963659789264584,0.05105116472352605,True
AHMPUL0C13,250320220012,250720210001,2025-03-21T06:02:37,2025-07-21T05:57:24,31.0,30.0,7.0,6.0,22.58064516129032,20.0,0.0,0.0,10,11,0.024407666750716987,0.00995700937237111,True
AHMPUL0C13,250321000002,250720210001,2025-03-21T08:53:36,2025-07-21T05:57:24,31.0,30.0,6.0,6.0,19.35483870967742,20.0,0.0,0.0,9,11,0.6747049648889982,0.02762063589277702,True
AHMPUL0C13,250321030006,250720210001,2025-03-21T11:23:27,2025-07-21T05:57:24,31.0,30.0,6.0,6.0,19.35483870967742,20.0,9.3,0.0,9,11,0.12302489817139117,0.02703513646732787,True
AHMPUL0C13,250330230001,250720210001,2025-03-31T07:24:49,2025-07-21T05:57:24,31.0,30.0,7.0,6.0,22.58064516129032,20.0,0.0,0.0,12,11,0.13246259955557593,0.03507177252890636,True
AHMPUL0C13,250520220015,250720210001,2025-05-21T06:40:10,2025-07-21T05:57:24,30.0,30.0,6.0,6.0,20.0,20.0,0.0,0.0,9,11,0.03485921869082079,0.042013087546540914,True
AHMPUL0C13,250521010002,250720210001,2025-05-21T09:16:36,2025-07-21T05:57:24,31.0,30.0,6.0,6.0,19.35483870967742,20.0,0.0,0.0,7,11,0.13837903566668563,0.012906044288736434,True
AHMPUL0C13,250521030005,250720210001,2025-05-21T11:58:11,2025-07-21T05:57:24,31.0,30.0,6.5,6.0,20.967741935483872,20.0,9.333333333333334,0.0,11,11,0.12443629426059001,0.018225088143528533,True
AHMPUL0C13,250521060007,250720210001,2025-05-21T14:29:19,2025-07-21T05:57:24,30.0,30.0,6.5,6.0,21.666666666666668,20.0,12.183333333333334,0.0,11,11,0.07762946615349876,0.014911484105442166,True
AHMPUL0C13,250701010002,250720210001,2025-07-01T09:24:46,2025-07-21T05:57:24,30.0,30.0,6.0,6.0,20.0,20.0,0.0,0.0,10,11,0.09075990345329436,0.029820547733326985,True
AHMPUL0C13,250701040006,250720210001,2025-07-01T12:10:18,2025-07-21T05:57:24,31.0,30.0,7.0,6.0,22.58064516129032,20.0,39.95,0.0,8,11,0.6728858345008175,0.019925015554959135,True
AHMPUL0C13,250710210010,250720210001,2025-07-11T05:57:31,2025-07-21T05:57:24,30.0,30.0,6.0,6.0,20.0,20.0,0.0,0.0,10,11,0.037230500731819244,0.00624958748445981,True
AHMPUL0C13,250711030005,250720210001,2025-07-11T11:11:21,2025-07-21T05:57:24,31.0,30.0,6.5,6.0,20.967741935483872,20.0,20.033333333333335,0.0,12,11,0.1251925980058812,0.02186100106971652,True
AHMPUL0C13,250711060008,250720210001,2025-07-11T14:44:08,2025-07-21T05:57:24,36.0,30.0,7.0,6.0,19.444444444444446,20.0,23.316666666666666,0.0,10,11,0.08278532190048467,0.017701869468535435,True
AHMPUL0C13,250111020002,250720230003,2025-01-11T10:07:29,2025-07-21T07:34:50,28.0,29.0,6.5,5.0,23.214285714285715,17.24137931034483,0.0,0.0,14,7,0.026121611534594018,0.0694764215235368,True
AHMPUL0C13,250120230010,250720230003,2025-01-21T07:34:19,2025-07-21T07:34:50,28.0,29.0,5.5,5.0,19.642857142857142,17.24137931034483,3.933333333333333,0.0,12,7,0.016688485663863935,0.06544141700792871,True
AHMPUL0C13,250311000001,250720230003,2025-03-11T08:20:04,2025-07-21T07:34:50,29.0,29.0,5.5,5.0,18.96551724137931,17.24137931034483,0.0,0.0,10,7,0.03587022173808656,0.5576363442305122,True
AHMPUL0C13,250320230014,250720230003,2025-03-21T07:34:21,2025-07-21T07:34:50,28.0,29.0,5.5,5.0,19.642857142857142,17.24137931034483,0.0,0.0,11,7,0.026039106065027275,0.028316614618791272,True
AHMPUL0C13,250321040007,250720230003,2025-03-21T12:44:13,2025-07-21T07:34:50,28.0,29.0,6.0,5.0,21.428571428571427,17.24137931034483,0.0,0.0,10,7,0.02158536358037098,0.04245160071921905,True
AHMPUL0C13,250521000001,250720230003,2025-05-21T08:06:46,2025-07-21T07:34:50,28.0,29.0,5.0,5.0,17.857142857142858,17.24137931034483,0.0,0.0,10,7,0.016719887581383132,0.024474635916278412,True
AHMPUL0C13,250521050006,250720230003,2025-05-21T13:18:08,2025-07-21T07:34:50,28.0,29.0,6.0,5.0,21.428571428571427,17.24137931034483,0.0,0.0,11,7,0.02646270621804613,0.05070512446611914,True
AHMPUL0C13,250521070008,250720230003,2025-05-21T15:56:20,2025-07-21T07:34:50,29.0,29.0,5.5,5.0,18.96551724137931,17.24137931034483,0.0,0.0,11,7,0.02637878776421238,0.021424210222136184,True
AHMPUL0C13,250701050007,250720230003,2025-07-01T13:58:49,2025-07-21T07:34:50,28.0,29.0,5.0,5.0,17.857142857142858,17.24137931034483,0.0,0.0,11,7,0.023334521505133307,0.04918711759177318,True
AHMPUL0C13,250710230012,250720230003,2025-07-11T07:35:54,2025-07-21T07:34:50,29.0,29.0,5.5,5.0,18.96551724137931,17.24137931034483,0.0,0.0,8,7,0.026977343296641317,0.06560752539571191,True
AHMPUL0C13,250711050006,250720230003,2025-07-11T13:00:53,2025-07-21T07:34:50,28.0,29.0,5.5,5.0,19.642857142857142,17.24137931034483,0.0,0.0,8,7,0.023214808569008146,0.0488666606578554,True
AHMPUL0C13,250111000001,250721010002,2025-01-11T08:37:09,2025-07-21T09:14:47,30.0,30.0,7.0,6.0,23.333333333333332,20.0,12.783333333333333,0.0,12,9,0.05604876766992579,0.03659050297298465,True
AHMPUL0C13,250120220007,250721010002,2025-01-21T06:04:58,2025-07-21T09:14:47,31.0,30.0,6.0,6.0,19.35483870967742,20.0,0.0,0.0,10,9,0.12946906154662985,0.051579997985848426,True
AHMPUL0C13,250121010002,250721010002,2025-01-21T09:11:20,2025-07-21T09:14:47,30.0,30.0,6.5,6.0,21.666666666666668,20.0,0.0,0.0,10,9,0.0455174562881824,0.029862132293291634,True
AHMPUL0C13,250310220011,250721010002,2025-03-11T06:30:15,2025-07-21T09:14:47,30.0,30.0,6.5,6.0,21.666666666666668,20.0,0.0,0.0,10,9,0.12080225428053674,0.02856463765531373,True
AHMPUL0C13,250311020004,250721010002,2025-03-11T10:43:44,2025-07-21T09:14:47,30.0,30.0,8.0,6.0,26.666666666666668,20.0,7.983333333333333,0.0,11,9,0.016909899502443922,0.03491821335804668,True
AHMPUL0C13,250311060007,250721010002,2025-03-11T14:17:44,2025-07-21T09:14:47,31.0,30.0,7.0,6.0,22.58064516129032,20.0,0.0,0.0,13,9,0.02291010800038963,0.08510065732610837,True
AHMPUL0C13,250320220012,250721010002,2025-03-21T06:02:37,2025-07-21T09:14:47,31.0,30.0,7.0,6.0,22.58064516129032,20.0,0.0,0.0,10,9,0.11024469815048513,0.06016851856057338,True
AHMPUL0C13,250321000002,250721010002,2025-03-21T08:53:36,2025-07-21T09:14:47,31.0,30.0,6.0,6.0,19.35483870967742,20.0,0.0,0.0,9,9,0.5624489659500181,0.02913146520220749,True
AHMPUL0C13,250321030006,250721010002,2025-03-21T11:23:27,2025-07-21T09:14:47,31.0,30.0,6.0,6.0,19.35483870967742,20.0,9.3,0.0,9,9,0.07012501015168811,0.024934974305912093,True
AHMPUL0C13,250330230001,250721010002,2025-03-31T07:24:49,2025-07-21T09:14:47,31.0,30.0,7.0,6.0,22.58064516129032,20.0,0.0,0.0,12,9,0.13603421227177098,0.07379159561511027,True
AHMPUL0C13,250520220015,250721010002,2025-05-21T06:40:10,2025-07-21T09:14:47,30.0,30.0,6.0,6.0,20.0,20.0,0.0,0.0,9,9,0.08406671722232414,0.009412226505468631,True
AHMPUL0C13,250521010002,250721010002,2025-05-21T09:16:36,2025-07-21T09:14:47,31.0,30.0,6.0,6.0,19.35483870967742,20.0,0.0,0.0,7,9,0.07183380727033958,0.038531874447012365,True
AHMPUL0C13,250521030005,250721010002,2025-05-21T11:58:11,2025-07-21T09:14:47,31.0,30.0,6.5,6.0,20.967741935483872,20.0,9.333333333333334,0.0,11,9,0.06225380165201358,0.033585659008906706,True
AHMPUL0C13,250521060007,250721010002,2025-05-21T14:29:19,2025-07-21T09:14:47,30.0,30.0,6.5,6.0,21.666666666666668,20.0,12.183333333333334,0.0,11,9,0.03644895840312378,0.03646458443040978,True
AHMPUL0C13,250701010002,250721010002,2025-07-01T09:24:46,2025-07-21T09:14:47,30.0,30.0,6.0,6.0,20.0,20.0,0.0,0.0,10,9,0.024883174698256096,0.04284219059583968,True
AHMPUL0C13,250701040006,250721010002,2025-07-01T12:10:18,2025-07-21T09:14:47,31.0,30.0,7.0,6.0,22.58064516129032,20.0,39.95,0.0,8,9,0.5604630215747366,0.03145381954674886,True
AHMPUL0C13,250710210010,250721010002,2025-07-11T05:57:31,2025-07-21T09:14:47,30.0,30.0,6.0,6.0,20.0,20.0,0.0,0.0,10,9,0.07635028984877044,0.05757820134509419,True
AHMPUL0C13,250711030005,250721010002,2025-07-11T11:11:21,2025-07-21T09:14:47,31.0,30.0,6.5,6.0,20.967741935483872,20.0,20.033333333333335,0.0,12,9,0.046005593975386,0.029727679862494215,True
AHMPUL0C13,250711060008,250721010002,2025-07-11T14:44:08,2025-07-21T09:14:47,36.0,30.0,7.0,6.0,19.444444444444446,20.0,23.316666666666666,0.0,10,9,0.032294928770636305,0.0670538713894342,True
AHMPUL0C13,250720210001,250721010002,2025-07-21T05:57:24,2025-07-21T09:14:47,30.0,30.0,6.0,6.0,20.0,20.0,0.0,0.0,11,9,0.11338448465488506,0.05135101813631267,True
AHMPUL0C13,250121030006,250721030005,2025-01-21T11:57:45,2025-07-21T11:03:38,23.0,23.0,4.5,4.0,19.565217391304348,17.391304347826086,8.616666666666667,1.7833333333333334,7,7,0.022513651781600044,0.034195223345647015,False
AHMPUL0C13,250321020005,250721030005,2025-03-21T10:29:18,2025-07-21T11:03:38,23.0,23.0,4.0,4.0,17.391304347826086,17.391304347826086,0.0,1.7833333333333334,6,7,0.004495019839990768,0.040730655953061815,False
AHMPUL0C13,250331030006,250721030005,2025-03-31T11:29:15,2025-07-21T11:03:38,23.0,23.0,4.0,4.0,17.391304347826086,17.391304347826086,0.0,1.7833333333333334,6,7,0.015414070151782044,0.01915817797190712,False
AHMPUL0C13,250521020004,250721030005,2025-05-21T10:53:49,2025-07-21T11:03:38,23.0,23.0,4.0,4.0,17.391304347826086,17.391304347826086,0.0,1.7833333333333334,5,7,0.013000444275422993,0.03133026113903303,False
AHMPUL0C13,250701020004,250721030005,2025-07-01T10:51:51,2025-07-21T11:03:38,22.0,23.0,4.0,4.0,18.181818181818183,17.391304347826086,0.0,1.7833333333333334,4,7,0.016513879142212112,0.035109685455097475,False
AHMPUL0C13,250111000001,250721050007,2025-01-11T08:37:09,2025-07-21T13:08:37,30.0,30.0,7.0,6.0,23.333333333333332,20.0,12.783333333333333,0.0,12,11,0.032136644119597754,0.010262548664642272,True
AHMPUL0C13,250120220007,250721050007,2025-01-21T06:04:58,2025-07-21T13:08:37,31.0,30.0,6.0,6.0,19.35483870967742,20.0,0.0,0.0,10,11,0.1046247918222533,0.02608172251387384,True
AHMPUL0C13,250121010002,250721050007,2025-01-21T09:11:20,2025-07-21T13:08:37,30.0,30.0,6.5,6.0,21.666666666666668,20.0,0.0,0.0,10,11,0.07648979453099193,0.014813806897919054,True
AHMPUL0C13,250310220011,250721050007,2025-03-11T06:30:15,2025-07-21T13:08:37,30.0,30.0,6.5,6.0,21.666666666666668,20.0,0.0,0.0,10,11,0.0960979850964926,0.023618017479584308,True
AHMPUL0C13,250311020004,250721050007,2025-03-11T10:43:44,2025-07-21T13:08:37,30.0,30.0,8.0,6.0,26.666666666666668,20.0,7.983333333333333,0.0,11,11,0.05667879942515133,0.007824080050796975,True
AHMPUL0C13,250311060007,250721050007,2025-03-11T14:17:44,2025-07-21T13:08:37,31.0,30.0,7.0,6.0,22.58064516129032,20.0,0.0,0.0,13,11,0.02105885045568433,0.04881302326082979,True
AHMPUL0C13,250320220012,250721050007,2025-03-21T06:02:37,2025-07-21T13:08:37,31.0,30.0,7.0,6.0,22.58064516129032,20.0,0.0,0.0,10,11,0.12509519201387426,0.02802267010322573,True
AHMPUL0C13,250321000002,250721050007,2025-03-21T08:53:36,2025-07-21T13:08:37,31.0,30.0,6.0,6.0,19.35483870967742,20.0,0.0,0.0,9,11,0.5413581136164536,0.02607315519128338,True
AHMPUL0C13,250321030006,250721050007,2025-03-21T11:23:27,2025-07-21T13:08:37,31.0,30.0,6.0,6.0,19.35483870967742,20.0,9.3,0.0,9,11,0.040730655953061815,0.020177281452977664,True
AHMPUL0C13,250330230001,250721050007,2025-03-31T07:24:49,2025-07-21T13:08:37,31.0,30.0,7.0,6.0,22.58064516129032,20.0,0.0,0.0,12,11,0.11272319261259547,0.03544282872791254,True
AHMPUL0C13,250520220015,250721050007,2025-05-21T06:40:10,2025-07-21T13:08:37,30.0,30.0,6.0,6.0,20.0,20.0,0.0,0.0,9,11,0.10166272354340984,0.030779447605280317,True
AHMPUL0C13,250521010002,250721050007,2025-05-21T09:16:36,2025-07-21T13:08:37,31.0,30.0,6.0,6.0,19.35483870967742,20.0,0.0,0.0,7,11,0.03401160298726901,0.012958236866238019,True
AHMPUL0C13,250521030005,250721050007,2025-05-21T11:58:11,2025-07-21T13:08:37,31.0,30.0,6.5,6.0,20.967741935483872,20.0,9.333333333333334,0.0,11,11,0.03133026113903303,0.015421274072738978,True
AHMPUL0C13,250521060007,250721050007,2025-05-21T14:29:19,2025-07-21T13:08:37,30.0,30.0,6.5,6.0,21.666666666666668,20.0,12.183333333333334,0.0,11,11,0.06233664230135372,0.010927727141826752,True
AHMPUL0C13,250701010002,250721050007,2025-07-01T09:24:46,2025-07-21T13:08:37,30.0,30.0,6.0,6.0,20.0,20.0,0.0,0.0,10,11,0.04983896351386343,0.013484592368150833,True
AHMPUL0C13,250701040006,250721050007,2025-07-01T12:10:18,2025-07-21T13:08:37,31.0,30.0,7.0,6.0,22.58064516129032,20.0,39.95,0.0,8,11,0.5398296302295746,0.013790255136375034,True
AHMPUL0C13,250710210010,250721050007,2025-07-11T05:57:31,2025-07-21T13:08:37,30.0,30.0,6.0,6.0,20.0,20.0,0.0,0.0,10,11,0.09962955205337934,0.02356749208433456,True
AHMPUL0C13,250711030005,250721050007,2025-07-11T11:11:21,2025-07-21T13:08:37,31.0,30.0,6.5,6.0,20.967741935483872,20.0,20.033333333333335,0.0,12,11,0.014734105439961837,0.016063173098209163,True
AHMPUL0C13,250711060008,250721050007,2025-07-11T14:44:08,2025-07-21T13:08:37,36.0,30.0,7.0,6.0,19.444444444444446,20.0,23.316666666666666,0.0,10,11,0.05660974365700343,0.03577017987020856,True
AHMPUL0C13,250720210001,250721050007,2025-07-21T05:57:24,2025-07-21T13:08:37,30.0,30.0,6.0,6.0,20.0,20.0,0.0,0.0,11,11,0.13571762071802887,0.01815612238300549,True
AHMPUL0C13,250721010002,250721050007,2025-07-21T09:14:47,2025-07-21T13:08:37,30.0,30.0,6.0,6.0,20.0,20.0,0.0,0.0,9,11,0.042892088237956844,0.039158798901979604,True
AHMPUL0C13,250111020002,250721060008,2025-01-11T10:07:29,2025-07-21T14:55:05,28.0,28.0,6.5,5.5,23.214285714285715,19.642857142857142,0.0,4.25,14,10,0.010262548664642272,0.04961994984320137,True
AHMPUL0C13,250120230010,250721060008,2025-01-21T07:34:19,2025-07-21T14:55:05,28.0,28.0,5.5,5.5,19.642857142857142,19.642857142857142,3.933333333333333,4.25,12,10,0.01934052609603887,0.0959969052925999,True
AHMPUL0C13,250311000001,250721060008,2025-03-11T08:20:04,2025-07-21T14:55:05,29.0,28.0,5.5,5.5,18.96551724137931,19.642857142857142,0.0,4.25,10,10,0.012469455886254185,0.6393145856597521,True
AHMPUL0C13,250320230014,250721060008,2025-03-21T07:34:21,2025-07-21T14:55:05,28.0,28.0,5.5,5.5,19.642857142857142,19.642857142857142,0.0,4.25,11,10,0.009154561805448276,0.08047262073402169,True
AHMPUL0C13,250321040007,250721060008,2025-03-21T12:44:13,2025-07-21T14:55:05,28.0,28.0,6.0,5.5,21.428571428571427,19.642857142857142,0.0,4.25,10,10,0.020177281452977664,0.09628166147131459,True
AHMPUL0C13,250521000001,250721060008,2025-05-21T08:06:46,2025-07-21T14:55:05,28.0,28.0,5.0,5.5,17.857142857142858,19.642857142857142,0.0,4.25,10,10,0.030779447605280317,0.09206480474706781,True
AHMPUL0C13,250521050006,250721060008,2025-05-21T13:18:08,2025-07-21T14:55:05,28.0,28.0,6.0,5.5,21.428571428571427,19.642857142857142,0.0,4.25,11,10,0.015421274072738978,0.08830772369254487,True
AHMPUL0C13,250521070008,250721060008,2025-05-21T15:56:20,2025-07-21T14:55:05,29.0,28.0,5.5,5.5,18.96551724137931,19.642857142857142,0.0,4.25,11,10,0.010927727141826752,0.08550916441984127,True
AHMPUL0C13,250701050007,250721060008,2025-07-01T13:58:49,2025-07-21T14:55:05,28.0,28.0,5.0,5.5,17.857142857142858,19.642857142857142,0.0,4.25,11,10,0.013790255136375034,0.08906990691085015,True
AHMPUL0C13,250710230012,250721060008,2025-07-11T07:35:54,2025-07-21T14:55:05,29.0,28.0,5.5,5.5,18.96551724137931,19.642857142857142,0.0,4.25,8,10,0.0060165509214964805,0.08104806467694751,True
AHMPUL0C13,250711050006,250721060008,2025-07-11T13:00:53,2025-07-21T14:55:05,28.0,28.0,5.5,5.5,19.642857142857142,19.642857142857142,0.0,4.25,8,10,0.016063173098209163,0.08515365205316174,True
AHMPUL0C13,250720230003,250721060008,2025-07-21T07:34:50,2025-07-21T14:55:05,29.0,28.0,5.0,5.5,17.24137931034483,19.642857142857142,0.0,4.25,7,10,0.023406285746889022,0.08631562588560159,True
AHMPUL0C13,250111000001,250730220015,2025-01-11T08:37:09,2025-07-31T06:32:13,30.0,30.0,7.0,6.5,23.333333333333332,21.666666666666668,12.783333333333333,0.0,12,8,0.014250787402542884,0.010936855417486067,True
AHMPUL0C13,250120220007,250730220015,2025-01-21T06:04:58,2025-07-31T06:32:13,31.0,30.0,6.0,6.5,19.35483870967742,21.666666666666668,0.0,0.0,10,8,0.08827824016835473,0.028314604529869888,True
AHMPUL0C13,250121010002,250730220015,2025-01-21T09:11:20,2025-07-31T06:32:13,30.0,30.0,6.5,6.5,21.666666666666668,21.666666666666668,0.0,0.0,10,8,0.07028065695261745,0.005764192050856512,True
AHMPUL0C13,250310220011,250730220015,2025-03-11T06:30:15,2025-07-31T06:32:13,30.0,30.0,6.5,6.5,21.666666666666668,21.666666666666668,0.0,0.0,10,8,0.07963685857672197,0.012527426220302583,True
AHMPUL0C13,250311020004,250730220015,2025-03-11T10:43:44,2025-07-31T06:32:13,30.0,30.0,8.0,6.5,26.666666666666668,21.666666666666668,7.983333333333333,0.0,11,8,0.057309092099673664,0.009023059988501291,True
AHMPUL0C13,250311060007,250730220015,2025-03-11T14:17:44,2025-07-31T06:32:13,31.0,30.0,7.0,6.5,22.58064516129032,21.666666666666668,0.0,0.0,13,8,0.025438506878511756,0.06318643437609339,True
AHMPUL0C13,250320220012,250730220015,2025-03-21T06:02:37,2025-07-31T06:32:13,31.0,30.0,7.0,6.5,22.58064516129032,21.666666666666668,0.0,0.0,10,8,0.1107467027337019,0.03512971322983935,True
AHMPUL0C13,250321000002,250730220015,2025-03-21T08:53:36,2025-07-31T06:32:13,31.0,30.0,6.0,6.5,19.35483870967742,21.666666666666668,0.0,0.0,9,8,0.5566375603270117,0.015015718072894832,True
AHMPUL0C13,250321030006,250730220015,2025-03-21T11:23:27,2025-07-31T06:32:13,31.0,30.0,6.0,6.5,19.35483870967742,21.666666666666668,9.3,0.0,9,8,0.024614513196116378,0.0070052803783668405,True
AHMPUL0C13,250330230001,250730220015,2025-03-31T07:24:49,2025-07-31T06:32:13,31.0,30.0,7.0,6.5,22.58064516129032,21.666666666666668,0.0,0.0,12,8,0.09607795857500986,0.04997940918693834,True
AHMPUL0C13,250520220015,250730220015,2025-05-21T06:40:10,2025-07-31T06:32:13,30.0,30.0,6.0,6.5,20.0,21.666666666666668,0.0,0.0,9,8,0.08875275950168125,0.01686185925758166,True
AHMPUL0C13,250521010002,250730220015,2025-05-21T09:16:36,2025-07-31T06:32:13,31.0,30.0,6.0,6.5,19.35483870967742,21.666666666666668,0.0,0.0,7,8,0.024372811604929295,0.013451963621820186,True
AHMPUL0C13,250521030005,250730220015,2025-05-21T11:58:11,2025-07-31T06:32:13,31.0,30.0,6.5,6.5,20.967741935483872,21.666666666666668,9.333333333333334,0.0,11,8,0.01548834193112615,0.009880549694660465,True
AHMPUL0C13,250521060007,250730220015,2025-05-21T14:29:19,2025-07-31T06:32:13,30.0,30.0,6.5,6.5,21.666666666666668,21.666666666666668,12.183333333333334,0.0,11,8,0.05549456073617515,0.010943636668577408,True
AHMPUL0C13,250701010002,250730220015,2025-07-01T09:24:46,2025-07-31T06:32:13,30.0,30.0,6.0,6.5,20.0,21.666666666666668,0.0,0.0,10,8,0.04509782329683134,0.02377776691811567,True
AHMPUL0C13,250701040006,250730220015,2025-07-01T12:10:18,2025-07-31T06:32:13,31.0,30.0,7.0,6.5,22.58064516129032,21.666666666666668,39.95,0.0,8,8,0.5552233401172117,0.006825483454928013,True
AHMPUL0C13,250710210010,250730220015,2025-07-11T05:57:31,2025-07-31T06:32:13,30.0,30.0,6.0,6.5,20.0,21.666666666666668,0.0,0.0,10,8,0.08875196422586952,0.0320296985993677,True
AHMPUL0C13,250711030005,250730220015,2025-07-11T11:11:21,2025-07-31T06:32:13,31.0,30.0,6.5,6.5,20.967741935483872,21.666666666666668,20.033333333333335,0.0,12,8,0.0031958104556866623,0.006626362297888577,True
AHMPUL0C13,250711060008,250730220015,2025-07-11T14:44:08,2025-07-31T06:32:13,36.0,30.0,7.0,6.5,19.444444444444446,21.666666666666668,23.316666666666666,0.0,10,8,0.050072225133130796,0.042468801438864064,True
AHMPUL0C13,250720210001,250730220015,2025-07-21T05:57:24,2025-07-31T06:32:13,30.0,30.0,6.0,6.5,20.0,21.666666666666668,0.0,0.0,11,8,0.12343585275984739,0.0257815321857309,True
AHMPUL0C13,250721010002,250730220015,2025-07-21T09:14:47,2025-07-31T06:32:13,30.0,30.0,6.0,6.5,20.0,21.666666666666668,0.0,0.0,9,8,0.04771548023413184,0.025900320530924614,True
AHMPUL0C13,250721050007,250730220015,2025-07-21T13:08:37,2025-07-31T06:32:13,30.0,30.0,6.0,6.5,20.0,21.666666666666668,0.0,0.0,11,8,0.017895242806405805,0.014546675822282733,True
AHMPUL0C13,250111020002,250730230016,2025-01-11T10:07:29,2025-07-31T07:36:50,28.0,28.0,6.5,6.0,23.214285714285715,21.428571428571427,0.0,0.0,14,9,0.010936855417486067,0.11058873453004865,True
AHMPUL0C13,250120230010,250730230016,2025-01-21T07:34:19,2025-07-31T07:36:50,28.0,28.0,5.5,6.0,19.642857142857142,21.428571428571427,3.933333333333333,0.0,12,9,0.024110498156525165,0.019009603607462826,True
AHMPUL0C13,250311000001,250730230016,2025-03-11T08:20:04,2025-07-31T07:36:50,29.0,28.0,5.5,6.0,18.96551724137931,21.428571428571427,0.0,0.0,10,9,0.024793395045985166,0.5770169632334271,True
AHMPUL0C13,250320230014,250730230016,2025-03-21T07:34:21,2025-07-31T07:36:50,28.0,28.0,5.5,6.0,19.642857142857142,21.428571428571427,0.0,0.0,11,9,0.02241789715865336,0.08117733257457103,True
AHMPUL0C13,250321040007,250730230016,2025-03-21T12:44:13,2025-07-31T07:36:50,28.0,28.0,6.0,6.0,21.428571428571427,21.428571428571427,0.0,0.0,10,9,0.0070052803783668405,0.011566125032820007,True
AHMPUL0C13,250521000001,250730230016,2025-05-21T08:06:46,2025-07-31T07:36:50,28.0,28.0,5.0,6.0,17.857142857142858,21.428571428571427,0.0,0.0,10,9,0.01686185925758166,0.0782667140274085,True
AHMPUL0C13,250521050006,250730230016,2025-05-21T13:18:08,2025-07-31T07:36:50,28.0,28.0,6.0,6.0,21.428571428571427,21.428571428571427,0.0,0.0,11,9,0.009880549694660465,0.01532752302937362,True
AHMPUL0C13,250521070008,250730230016,2025-05-21T15:56:20,2025-07-31T07:36:50,29.0,28.0,5.5,6.0,18.96551724137931,21.428571428571427,0.0,0.0,11,9,0.010943636668577408,0.07522978953227576,True
AHMPUL0C13,250701050007,250730230016,2025-07-01T13:58:49,2025-07-31T07:36:50,28.0,28.0,5.0,6.0,17.857142857142858,21.428571428571427,0.0,0.0,11,9,0.006825483454928013,0.014210547344710703,True
AHMPUL0C13,250710230012,250730230016,2025-07-11T07:35:54,2025-07-31T07:36:50,29.0,28.0,5.5,6.0,18.96551724137931,21.428571428571427,0.0,0.0,8,9,0.014317090990187532,0.11662829904278767,True
AHMPUL0C13,250711050006,250730230016,2025-07-11T13:00:53,2025-07-31T07:36:50,28.0,28.0,5.5,6.0,19.642857142857142,21.428571428571427,0.0,0.0,8,9,0.006626362297888577,0.0182135042748732,True
AHMPUL0C13,250720230003,250730230016,2025-07-21T07:34:50,2025-07-31T07:36:50,29.0,28.0,5.0,6.0,17.24137931034483,21.428571428571427,0.0,0.0,7,9,0.016632576158934483,0.053938264741793626,True
AHMPUL0C13,250721060008,250730230016,2025-07-21T14:55:05,2025-07-31T07:36:50,28.0,28.0,5.5,6.0,19.642857142857142,21.428571428571427,4.25,0.0,10,9,0.014546675822282733,0.10317682554270619,True
AHMPUL0C13,250111020002,250731030006,2025-01-11T10:07:29,2025-07-31T11:41:45,28.0,28.0,6.5,5.0,23.214285714285715,17.857142857142858,0.0,0.0,14,11,0.01641737347386312,0.06922326846208467,True
AHMPUL0C13,250120230010,250731030006,2025-01-21T07:34:19,2025-07-31T11:41:45,28.0,28.0,5.5,5.0,19.642857142857142,17.857142857142858,3.933333333333333,0.0,12,11,0.017876996148099757,0.0795721605299665,True
AHMPUL0C13,250311000001,250731030006,2025-03-11T08:20:04,2025-07-31T11:41:45,29.0,28.0,5.5,5.0,18.96551724137931,17.857142857142858,0.0,0.0,10,11,0.011938436051933347,0.5468567053539717,True
AHMPUL0C13,250320230014,250731030006,2025-03-21T07:34:21,2025-07-31T11:41:45,28.0,28.0,5.5,5.0,19.642857142857142,17.857142857142858,0.0,0.0,11,11,0.0033709524172830948,0.021841422288097746,True
AHMPUL0C13,250321040007,250731030006,2025-03-21T12:44:13,2025-07-31T11:41:45,28.0,28.0,6.0,5.0,21.428571428571427,17.857142857142858,0.0,0.0,10,11,0.026667201103200578,0.05569791928772014,True
AHMPUL0C13,250521000001,250731030006,2025-05-21T08:06:46,2025-07-31T11:41:45,28.0,28.0,5.0,5.0,17.857142857142858,17.857142857142858,0.0,0.0,10,11,0.03631763077774495,0.012315783416563553,True
AHMPUL0C13,250521050006,250731030006,2025-05-21T13:18:08,2025-07-31T11:41:45,28.0,28.0,6.0,5.0,21.428571428571427,17.857142857142858,0.0,0.0,11,11,0.021809134815979334,0.064946455306612,True
AHMPUL0C13,250521070008,250731030006,2025-05-21T15:56:20,2025-07-31T11:41:45,29.0,28.0,5.5,5.0,18.96551724137931,17.857142857142858,0.0,0.0,11,11,0.01708174209451384,0.013236785903457428,True
AHMPUL0C13,250701050007,250731030006,2025-07-01T13:58:49,2025-07-31T11:41:45,28.0,28.0,5.0,5.0,17.857142857142858,17.857142857142858,0.0,0.0,11,11,0.020327355646994515,0.06335692320610431,True
AHMPUL0C13,250710230012,250731030006,2025-07-11T07:35:54,2025-07-31T11:41:45,29.0,28.0,5.5,5.0,18.96551724137931,17.857142857142858,0.0,0.0,8,11,0.011260404701108418,0.05856453327152679,True
AHMPUL0C13,250711050006,250731030006,2025-07-11T13:00:53,2025-07-31T11:41:45,28.0,28.0,5.5,5.0,19.642857142857142,17.857142857142858,0.0,0.0,8,11,0.02261377705519885,0.06323669887983291,True
AHMPUL0C13,250720230003,250731030006,2025-07-21T07:34:50,2025-07-31T11:41:45,29.0,28.0,5.0,5.0,17.24137931034483,17.857142857142858,0.0,0.0,7,11,0.026574994961127002,0.014547744608905046,True
AHMPUL0C13,250721060008,250731030006,2025-07-21T14:55:05,2025-07-31T11:41:45,28.0,28.0,5.5,5.0,19.642857142857142,17.857142857142858,4.25,0.0,10,11,0.006551834781146038,0.09404085059533426,True
AHMPUL0C13,250730230016,250731030006,2025-07-31T07:36:50,2025-07-31T11:41:45,28.0,28.0,6.0,5.0,21.428571428571427,17.857142857142858,0.0,0.0,9,11,0.020734946349974925,0.06695110218352016,True
AHMPUL0C13,250111000001,250731050008,2025-01-11T08:37:09,2025-07-31T13:16:52,30.0,31.0,7.0,6.0,23.333333333333332,19.35483870967742,12.783333333333333,2.1,12,9,0.5599664923740892,0.04090775484138543,True
AHMPUL0C13,250120220007,250731050008,2025-01-21T06:04:58,2025-07-31T13:16:52,31.0,31.0,6.0,6.0,19.35483870967742,19.35483870967742,0.0,2.1,10,9,0.6004562744340266,0.02273418388788665,True
AHMPUL0C13,250121010002,250731050008,2025-01-21T09:11:20,2025-07-31T13:16:52,30.0,31.0,6.5,6.0,21.666666666666668,19.35483870967742,0.0,2.1,10,9,0.5994491899620201,0.04553431870066434,True
AHMPUL0C13,250310220011,250731050008,2025-03-11T06:30:15,2025-07-31T13:16:52,30.0,31.0,6.5,6.0,21.666666666666668,19.35483870967742,0.0,2.1,10,9,0.595782006521885,0.04536632005602015,True
AHMPUL0C13,250311020004,250731050008,2025-03-11T10:43:44,2025-07-31T13:16:52,30.0,31.0,8.0,6.0,26.666666666666668,19.35483870967742,7.983333333333333,2.1,11,9,0.5701422491996488,0.0441143736528242,True
AHMPUL0C13,250311060007,250731050008,2025-03-11T14:17:44,2025-07-31T13:16:52,31.0,31.0,7.0,6.0,22.58064516129032,19.35483870967742,0.0,2.1,13,9,0.5467932781972157,0.06815579408105078,True
AHMPUL0C13,250320220012,250731050008,2025-03-21T06:02:37,2025-07-31T13:16:52,31.0,31.0,7.0,6.0,22.58064516129032,19.35483870967742,0.0,2.1,10,9,0.6578089262439794,0.019307713961047496,True
AHMPUL0C13,250321000002,250731050008,2025-03-21T08:53:36,2025-07-31T13:16:52,31.0,31.0,6.0,6.0,19.35483870967742,19.35483870967742,0.0,2.1,9,9,0.008597677179844977,0.0451999032157311,True
AHMPUL0C13,250321030006,250731050008,2025-03-21T11:23:27,2025-07-31T13:16:52,31.0,31.0,6.0,6.0,19.35483870967742,19.35483870967742,9.3,2.1,9,9,0.559039623896181,0.049231245193854314,True
AHMPUL0C13,250330230001,250731050008,2025-03-31T07:24:49,2025-07-31T13:16:52,31.0,31.0,7.0,6.0,22.58064516129032,19.35483870967742,0.0,2.1,12,9,0.609056461714168,0.05264718657504971,True
AHMPUL0C13,250520220015,250731050008,2025-05-21T06:40:10,2025-07-31T13:16:52,30.0,31.0,6.0,6.0,20.0,19.35483870967742,0.0,2.1,9,9,0.6335633448946111,0.06461555462757844,True
AHMPUL0C13,250521010002,250731050008,2025-05-21T09:16:36,2025-07-31T13:16:52,31.0,31.0,6.0,6.0,19.35483870967742,19.35483870967742,0.0,2.1,7,9,0.5423434157956821,0.03783149887306186,True
AHMPUL0C13,250521030005,250731050008,2025-05-21T11:58:11,2025-07-31T13:16:52,31.0,31.0,6.5,6.0,20.967741935483872,19.35483870967742,9.333333333333334,2.1,11,9,0.5531797998694243,0.04136986783011858,True
AHMPUL0C13,250521060007,250731050008,2025-05-21T14:29:19,2025-07-31T13:16:52,30.0,31.0,6.5,6.0,21.666666666666668,19.35483870967742,12.183333333333334,2.1,11,9,0.5886789322594557,0.040642123404897,True
AHMPUL0C13,250701010002,250731050008,2025-07-01T09:24:46,2025-07-31T13:16:52,30.0,31.0,6.0,6.0,20.0,19.35483870967742,0.0,2.1,10,9,0.5754577669246816,0.058237856072902425,True
AHMPUL0C13,250701040006,250731050008,2025-07-01T12:10:18,2025-07-31T13:16:52,31.0,31.0,7.0,6.0,22.58064516129032,19.35483870967742,39.95,2.1,8,9,0.010248605321315161,0.04423483187222476,True
AHMPUL0C13,250710210010,250731050008,2025-07-11T05:57:31,2025-07-31T13:16:52,30.0,31.0,6.0,6.0,20.0,19.35483870967742,0.0,2.1,10,9,0.6289872092353851,0.02432771591143898,True
AHMPUL0C13,250711030005,250731050008,2025-07-11T11:11:21,2025-07-31T13:16:52,31.0,31.0,6.5,6.0,20.967741935483872,19.35483870967742,20.033333333333335,2.1,12,9,0.5455654986327676,0.04517118355960278,True
AHMPUL0C13,250711060008,250731050008,2025-07-11T14:44:08,2025-07-31T13:16:52,36.0,31.0,7.0,6.0,19.444444444444446,19.35483870967742,23.316666666666666,2.1,10,9,0.5834170755343849,0.012457744117454688,True
AHMPUL0C13,250720210001,250731050008,2025-07-21T05:57:24,2025-07-31T13:16:52,30.0,31.0,6.0,6.0,20.0,19.35483870967742,0.0,2.1,11,9,0.666175604828841,0.02861336141838227,True
AHMPUL0C13,250721010002,250731050008,2025-07-21T09:14:47,2025-07-31T13:16:52,30.0,31.0,6.0,6.0,20.0,19.35483870967742,0.0,2.1,9,9,0.5539509550374682,0.07386499234302084,True
AHMPUL0C13,250721050007,250731050008,2025-07-21T13:08:37,2025-07-31T13:16:52,30.0,31.0,6.0,6.0,20.0,19.35483870967742,0.0,2.1,11,9,0.5327909104198745,0.04667868156158747,True
AHMPUL0C13,250730220015,250731050008,2025-07-31T06:32:13,2025-07-31T13:16:52,30.0,31.0,6.5,6.0,21.666666666666668,19.35483870967742,0.0,2.1,8,9,0.5480592307791576,0.05102599562788561,True
AHMPUL0C13,250111020002,250731080011,2025-01-11T10:07:29,2025-07-31T16:08:01,28.0,29.0,6.5,6.0,23.214285714285715,20.689655172413794,0.0,0.0,14,11,0.026112641055033747,0.06748523950941085,True
AHMPUL0C13,250120230010,250731080011,2025-01-21T07:34:19,2025-07-31T16:08:01,28.0,29.0,5.5,6.0,19.642857142857142,20.689655172413794,3.933333333333333,0.0,12,11,0.019632735385204308,0.08231294408228615,True
AHMPUL0C13,250311000001,250731080011,2025-03-11T08:20:04,2025-07-31T16:08:01,29.0,29.0,5.5,6.0,18.96551724137931,20.689655172413794,0.0,0.0,10,11,0.017149477735009036,0.5464916217797123,True
AHMPUL0C13,250320230014,250731080011,2025-03-21T07:34:21,2025-07-31T16:08:01,28.0,29.0,5.5,6.0,19.642857142857142,20.689655172413794,0.0,0.0,11,11,0.0078911092765739,0.0195539457866707,True
AHMPUL0C13,250321040007,250731080011,2025-03-21T12:44:13,2025-07-31T16:08:01,28.0,29.0,6.0,6.0,21.428571428571427,20.689655172413794,0.0,0.0,10,11,0.03643869443962949,0.05862147080051851,True
AHMPUL0C13,250521000001,250731080011,2025-05-21T08:06:46,2025-07-31T16:08:01,28.0,29.0,5.0,6.0,17.857142857142858,20.689655172413794,0.0,0.0,10,11,0.045007971143339605,0.009273982220854583,True
AHMPUL0C13,250521050006,250731080011,2025-05-21T13:18:08,2025-07-31T16:08:01,28.0,29.0,6.0,6.0,21.428571428571427,20.689655172413794,0.0,0.0,11,11,0.031597812552540384,0.06763852534825304,True
AHMPUL0C13,250521070008,250731080011,2025-05-21T15:56:20,2025-07-31T16:08:01,29.0,29.0,5.5,6.0,18.96551724137931,20.689655172413794,0.0,0.0,11,11,0.02676918024845361,0.011004250391174884,True
AHMPUL0C13,250701050007,250731080011,2025-07-01T13:58:49,2025-07-31T16:08:01,28.0,29.0,5.0,6.0,17.857142857142858,20.689655172413794,0.0,0.0,11,11,0.03018956782089292,0.06607771798672774,True
AHMPUL0C13,250710230012,250731080011,2025-07-11T07:35:54,2025-07-31T16:08:01,29.0,29.0,5.5,6.0,18.96551724137931,20.689655172413794,0.0,0.0,8,11,0.02070490431857101,0.05582512426647237,True
AHMPUL0C13,250711050006,250731080011,2025-07-11T13:00:53,2025-07-31T16:08:01,28.0,29.0,5.5,6.0,19.642857142857142,20.689655172413794,0.0,0.0,8,11,0.032474855707973815,0.06586174928022172,True
AHMPUL0C13,250720230003,250731080011,2025-07-21T07:34:50,2025-07-31T16:08:01,29.0,29.0,5.0,6.0,17.24137931034483,20.689655172413794,0.0,0.0,7,11,0.03300347415932277,0.017018137125504023,True
AHMPUL0C13,250721060008,250731080011,2025-07-21T14:55:05,2025-07-31T16:08:01,28.0,29.0,5.5,6.0,19.642857142857142,20.689655172413794,4.25,0.0,10,11,0.016411686604695132,0.093852328823835,True
AHMPUL0C13,250730230016,250731080011,2025-07-31T07:36:50,2025-07-31T16:08:01,28.0,29.0,6.0,6.0,21.428571428571427,20.689655172413794,0.0,0.0,9,11,0.030260748847066022,0.06991319012598084,True
AHMPUL0C13,250731030006,250731080011,2025-07-31T11:41:45,2025-07-31T16:08:01,28.0,29.0,5.0,6.0,17.857142857142858,20.689655172413794,0.0,0.0,11,11,0.009862989751300264,0.0030871357471527875,True
AHMPUL0C13,250630210009,250831220001,2025-07-01T05:44:14,2025-09-01T06:00:02,92.0,91.0,19.0,17.5,20.652173913043477,19.230769230769234,0.0,0.0,5,5,0.06210008934056373,0.14733693637973078,True
AHMPUL0C13,250630230010,250831230002,2025-07-01T07:13:53,2025-09-01T07:33:03,90.0,91.0,16.5,17.5,18.333333333333332,19.230769230769234,0.0,0.0,9,7,0.14733693637973078,0.10260152233854837,True
AHMPUL0C13,250111000001,250901020004,2025-01-11T08:37:09,2025-09-01T10:30:09,30.0,31.0,7.0,7.5,23.333333333333332,24.193548387096776,12.783333333333333,74.1,12,11,0.04380645613491747,0.02275497813576137,True
AHMPUL0C13,250120220007,250901020004,2025-01-21T06:04:58,2025-09-01T10:30:09,31.0,31.0,6.0,7.5,19.35483870967742,24.193548387096776,0.0,74.1,10,11,0.11050594956330254,0.038897398049378744,True
AHMPUL0C13,250121010002,250901020004,2025-01-21T09:11:20,2025-09-01T10:30:09,30.0,31.0,6.5,7.5,21.666666666666668,24.193548387096776,0.0,74.1,10,11,0.029255718634355776,0.016369314527345587,True
AHMPUL0C13,250310220011,250901020004,2025-03-11T06:30:15,2025-09-01T10:30:09,30.0,31.0,6.5,7.5,21.666666666666668,24.193548387096776,0.0,74.1,10,11,0.1020612772848833,0.017635675943077533,True
AHMPUL0C13,250311020004,250901020004,2025-03-11T10:43:44,2025-09-01T10:30:09,30.0,31.0,8.0,7.5,26.666666666666668,24.193548387096776,7.983333333333333,74.1,11,11,0.020701797527141293,0.020926216407538906,True
AHMPUL0C13,250311060007,250901020004,2025-03-11T14:17:44,2025-09-01T10:30:09,31.0,31.0,7.0,7.5,22.58064516129032,24.193548387096776,0.0,74.1,13,11,0.02811139717266556,0.07257236522248911,True
AHMPUL0C13,250320220012,250901020004,2025-03-21T06:02:37,2025-09-01T10:30:09,31.0,31.0,7.0,7.5,22.58064516129032,24.193548387096776,0.0,74.1,10,11,0.0864370897107931,0.04670249572272521,True
AHMPUL0C13,250321000002,250901020004,2025-03-21T08:53:36,2025-09-01T10:30:09,31.0,31.0,6.0,7.5,19.35483870967742,24.193548387096776,0.0,74.1,9,11,0.5825240104939378,0.01914343338574324,True
AHMPUL0C13,250321030006,250901020004,2025-03-21T11:23:27,2025-09-01T10:30:09,31.0,31.0,6.0,7.5,19.35483870967742,24.193548387096776,9.3,74.1,9,11,0.05795473105567344,0.012470129249305243,True
AHMPUL0C13,250330230001,250901020004,2025-03-31T07:24:49,2025-09-01T10:30:09,31.0,31.0,7.0,7.5,22.58064516129032,24.193548387096776,0.0,74.1,12,11,0.11620657368741574,0.06044815258554039,True
AHMPUL0C13,250520220015,250901020004,2025-05-21T06:40:10,2025-09-01T10:30:09,30.0,31.0,6.0,7.5,20.0,24.193548387096776,0.0,74.1,9,11,0.060627397120917824,0.0055771214444423475,True
AHMPUL0C13,250521010002,250901020004,2025-05-21T09:16:36,2025-09-01T10:30:09,31.0,31.0,6.0,7.5,19.35483870967742,24.193548387096776,0.0,74.1,7,11,0.06536328947041957,0.02493893304746087,True
AHMPUL0C13,250521030005,250901020004,2025-05-21T11:58:11,2025-09-01T10:30:09,31.0,31.0,6.5,7.5,20.967741935483872,24.193548387096776,9.333333333333334,74.1,11,11,0.05253674163094295,0.020368407691423066,True
AHMPUL0C13,250521060007,250901020004,2025-05-21T14:29:19,2025-09-01T10:30:09,30.0,31.0,6.5,7.5,21.666666666666668,24.193548387096776,12.183333333333334,74.1,11,11,0.015317806627651314,0.022683140756373222,True
AHMPUL0C13,250701010002,250901020004,2025-07-01T09:24:46,2025-09-01T10:30:09,30.0,31.0,6.0,7.5,20.0,24.193548387096776,0.0,74.1,10,11,0.0030785227884472517,0.030895361320839032,True
AHMPUL0C13,250701040006,250901020004,2025-07-01T12:10:18,2025-09-01T10:30:09,31.0,31.0,7.0,7.5,22.58064516129032,24.193548387096776,39.95,74.1,8,11,0.5807135464632711,0.01788506806034049,True
AHMPUL0C13,250710210010,250901020004,2025-07-11T05:57:31,2025-09-01T10:30:09,30.0,31.0,6.0,7.5,20.0,24.193548387096776,0.0,74.1,10,11,0.055022199348012314,0.04384028710920883,True
AHMPUL0C13,250711030005,250901020004,2025-07-11T11:11:21,2025-09-01T10:30:09,31.0,31.0,6.5,7.5,20.967741935483872,24.193548387096776,20.033333333333335,74.1,12,11,0.04207165496196599,0.016486726399278125,True
AHMPUL0C13,250711060008,250901020004,2025-07-11T14:44:08,2025-09-01T10:30:09,36.0,31.0,7.0,7.5,19.444444444444446,24.193548387096776,23.316666666666666,74.1,10,11,0.009653913960875702,0.053837030542003,True
AHMPUL0C13,250720210001,250901020004,2025-07-21T05:57:24,2025-09-01T10:30:09,30.0,31.0,6.0,7.5,20.0,24.193548387096776,0.0,74.1,11,11,0.092181490995034,0.03759303224843083,True
AHMPUL0C13,250721010002,250901020004,2025-07-21T09:14:47,2025-09-01T10:30:09,30.0,31.0,6.0,7.5,20.0,24.193548387096776,0.0,74.1,9,11,0.02512863446073561,0.01400981070815034,True
AHMPUL0C13,250721050007,250901020004,2025-07-21T13:08:37,2025-09-01T10:30:09,30.0,31.0,6.0,7.5,20.0,24.193548387096776,0.0,74.1,11,11,0.04724646409645098,0.025358567106872,True
AHMPUL0C13,250730220015,250901020004,2025-07-31T06:32:13,2025-09-01T10:30:09,30.0,31.0,6.5,7.5,21.666666666666668,24.193548387096776,0.0,74.1,8,11,0.04207667411215903,0.011927358536026491,True
AHMPUL0C13,250731050008,250901020004,2025-07-31T13:16:52,2025-09-01T10:30:09,31.0,31.0,6.0,7.5,19.35483870967742,24.193548387096776,2.1,74.1,9,11,0.5739942435111599,0.061551246561763,True
AHMPUL0C13,250111020002,250901060008,2025-01-11T10:07:29,2025-09-01T14:31:59,28.0,29.0,6.5,5.0,23.214285714285715,17.24137931034483,0.0,0.0,14,11,0.02582039042117946,0.05852699354580278,True
AHMPUL0C13,250120230010,250901060008,2025-01-21T07:34:19,2025-09-01T14:31:59,28.0,29.0,5.5,5.0,19.642857142857142,17.24137931034483,3.933333333333333,0.0,12,11,0.006282137142161143,0.07041484314472142,True
AHMPUL0C13,250311000001,250901060008,2025-03-11T08:20:04,2025-09-01T14:31:59,29.0,29.0,5.5,5.0,18.96551724137931,17.24137931034483,0.0,0.0,10,11,0.02480267559962205,0.5638413794215974,True
AHMPUL0C13,250320230014,250901060008,2025-03-21T07:34:21,2025-09-01T14:31:59,28.0,29.0,5.5,5.0,19.642857142857142,17.24137931034483,0.0,0.0,11,11,0.009936067771408727,0.020040760476331788,True
AHMPUL0C13,250321040007,250901060008,2025-03-21T12:44:13,2025-09-01T14:31:59,28.0,29.0,6.0,5.0,21.428571428571427,17.24137931034483,0.0,0.0,10,11,0.031666708464424924,0.04966172633435769,True
AHMPUL0C13,250521000001,250901060008,2025-05-21T08:06:46,2025-09-01T14:31:59,28.0,29.0,5.0,5.0,17.857142857142858,17.24137931034483,0.0,0.0,10,11,0.035905260585353566,0.021253998616683444,True
AHMPUL0C13,250521050006,250901060008,2025-05-21T13:18:08,2025-09-01T14:31:59,28.0,29.0,6.0,5.0,21.428571428571427,17.24137931034483,0.0,0.0,11,11,0.030118819046816552,0.055574314311928726,True
AHMPUL0C13,250521070008,250901060008,2025-05-21T15:56:20,2025-09-01T14:31:59,29.0,29.0,5.5,5.0,18.96551724137931,17.24137931034483,0.0,0.0,11,11,0.026450540471540118,0.015722044158796328,True
AHMPUL0C13,250701050007,250901060008,2025-07-01T13:58:49,2025-09-01T14:31:59,28.0,29.0,5.0,5.0,17.857142857142858,17.24137931034483,0.0,0.0,11,11,0.02762822454978471,0.054329630464765216,True
AHMPUL0C13,250710230012,250901060008,2025-07-11T07:35:54,2025-09-01T14:31:59,29.0,29.0,5.5,5.0,18.96551724137931,17.24137931034483,0.0,0.0,8,11,0.022127281699778734,0.05607740130623494,True
AHMPUL0C13,250711050006,250901060008,2025-07-11T13:00:53,2025-09-01T14:31:59,28.0,29.0,5.5,5.0,19.642857142857142,17.24137931034483,0.0,0.0,8,11,0.029338568054569397,0.05325035320882728,True
AHMPUL0C13,250720230003,250901060008,2025-07-21T07:34:50,2025-09-01T14:31:59,29.0,29.0,5.0,5.0,17.24137931034483,17.24137931034483,0.0,0.0,7,11,0.021369384942665447,0.01095017343092349,True
AHMPUL0C13,250721060008,250901060008,2025-07-21T14:55:05,2025-09-01T14:31:59,28.0,29.0,5.5,5.0,19.642857142857142,17.24137931034483,4.25,0.0,10,11,0.01611658607888965,0.07768552474914892,True
AHMPUL0C13,250730230016,250901060008,2025-07-31T07:36:50,2025-09-01T14:31:59,28.0,29.0,6.0,5.0,21.428571428571427,17.24137931034483,0.0,0.0,9,11,0.024686227846332065,0.06121728787657268,True
AHMPUL0C13,250731030006,250901060008,2025-07-31T11:41:45,2025-09-01T14:31:59,28.0,29.0,5.0,5.0,17.857142857142858,17.24137931034483,0.0,0.0,11,11,0.012901592911160468,0.01700790327813153,True
AHMPUL0C13,250731080011,250901060008,2025-07-31T16:08:01,2025-09-01T14:31:59,29.0,29.0,6.0,5.0,20.689655172413794,17.24137931034483,0.0,0.0,11,11,0.013351840502749672,0.0178051182663026,True
AHMPUL0C13,250111000001,250910220010,2025-01-11T08:37:09,2025-09-11T06:04:49,30.0,31.0,7.0,6.5,23.333333333333332,20.967741935483872,12.783333333333333,14.616666666666667,12,9,0.0992137875974891,0.020327355261420654,True
AHMPUL0C13,250120220007,250910220010,2025-01-21T06:04:58,2025-09-11T06:04:49,31.0,31.0,6.0,6.5,19.35483870967742,20.967741935483872,0.0,14.616666666666667,10,9,0.1301691879995674,0.036606067228803434,True
AHMPUL0C13,250121010002,250910220010,2025-01-21T09:11:20,2025-09-11T06:04:49,30.0,31.0,6.5,6.5,21.666666666666668,20.967741935483872,0.0,14.616666666666667,10,9,0.04501490692879938,0.022906154888812758,True
AHMPUL0C13,250310220011,250910220010,2025-03-11T06:30:15,2025-09-11T06:04:49,30.0,31.0,6.5,6.5,21.666666666666668,20.967741935483872,0.0,14.616666666666667,10,9,0.12434048336934715,0.031727605649478755,True
AHMPUL0C13,250311020004,250910220010,2025-03-11T10:43:44,2025-09-11T06:04:49,30.0,31.0,8.0,6.5,26.666666666666668,20.967741935483872,7.983333333333333,14.616666666666667,11,9,0.07497644357186864,0.017233652399605864,True
AHMPUL0C13,250311060007,250910220010,2025-03-11T14:17:44,2025-09-11T06:04:49,31.0,31.0,7.0,6.5,22.58064516129032,20.967741935483872,0.0,14.616666666666667,13,9,0.09857030993697943,0.045306163516108305,True
AHMPUL0C13,250320220012,250910220010,2025-03-21T06:02:37,2025-09-11T06:04:49,31.0,31.0,7.0,6.5,22.58064516129032,20.967741935483872,0.0,14.616666666666667,10,9,0.03470630859520595,0.037430450513743795,True
AHMPUL0C13,250321000002,250910220010,2025-03-21T08:53:36,2025-09-11T06:04:49,31.0,31.0,6.0,6.5,19.35483870967742,20.967741935483872,0.0,14.616666666666667,9,9,0.6525439790830585,0.03428232500976663,True
AHMPUL0C13,250321030006,250910220010,2025-03-21T11:23:27,2025-09-11T06:04:49,31.0,31.0,6.0,6.5,19.35483870967742,20.967741935483872,9.3,14.616666666666667,9,9,0.1088660355698161,0.0269881428605048,True
AHMPUL0C13,250330230001,250910220010,2025-03-31T07:24:49,2025-09-11T06:04:49,31.0,31.0,7.0,6.5,22.58064516129032,20.967741935483872,0.0,14.616666666666667,12,9,0.1311771829500728,0.034692222016765396,True
AHMPUL0C13,250520220015,250910220010,2025-05-21T06:40:10,2025-09-11T06:04:49,30.0,31.0,6.0,6.5,20.0,20.967741935483872,0.0,14.616666666666667,9,9,0.02368295471142145,0.03304902299120157,True
AHMPUL0C13,250521010002,250910220010,2025-05-21T09:16:36,2025-09-11T06:04:49,31.0,31.0,6.0,6.5,19.35483870967742,20.967741935483872,0.0,14.616666666666667,7,9,0.12298158886886695,0.023320394438046337,True
AHMPUL0C13,250521030005,250910220010,2025-05-21T11:58:11,2025-09-11T06:04:49,31.0,31.0,6.5,6.5,20.967741935483872,20.967741935483872,9.333333333333334,14.616666666666667,11,9,0.10875171869673197,0.02476919050587723,True
AHMPUL0C13,250521060007,250910220010,2025-05-21T14:29:19,2025-09-11T06:04:49,30.0,31.0,6.5,6.5,21.666666666666668,20.967741935483872,12.183333333333334,14.616666666666667,11,9,0.055522258299510276,0.020963376917015317,True
AHMPUL0C13,250701010002,250910220010,2025-07-01T09:24:46,2025-09-11T06:04:49,30.0,31.0,6.0,6.5,20.0,20.967741935483872,0.0,14.616666666666667,10,9,0.06883441107733222,0.0036509484416737403,True
AHMPUL0C13,250701040006,250910220010,2025-07-01T12:10:18,2025-09-11T06:04:49,31.0,31.0,7.0,6.5,22.58064516129032,20.967741935483872,39.95,14.616666666666667,8,9,0.6506316736799871,0.022402685050751037,True
AHMPUL0C13,250710210010,250910220010,2025-07-11T05:57:31,2025-09-11T06:04:49,30.0,31.0,6.0,6.5,20.0,20.967741935483872,0.0,14.616666666666667,10,9,0.016749700155582414,0.03263413444602561,True
AHMPUL0C13,250711030005,250910220010,2025-07-11T11:11:21,2025-09-11T06:04:49,31.0,31.0,6.5,6.5,20.967741935483872,20.967741935483872,20.033333333333335,14.616666666666667,12,9,0.10684384123242152,0.02424049400851852,True
AHMPUL0C13,250711060008,250910220010,2025-07-11T14:44:08,2025-09-11T06:04:49,36.0,31.0,7.0,6.5,19.444444444444446,20.967741935483872,23.316666666666666,14.616666666666667,10,9,0.060982767054521915,0.04506063769134992,True
AHMPUL0C13,250720210001,250910220010,2025-07-21T05:57:24,2025-09-11T06:04:49,30.0,31.0,6.0,6.5,20.0,20.967741935483872,0.0,14.616666666666667,11,9,0.024045813117694347,0.027924714489660957,True
AHMPUL0C13,250721010002,250910220010,2025-07-21T09:14:47,2025-09-11T06:04:49,30.0,31.0,6.0,6.5,20.0,20.967741935483872,0.0,14.616666666666667,9,9,0.09038007379154699,0.039806314883123146,True
AHMPUL0C13,250721050007,250910220010,2025-07-21T13:08:37,2025-09-11T06:04:49,30.0,31.0,6.0,6.5,20.0,20.967741935483872,0.0,14.616666666666667,11,9,0.11603541093499775,0.010605319638910137,True
AHMPUL0C13,250730220015,250910220010,2025-07-31T06:32:13,2025-09-11T06:04:49,30.0,31.0,6.5,6.5,21.666666666666668,20.967741935483872,0.0,14.616666666666667,8,9,0.10546908111968598,0.02012696984035886,True
AHMPUL0C13,250731050008,250910220010,2025-07-31T13:16:52,2025-09-11T06:04:49,31.0,31.0,6.0,6.5,19.35483870967742,20.967741935483872,2.1,14.616666666666667,9,9,0.6440308205109835,0.05651612563563981,True
AHMPUL0C13,250901020004,250910220010,2025-09-01T10:30:09,2025-09-11T06:04:49,31.0,31.0,7.5,6.5,24.193548387096776,20.967741935483872,74.1,14.616666666666667,11,9,0.070593547995516,0.027513402236728525,True
AHMPUL0C13,250111020002,250910230011,2025-01-11T10:07:29,2025-09-11T07:52:22,28.0,28.0,6.5,5.0,23.214285714285715,17.857142857142858,0.0,1.2333333333333334,14,11,0.021115998641306068,0.09773739933203748,True
AHMPUL0C13,250120230010,250910230011,2025-01-21T07:34:19,2025-09-11T07:52:22,28.0,28.0,5.5,5.0,19.642857142857142,17.857142857142858,3.933333333333333,1.2333333333333334,12,11,0.008589823198027658,0.031142816255876414,True
AHMPUL0C13,250311000001,250910230011,2025-03-11T08:20:04,2025-09-11T07:52:22,29.0,28.0,5.5,5.0,18.96551724137931,17.857142857142858,0.0,1.2333333333333334,10,11,0.0211582773227688,0.5695340240112012,True
AHMPUL0C13,250320230014,250910230011,2025-03-21T07:34:21,2025-09-11T07:52:22,28.0,28.0,5.5,5.0,19.642857142857142,17.857142857142858,0.0,1.2333333333333334,11,11,0.007073155597810289,0.06537895576976141,True
AHMPUL0C13,250321040007,250910230011,2025-03-21T12:44:13,2025-09-11T07:52:22,28.0,28.0,6.0,5.0,21.428571428571427,17.857142857142858,0.0,1.2333333333333334,10,11,0.027408060403309478,0.0052750101065779445,True
AHMPUL0C13,250521000001,250910230011,2025-05-21T08:06:46,2025-09-11T07:52:22,28.0,28.0,5.0,5.0,17.857142857142858,17.857142857142858,0.0,1.2333333333333334,10,11,0.03300283578013088,0.06208960397640435,True
AHMPUL0C13,250521050006,250910230011,2025-05-21T13:18:08,2025-09-11T07:52:22,28.0,28.0,6.0,5.0,21.428571428571427,17.857142857142858,0.0,1.2333333333333334,11,11,0.025456654970195988,0.019064182466225058,True
AHMPUL0C13,250521070008,250910230011,2025-05-21T15:56:20,2025-09-11T07:52:22,29.0,28.0,5.5,5.0,18.96551724137931,17.857142857142858,0.0,1.2333333333333334,11,11,0.021746012454049,0.059181167945213276,True
AHMPUL0C13,250701050007,250910230011,2025-07-01T13:58:49,2025-09-11T07:52:22,28.0,28.0,5.0,5.0,17.857142857142858,17.857142857142858,0.0,1.2333333333333334,11,11,0.02302642897791981,0.01704366173907552,True
AHMPUL0C13,250710230012,250910230011,2025-07-11T07:35:54,2025-09-11T07:52:22,29.0,28.0,5.5,5.0,18.96551724137931,17.857142857142858,0.0,1.2333333333333334,8,11,0.01752439032968988,0.10141934353881998,True
AHMPUL0C13,250711050006,250910230011,2025-07-11T13:00:53,2025-09-11T07:52:22,28.0,28.0,5.5,5.0,19.642857142857142,17.857142857142858,0.0,1.2333333333333334,8,11,0.024809942113236796,0.01954070502402966,True
AHMPUL0C13,250720230003,250910230011,2025-07-21T07:34:50,2025-09-11T07:52:22,29.0,28.0,5.0,5.0,17.24137931034483,17.857142857142858,0.0,1.2333333333333334,7,11,0.019928371468067696,0.03782103382128285,True
AHMPUL0C13,250721060008,250910230011,2025-07-21T14:55:05,2025-09-11T07:52:22,28.0,28.0,5.5,5.0,19.642857142857142,17.857142857142858,4.25,1.2333333333333334,10,11,0.011508471561672005,0.09647787846915702,True
AHMPUL0C13,250730230016,250910230011,2025-07-31T07:36:50,2025-09-11T07:52:22,28.0,28.0,6.0,5.0,21.428571428571427,17.857142857142858,0.0,1.2333333333333334,9,11,0.020497495503053173,0.016193597365693393,True
AHMPUL0C13,250731030006,250910230011,2025-07-31T11:41:45,2025-09-11T07:52:22,28.0,28.0,5.0,5.0,17.857142857142858,17.857142857142858,0.0,1.2333333333333334,11,11,0.009292405700034735,0.05076527863816799,True
AHMPUL0C13,250731080011,250910230011,2025-07-31T16:08:01,2025-09-11T07:52:22,29.0,28.0,6.0,5.0,20.689655172413794,17.857142857142858,0.0,1.2333333333333334,11,11,0.013097531222824097,0.05372173807743592,True
AHMPUL0C13,250901060008,250910230011,2025-09-01T14:31:59,2025-09-11T07:52:22,29.0,28.0,5.0,5.0,17.24137931034483,17.857142857142858,0.0,1.2333333333333334,11,11,0.004704533382160705,0.04556942857970351,True
AHMPUL0C13,250731010003,250911010002,2025-07-31T09:51:13,2025-09-11T09:51:00,25.0,26.0,4.5,5.0,18.0,19.230769230769234,0.0,0.0,6,4,0.04584244162751876,0.003186256329397377,False
AHMPUL0C13,250111020002,250911030004,2025-01-11T10:07:29,2025-09-11T11:21:38,28.0,28.0,6.5,5.5,23.214285714285715,19.642857142857142,0.0,30.7,14,12,0.018597353999233002,0.2982628876952906,True
AHMPUL0C13,250120230010,250911030004,2025-01-21T07:34:19,2025-09-11T11:21:38,28.0,28.0,5.5,5.5,19.642857142857142,19.642857142857142,3.933333333333333,30.7,12,12,0.021044027932139275,0.28502931689409416,True
AHMPUL0C13,250311000001,250911030004,2025-03-11T08:20:04,2025-09-11T11:21:38,29.0,28.0,5.5,5.5,18.96551724137931,19.642857142857142,0.0,30.7,10,12,0.009972190120409227,0.8792196750720859,True
AHMPUL0C13,250320230014,250911030004,2025-03-21T07:34:21,2025-09-11T11:21:38,28.0,28.0,5.5,5.5,19.642857142857142,19.642857142857142,0.0,30.7,11,12,0.005635473614478316,0.327824523520437,True
AHMPUL0C13,250321040007,250911030004,2025-03-21T12:44:13,2025-09-11T11:21:38,28.0,28.0,6.0,5.5,21.428571428571427,19.642857142857142,0.0,30.7,10,12,0.029887983923339537,0.3059565355031212,True
AHMPUL0C13,250521000001,250911030004,2025-05-21T08:06:46,2025-09-11T11:21:38,28.0,28.0,5.0,5.5,17.857142857142858,19.642857142857142,0.0,30.7,10,12,0.04025515170426747,0.337563483741418,True
AHMPUL0C13,250521050006,250911030004,2025-05-21T13:18:08,2025-09-11T11:21:38,28.0,28.0,6.0,5.5,21.428571428571427,19.642857142857142,0.0,30.7,11,12,0.024187029250631847,0.29148593880021645,True
AHMPUL0C13,250521070008,250911030004,2025-05-21T15:56:20,2025-09-11T11:21:38,29.0,28.0,5.5,5.5,18.96551724137931,19.642857142857142,0.0,30.7,11,12,0.019236584177460846,0.3308288261498093,True
AHMPUL0C13,250701050007,250911030004,2025-07-01T13:58:49,2025-09-11T11:21:38,28.0,28.0,5.0,5.5,17.857142857142858,19.642857142857142,0.0,30.7,11,12,0.023124063279079798,0.29344584541239704,True
AHMPUL0C13,250710230012,250911030004,2025-07-11T07:35:54,2025-09-11T11:21:38,29.0,28.0,5.5,5.5,18.96551724137931,19.642857142857142,0.0,30.7,8,12,0.01304168512753492,0.33065386395144164,True
AHMPUL0C13,250711050006,250911030004,2025-07-11T13:00:53,2025-09-11T11:21:38,28.0,28.0,5.5,5.5,19.642857142857142,19.642857142857142,0.0,30.7,8,12,0.025500474733828462,0.29041340514126907,True
AHMPUL0C13,250720230003,250911030004,2025-07-21T07:34:50,2025-09-11T11:21:38,29.0,28.0,5.0,5.5,17.24137931034483,19.642857142857142,0.0,30.7,7,12,0.030698151953883788,0.32338584032293466,True
AHMPUL0C13,250721060008,250911030004,2025-07-21T14:55:05,2025-09-11T11:21:38,28.0,28.0,5.5,5.5,19.642857142857142,19.642857142857142,4.25,30.7,10,12,0.009799593114959627,0.2503432532767501,True
AHMPUL0C13,250730230016,250911030004,2025-07-31T07:36:50,2025-09-11T11:21:38,28.0,28.0,6.0,5.5,21.428571428571427,19.642857142857142,0.0,30.7,9,12,0.024327703818903885,0.30354708114376955,True
AHMPUL0C13,250731030006,250911030004,2025-07-31T11:41:45,2025-09-11T11:21:38,28.0,28.0,5.0,5.5,17.857142857142858,19.642857142857142,0.0,30.7,11,12,0.004143628839839485,0.3355348414038196,True
AHMPUL0C13,250731080011,250911030004,2025-07-31T16:08:01,2025-09-11T11:21:38,29.0,28.0,6.0,5.5,20.689655172413794,19.642857142857142,0.0,30.7,11,12,0.00792718206969635,0.33644850457571895,True
AHMPUL0C13,250901060008,250911030004,2025-09-01T14:31:59,2025-09-11T11:21:38,29.0,28.0,5.0,5.5,17.24137931034483,19.642857142857142,0.0,30.7,11,12,0.015461239279543938,0.31865931501040123,True
AHMPUL0C13,250910230011,250911030004,2025-09-11T07:52:22,2025-09-11T11:21:38,28.0,28.0,5.0,5.5,17.857142857142858,19.642857142857142,1.2333333333333334,30.7,11,12,0.012645204892357525,0.30986787705754903,True
AHMPUL0C13,250111000001,250911040005,2025-01-11T08:37:09,2025-09-11T12:59:28,30.0,31.0,7.0,6.5,23.333333333333332,20.967741935483872,12.783333333333333,17.416666666666668,12,10,0.31584112951329874,0.0055771202092728955,True
AHMPUL0C13,250120220007,250911040005,2025-01-21T06:04:58,2025-09-11T12:59:28,31.0,31.0,6.0,6.5,19.35483870967742,20.967741935483872,0.0,17.416666666666668,10,10,0.29905563001962737,0.018286840012163894,True
AHMPUL0C13,250121010002,250911040005,2025-01-21T09:11:20,2025-09-11T12:59:28,30.0,31.0,6.5,6.5,21.666666666666668,20.967741935483872,0.0,17.416666666666668,10,10,0.27482848750854816,0.012630414185316222,True
AHMPUL0C13,250310220011,250911040005,2025-03-11T06:30:15,2025-09-11T12:59:28,30.0,31.0,6.5,6.5,21.666666666666668,20.967741935483872,0.0,17.416666666666668,10,10,0.2996565053208322,0.020072409452182464,True
AHMPUL0C13,250311020004,250911040005,2025-03-11T10:43:44,2025-09-11T12:59:28,30.0,31.0,8.0,6.5,26.666666666666668,20.967741935483872,7.983333333333333,17.416666666666668,11,10,0.3047159417558581,0.00639914624416291,True
AHMPUL0C13,250311060007,250911040005,2025-03-11T14:17:44,2025-09-11T12:59:28,31.0,31.0,7.0,6.5,22.58064516129032,20.967741935483872,0.0,17.416666666666668,13,10,0.32616242593969336,0.051876044058133695,True
AHMPUL0C13,250320220012,250911040005,2025-03-21T06:02:37,2025-09-11T12:59:28,31.0,31.0,7.0,6.5,22.58064516129032,20.967741935483872,0.0,17.416666666666668,10,10,0.2157772369982707,0.021271090285682324,True
AHMPUL0C13,250321000002,250911040005,2025-03-21T08:53:36,2025-09-11T12:59:28,31.0,31.0,6.0,6.5,19.35483870967742,20.967741935483872,0.0,17.416666666666668,9,10,0.8814980487283983,0.022204725651615777,True
AHMPUL0C13,250321030006,250911040005,2025-03-21T11:23:27,2025-09-11T12:59:28,31.0,31.0,6.0,6.5,19.35483870967742,20.967741935483872,9.3,17.416666666666668,9,10,0.31964236502128135,0.01859297674840277,True
AHMPUL0C13,250330230001,250911040005,2025-03-31T07:24:49,2025-09-11T12:59:28,31.0,31.0,7.0,6.5,22.58064516129032,20.967741935483872,0.0,17.416666666666668,12,10,0.2930651968003292,0.03712441005617286,True
AHMPUL0C13,250520220015,250911040005,2025-05-21T06:40:10,2025-09-11T12:59:28,30.0,31.0,6.0,6.5,20.0,20.967741935483872,0.0,17.416666666666668,9,10,0.23943485900372888,0.03221069814480904,True
AHMPUL0C13,250521010002,250911040005,2025-05-21T09:16:36,2025-09-11T12:59:28,31.0,31.0,6.0,6.5,19.35483870967742,20.967741935483872,0.0,17.416666666666668,7,10,0.33634641112137587,0.006520842821022774,True
AHMPUL0C13,250521030005,250911040005,2025-05-21T11:58:11,2025-09-11T12:59:28,31.0,31.0,6.5,6.5,20.967741935483872,20.967741935483872,9.333333333333334,17.416666666666668,11,10,0.32377223550142015,0.01104523227406567,True
AHMPUL0C13,250521060007,250911040005,2025-05-21T14:29:19,2025-09-11T12:59:28,30.0,31.0,6.5,6.5,21.666666666666668,20.967741935483872,12.183333333333334,17.416666666666668,11,10,0.28464294915316984,0.006073777110759568,True
AHMPUL0C13,250701010002,250911040005,2025-07-01T09:24:46,2025-09-11T12:59:28,30.0,31.0,6.0,6.5,20.0,20.967741935483872,0.0,17.416666666666668,10,10,0.29775195492913026,0.021066784833964566,True
AHMPUL0C13,250701040006,250911040005,2025-07-01T12:10:18,2025-09-11T12:59:28,31.0,31.0,7.0,6.5,22.58064516129032,20.967741935483872,39.95,17.416666666666668,8,10,0.8797543517906866,0.011079795870633683,True
AHMPUL0C13,250710210010,250911040005,2025-07-11T05:57:31,2025-09-11T12:59:28,30.0,31.0,6.0,6.5,20.0,20.967741935483872,0.0,17.416666666666668,10,10,0.2442429459382612,0.017357774225431204,True
AHMPUL0C13,250711030005,250911040005,2025-07-11T11:11:21,2025-09-11T12:59:28,31.0,31.0,6.5,6.5,20.967741935483872,20.967741935483872,20.033333333333335,17.416666666666668,12,10,0.328719126407845,0.01347168843484208,True
AHMPUL0C13,250711060008,250911040005,2025-07-11T14:44:08,2025-09-11T12:59:28,36.0,31.0,7.0,6.5,19.444444444444446,20.967741935483872,23.316666666666666,17.416666666666668,10,10,0.2897712041326556,0.028986924092817386,True
AHMPUL0C13,250720210001,250911040005,2025-07-21T05:57:24,2025-09-11T12:59:28,30.0,31.0,6.0,6.5,20.0,20.967741935483872,0.0,17.416666666666668,11,10,0.20701349382847914,0.011339263221396586,True
AHMPUL0C13,250721010002,250911040005,2025-07-21T09:14:47,2025-09-11T12:59:28,30.0,31.0,6.0,6.5,20.0,20.967741935483872,0.0,17.416666666666668,9,10,0.3201859593401699,0.041308829100227866,True
AHMPUL0C13,250721050007,250911040005,2025-07-21T13:08:37,2025-09-11T12:59:28,30.0,31.0,6.0,6.5,20.0,20.967741935483872,0.0,17.416666666666668,11,10,0.34074607807726115,0.007802082043604985,True
AHMPUL0C13,250730220015,250911040005,2025-07-31T06:32:13,2025-09-11T12:59:28,30.0,31.0,6.5,6.5,21.666666666666668,20.967741935483872,0.0,17.416666666666668,8,10,0.32648065408343696,0.015408582127220979,True
AHMPUL0C13,250731050008,250911040005,2025-07-31T13:16:52,2025-09-11T12:59:28,31.0,31.0,6.0,6.5,19.35483870967742,20.967741935483872,2.1,17.416666666666668,9,10,0.872955703476184,0.03932812682407992,True
AHMPUL0C13,250901020004,250911040005,2025-09-01T10:30:09,2025-09-11T12:59:28,31.0,31.0,7.5,6.5,24.193548387096776,20.967741935483872,74.1,17.416666666666668,11,10,0.29909525296298173,0.02732315111699761,True
AHMPUL0C13,250910220010,250911040005,2025-09-11T06:04:49,2025-09-11T12:59:28,31.0,31.0,6.5,6.5,20.967741935483872,20.967741935483872,14.616666666666667,17.416666666666668,9,10,0.2298310591568043,0.01837989607008562,True
AHMPUL0C13,250111020002,250911060006,2025-01-11T10:07:29,2025-09-11T14:26:08,28.0,28.0,6.5,5.5,23.214285714285715,19.642857142857142,0.0,0.0,14,10,0.0055771202092728955,0.055029733937251434,True
AHMPUL0C13,250120230010,250911060006,2025-01-21T07:34:19,2025-09-11T14:26:08,28.0,28.0,5.5,5.5,19.642857142857142,19.642857142857142,3.933333333333333,0.0,12,10,0.02706902216099465,0.07842594641575544,True
AHMPUL0C13,250311000001,250911060006,2025-03-11T08:20:04,2025-09-11T14:26:08,29.0,28.0,5.5,5.5,18.96551724137931,19.642857142857142,0.0,0.0,10,10,0.009817065739519671,0.5605243920204287,True
AHMPUL0C13,250320230014,250911060006,2025-03-21T07:34:21,2025-09-11T14:26:08,28.0,28.0,5.5,5.5,19.642857142857142,19.642857142857142,0.0,0.0,11,10,0.015828646639940193,0.012210330084465489,True
AHMPUL0C13,250321040007,250911060006,2025-03-21T12:44:13,2025-09-11T14:26:08,28.0,28.0,6.0,5.5,21.428571428571427,19.642857142857142,0.0,0.0,10,10,0.01859297674840277,0.05740797012424628,True
AHMPUL0C13,250521000001,250911060006,2025-05-21T08:06:46,2025-09-11T14:26:08,28.0,28.0,5.0,5.5,17.857142857142858,19.642857142857142,0.0,0.0,10,10,0.03221069814480904,0.014560178075681928,True
AHMPUL0C13,250521050006,250911060006,2025-05-21T13:18:08,2025-09-11T14:26:08,28.0,28.0,6.0,5.5,21.428571428571427,19.642857142857142,0.0,0.0,11,10,0.01104523227406567,0.06358418356232973,True
AHMPUL0C13,250521070008,250911060006,2025-05-21T15:56:20,2025-09-11T14:26:08,29.0,28.0,5.5,5.5,18.96551724137931,19.642857142857142,0.0,0.0,11,10,0.006073777110759568,0.008228424571695703,True
AHMPUL0C13,250701050007,250911060006,2025-07-01T13:58:49,2025-09-11T14:26:08,28.0,28.0,5.0,5.5,17.857142857142858,19.642857142857142,0.0,0.0,11,10,0.011079795870633683,0.062331675684779424,True
AHMPUL0C13,250710230012,250911060006,2025-07-11T07:35:54,2025-09-11T14:26:08,29.0,28.0,5.5,5.5,18.96551724137931,19.642857142857142,0.0,0.0,8,10,0.0018937191829782943,0.049121584790452415,True
AHMPUL0C13,250711050006,250911060006,2025-07-11T13:00:53,2025-09-11T14:26:08,28.0,28.0,5.5,5.5,19.642857142857142,19.642857142857142,0.0,0.0,8,10,0.01347168843484208,0.06126105189462323,True
AHMPUL0C13,250720230003,250911060006,2025-07-21T07:34:50,2025-09-11T14:26:08,29.0,28.0,5.0,5.5,17.24137931034483,19.642857142857142,0.0,0.0,7,10,0.028691583538631583,0.01650287893296599,True
AHMPUL0C13,250721060008,250911060006,2025-07-21T14:55:05,2025-09-11T14:26:08,28.0,28.0,5.5,5.5,19.642857142857142,19.642857142857142,4.25,0.0,10,10,0.007802082043604985,0.07949842659530397,True
AHMPUL0C13,250730230016,250911060006,2025-07-31T07:36:50,2025-09-11T14:26:08,28.0,28.0,6.0,5.5,21.428571428571427,19.642857142857142,0.0,0.0,9,10,0.015408582127220979,0.06897369347630371,True
AHMPUL0C13,250731030006,250911060006,2025-07-31T11:41:45,2025-09-11T14:26:08,28.0,28.0,5.0,5.5,17.857142857142858,19.642857142857142,0.0,0.0,11,10,0.012564441213206733,0.01504825946889847,True
AHMPUL0C13,250731080011,250911060006,2025-07-31T16:08:01,2025-09-11T14:26:08,29.0,28.0,6.0,5.5,20.689655172413794,19.642857142857142,0.0,0.0,11,10,0.021698417516789227,0.014390955946810243,True
AHMPUL0C13,250901060008,250911060006,2025-09-01T14:31:59,2025-09-11T14:26:08,29.0,28.0,5.0,5.5,17.24137931034483,19.642857142857142,0.0,0.0,11,10,0.02386432950717248,0.008011919301353978,True
AHMPUL0C13,250910230011,250911060006,2025-09-11T07:52:22,2025-09-11T14:26:08,28.0,28.0,5.0,5.5,17.857142857142858,19.642857142857142,1.2333333333333334,0.0,11,10,0.019297745081016213,0.05317113919610796,True
AHMPUL0C13,250911030004,250911060006,2025-09-11T11:21:38,2025-09-11T14:26:08,28.0,28.0,5.5,5.5,19.642857142857142,19.642857142857142,30.7,0.0,12,10,0.013873117747813031,0.32333473600541573,True
AHMPUL0C13,250111000001,250929220006,2025-01-11T08:37:09,2025-09-30T06:36:49,30.0,31.0,7.0,7.5,23.333333333333332,24.193548387096776,12.783333333333333,67.48333333333333,12,12,0.026217383211174245,0.02018457221219373,True
AHMPUL0C13,250120220007,250929220006,2025-01-21T06:04:58,2025-09-30T06:36:49,31.0,31.0,6.0,7.5,19.35483870967742,24.193548387096776,0.0,67.48333333333333,10,12,0.08281173057626096,0.03327054997486147,True
AHMPUL0C13,250121010002,250929220006,2025-01-21T09:11:20,2025-09-30T06:36:49,30.0,31.0,6.5,7.5,21.666666666666668,24.193548387096776,0.0,67.48333333333333,10,12,0.09162037353048112,0.024925426664920453,True
AHMPUL0C13,250310220011,250929220006,2025-03-11T06:30:15,2025-09-30T06:36:49,30.0,31.0,6.5,7.5,21.666666666666668,24.193548387096776,0.0,67.48333333333333,10,12,0.07474587566652022,0.03377442227213912,True
AHMPUL0C13,250311020004,250929220006,2025-03-11T10:43:44,2025-09-30T06:36:49,30.0,31.0,8.0,7.5,26.666666666666668,24.193548387096776,7.983333333333333,67.48333333333333,11,12,0.07826085516003918,0.017992853593245366,True
AHMPUL0C13,250311060007,250929220006,2025-03-11T14:17:44,2025-09-30T06:36:49,31.0,31.0,7.0,7.5,22.58064516129032,24.193548387096776,0.0,67.48333333333333,13,12,0.04418978872711732,0.039456310611648275,True
AHMPUL0C13,250320220012,250929220006,2025-03-21T06:02:37,2025-09-30T06:36:49,31.0,31.0,7.0,7.5,22.58064516129032,24.193548387096776,0.0,67.48333333333333,10,12,0.12667583155759515,0.03200958969756994,True
AHMPUL0C13,250321000002,250929220006,2025-03-21T08:53:36,2025-09-30T06:36:49,31.0,31.0,6.0,7.5,19.35483870967742,24.193548387096776,0.0,67.48333333333333,9,12,0.5443892885682001,0.03623989197691092,True
AHMPUL0C13,250321030006,250929220006,2025-03-21T11:23:27,2025-09-30T06:36:49,31.0,31.0,6.0,7.5,19.35483870967742,24.193548387096776,9.3,67.48333333333333,9,12,0.02356757401959218,0.03006121483058675,True
AHMPUL0C13,250330230001,250929220006,2025-03-31T07:24:49,2025-09-30T06:36:49,31.0,31.0,7.0,7.5,22.58064516129032,24.193548387096776,0.0,67.48333333333333,12,12,0.09146301860654533,0.027506580530384236,True
AHMPUL0C13,250520220015,250929220006,2025-05-21T06:40:10,2025-09-30T06:36:49,30.0,31.0,6.0,7.5,20.0,24.193548387096776,0.0,67.48333333333333,9,12,0.10662718424841866,0.03883483069297939,True
AHMPUL0C13,250521010002,250929220006,2025-05-21T09:16:36,2025-09-30T06:36:49,31.0,31.0,6.0,7.5,19.35483870967742,24.193548387096776,0.0,67.48333333333333,7,12,0.008754985113177268,0.022476248474647242,True
AHMPUL0C13,250521030005,250929220006,2025-05-21T11:58:11,2025-09-30T06:36:49,31.0,31.0,6.5,7.5,20.967741935483872,24.193548387096776,9.333333333333334,67.48333333333333,11,12,0.017700437664723498,0.025538220940886258,True
AHMPUL0C13,250521060007,250929220006,2025-05-21T14:29:19,2025-09-30T06:36:49,30.0,31.0,6.5,7.5,21.666666666666668,24.193548387096776,12.183333333333334,67.48333333333333,11,12,0.07682115123597022,0.020849876636919475,True
AHMPUL0C13,250701010002,250929220006,2025-07-01T09:24:46,2025-09-30T06:36:49,30.0,31.0,6.0,7.5,20.0,24.193548387096776,0.0,67.48333333333333,10,12,0.06663638844663516,0.0074844756942416555,True
AHMPUL0C13,250701040006,250929220006,2025-07-01T12:10:18,2025-09-30T06:36:49,31.0,31.0,7.0,7.5,22.58064516129032,24.193548387096776,39.95,67.48333333333333,8,12,0.5431960118415184,0.023953894427016342,True
AHMPUL0C13,250710210010,250929220006,2025-07-11T05:57:31,2025-09-30T06:36:49,30.0,31.0,6.0,7.5,20.0,24.193548387096776,0.0,67.48333333333333,10,12,0.1082008390991099,0.027017620658301163,True
AHMPUL0C13,250711030005,250929220006,2025-07-11T11:11:21,2025-09-30T06:36:49,31.0,31.0,6.5,7.5,20.967741935483872,24.193548387096776,20.033333333333335,67.48333333333333,12,12,0.021937674253495264,0.02619663570385816,True
AHMPUL0C13,250711060008,250929220006,2025-07-11T14:44:08,2025-09-30T06:36:49,36.0,31.0,7.0,7.5,19.444444444444446,24.193548387096776,23.316666666666666,67.48333333333333,10,12,0.07148311742902004,0.03936402980492946,True
AHMPUL0C13,250720210001,250929220006,2025-07-21T05:57:24,2025-09-30T06:36:49,30.0,31.0,6.0,7.5,20.0,24.193548387096776,0.0,67.48333333333333,11,12,0.14148608100488735,0.023286848759787256,True
AHMPUL0C13,250721010002,250929220006,2025-07-21T09:14:47,2025-09-30T06:36:49,30.0,31.0,6.0,7.5,20.0,24.193548387096776,0.0,67.48333333333333,9,12,0.06709951954257141,0.0463376761860335,True
AHMPUL0C13,250721050007,250929220006,2025-07-21T13:08:37,2025-09-30T06:36:49,30.0,31.0,6.0,7.5,20.0,24.193548387096776,0.0,67.48333333333333,11,12,0.02685431365046782,0.010171637416515032,True
AHMPUL0C13,250730220015,250929220006,2025-07-31T06:32:13,2025-09-30T06:36:49,30.0,31.0,6.5,7.5,21.666666666666668,24.193548387096776,0.0,67.48333333333333,8,12,0.021538576787000434,0.023864331358262273,True
AHMPUL0C13,250731050008,250929220006,2025-07-31T13:16:52,2025-09-30T06:36:49,31.0,31.0,6.0,7.5,19.35483870967742,24.193548387096776,2.1,67.48333333333333,9,12,0.535796777693643,0.051313724304291396,True
AHMPUL0C13,250901020004,250929220006,2025-09-01T10:30:09,2025-09-30T06:36:49,31.0,31.0,7.5,7.5,24.193548387096776,24.193548387096776,74.1,67.48333333333333,11,12,0.06361417029946302,0.033261709473149756,True
AHMPUL0C13,250910220010,250929220006,2025-09-11T06:04:49,2025-09-30T06:36:49,31.0,31.0,6.5,7.5,20.967741935483872,24.193548387096776,14.616666666666667,67.48333333333333,9,12,0.1249454609853793,0.0078055233425467566,True
AHMPUL0C13,250911040005,250929220006,2025-09-11T12:59:28,2025-09-30T06:36:49,31.0,31.0,6.5,7.5,20.967741935483872,24.193548387096776,17.416666666666668,67.48333333333333,10,12,0.3414716022215492,0.0162936843818065,True
AHMPUL0C13,250111020002,250930010002,2025-01-11T10:07:29,2025-09-30T09:35:02,28.0,28.0,6.5,6.0,23.214285714285715,21.428571428571427,0.0,54.4,14,13,0.024611269355328383,0.07534973195091134,True
AHMPUL0C13,250120230010,250930010002,2025-01-21T07:34:19,2025-09-30T09:35:02,28.0,28.0,5.5,6.0,19.642857142857142,21.428571428571427,3.933333333333333,54.4,12,13,0.03633300429637795,0.051550453519026866,True
AHMPUL0C13,250311000001,250930010002,2025-03-11T08:20:04,2025-09-30T09:35:02,29.0,28.0,5.5,6.0,18.96551724137931,21.428571428571427,0.0,54.4,10,13,0.009471639623091405,0.5658136889567967,True
AHMPUL0C13,250320230014,250930010002,2025-03-21T07:34:21,2025-09-30T09:35:02,28.0,28.0,5.5,6.0,19.642857142857142,21.428571428571427,0.0,54.4,11,13,0.020926194290513053,0.04035123403984976,True
AHMPUL0C13,250321040007,250930010002,2025-03-21T12:44:13,2025-09-30T09:35:02,28.0,28.0,6.0,6.0,21.428571428571427,21.428571428571427,0.0,54.4,10,13,0.03771670771285196,0.029272803519792757,True
AHMPUL0C13,250521000001,250930010002,2025-05-21T08:06:46,2025-09-30T09:35:02,28.0,28.0,5.0,6.0,17.857142857142858,21.428571428571427,0.0,54.4,10,13,0.051121809639485434,0.03826080254702662,True
AHMPUL0C13,250521050006,250930010002,2025-05-21T13:18:08,2025-09-30T09:35:02,28.0,28.0,6.0,6.0,21.428571428571427,21.428571428571427,0.0,54.4,11,13,0.029594707833980573,0.03680040526294626,True
AHMPUL0C13,250521070008,250930010002,2025-05-21T15:56:20,2025-09-30T09:35:02,29.0,28.0,5.5,6.0,18.96551724137931,21.428571428571427,0.0,54.4,11,13,0.024997090874995482,0.034562591595318194,True
AHMPUL0C13,250701050007,250930010002,2025-07-01T13:58:49,2025-09-30T09:35:02,28.0,28.0,5.0,6.0,17.857142857142858,21.428571428571427,0.0,54.4,11,13,0.030185891581162326,0.03529366803637716,True
AHMPUL0C13,250710230012,250930010002,2025-07-11T07:35:54,2025-09-30T09:35:02,29.0,28.0,5.5,6.0,18.96551724137931,21.428571428571427,0.0,54.4,8,13,0.019973914512516684,0.07644708791470259,True
AHMPUL0C13,250711050006,250930010002,2025-07-11T13:00:53,2025-09-30T09:35:02,28.0,28.0,5.5,6.0,19.642857142857142,21.428571428571427,0.0,54.4,8,13,0.03252499376201834,0.03498231450704431,True
AHMPUL0C13,250720230003,250930010002,2025-07-21T07:34:50,2025-09-30T09:35:02,29.0,28.0,5.0,6.0,17.24137931034483,21.428571428571427,0.0,54.4,7,13,0.04465405286482563,0.013905390959183365,True
AHMPUL0C13,250721060008,250930010002,2025-07-21T14:55:05,2025-09-30T09:35:02,28.0,28.0,5.5,6.0,19.642857142857142,21.428571428571427,4.25,54.4,10,13,0.0213884155818256,0.08375351215102853,True
AHMPUL0C13,250730230016,250930010002,2025-07-31T07:36:50,2025-09-30T09:35:02,28.0,28.0,6.0,6.0,21.428571428571427,21.428571428571427,0.0,54.4,9,13,0.03426461746615768,0.040838761427406896,True
AHMPUL0C13,250731030006,250930010002,2025-07-31T11:41:45,2025-09-30T09:35:02,28.0,28.0,5.0,6.0,17.857142857142858,21.428571428571427,0.0,54.4,11,13,0.01884642239779577,0.028273819848563246,True
AHMPUL0C13,250731080011,250930010002,2025-07-31T16:08:01,2025-09-30T09:35:02,29.0,28.0,6.0,6.0,20.689655172413794,21.428571428571427,0.0,54.4,11,13,0.01943187861532049,0.030879746200057647,True
AHMPUL0C13,250901060008,250930010002,2025-09-01T14:31:59,2025-09-30T09:35:02,29.0,28.0,5.0,6.0,17.24137931034483,21.428571428571427,0.0,54.4,11,13,0.03061747566418249,0.02049185504595682,True
AHMPUL0C13,250910230011,250930010002,2025-09-11T07:52:22,2025-09-30T09:35:02,28.0,28.0,5.0,6.0,17.857142857142858,21.428571428571427,1.2333333333333334,54.4,11,13,0.02791454999026789,0.02507846540390473,True
AHMPUL0C13,250911030004,250930010002,2025-09-11T11:21:38,2025-09-30T09:35:02,28.0,28.0,5.5,6.0,19.642857142857142,21.428571428571427,30.7,54.4,12,13,0.015292582097607529,0.31405794335952664,True
AHMPUL0C13,250911060006,250930010002,2025-09-11T14:26:08,2025-09-30T09:35:02,28.0,28.0,5.5,6.0,19.642857142857142,21.428571428571427,0.0,54.4,10,13,0.019170265866939123,0.028142326498788364,True
AHMPUL0C13,250111000001,250930030003,2025-01-11T08:37:09,2025-09-30T11:45:29,30.0,31.0,7.0,6.5,23.333333333333332,20.967741935483872,12.783333333333333,27.666666666666668,12,13,0.017686824817923445,0.011314924128020102,True
AHMPUL0C13,250120220007,250930030003,2025-01-21T06:04:58,2025-09-30T11:45:29,31.0,31.0,6.0,6.5,19.35483870967742,20.967741935483872,0.0,27.666666666666668,10,13,0.09106567804860245,0.008067444977410836,True
AHMPUL0C13,250121010002,250930030003,2025-01-21T09:11:20,2025-09-30T11:45:29,30.0,31.0,6.5,6.5,21.666666666666668,20.967741935483872,0.0,27.666666666666668,10,13,0.05454657336679216,0.014758763785112207,True
AHMPUL0C13,250310220011,250930030003,2025-03-11T06:30:15,2025-09-30T11:45:29,30.0,31.0,6.5,6.5,21.666666666666668,20.967741935483872,0.0,27.666666666666668,10,13,0.08236297121818559,0.01606888582166252,True
AHMPUL0C13,250311020004,250930030003,2025-03-11T10:43:44,2025-09-30T11:45:29,30.0,31.0,8.0,6.5,26.666666666666668,20.967741935483872,7.983333333333333,27.666666666666668,11,13,0.044665110621844466,0.014788192456362204,True
AHMPUL0C13,250311060007,250930030003,2025-03-11T14:17:44,2025-09-30T11:45:29,31.0,31.0,7.0,6.5,22.58064516129032,20.967741935483872,0.0,27.666666666666668,13,13,0.021259805266381576,0.06182936074521563,True
AHMPUL0C13,250320220012,250930030003,2025-03-21T06:02:37,2025-09-30T11:45:29,31.0,31.0,7.0,6.5,22.58064516129032,20.967741935483872,0.0,27.666666666666668,10,13,0.09719067154080797,0.017306306990052846,True
AHMPUL0C13,250321000002,250930030003,2025-03-21T08:53:36,2025-09-30T11:45:29,31.0,31.0,6.0,6.5,19.35483870967742,20.967741935483872,0.0,27.666666666666668,9,13,0.5692862546075119,0.01690544032301432,True
AHMPUL0C13,250321030006,250930030003,2025-03-21T11:23:27,2025-09-30T11:45:29,31.0,31.0,6.0,6.5,19.35483870967742,20.967741935483872,9.3,27.666666666666668,9,13,0.03206766420226802,0.0187279887730924,True
AHMPUL0C13,250330230001,250930030003,2025-03-31T07:24:49,2025-09-30T11:45:29,31.0,31.0,7.0,6.5,22.58064516129032,20.967741935483872,0.0,27.666666666666668,12,13,0.09798326472003055,0.046124302637753974,True
AHMPUL0C13,250520220015,250930030003,2025-05-21T06:40:10,2025-09-30T11:45:29,30.0,31.0,6.0,6.5,20.0,20.967741935483872,0.0,27.666666666666668,9,13,0.07412023012572401,0.03426499892738214,True
AHMPUL0C13,250521010002,250930030003,2025-05-21T09:16:36,2025-09-30T11:45:29,31.0,31.0,6.0,6.5,19.35483870967742,20.967741935483872,0.0,27.666666666666668,7,13,0.03826080254702662,0.008004161640624055,True
AHMPUL0C13,250521030005,250930030003,2025-05-21T11:58:11,2025-09-30T11:45:29,31.0,31.0,6.5,6.5,20.967741935483872,20.967741935483872,9.333333333333334,27.666666666666668,11,13,0.025611297949397826,0.010585296428470203,True
AHMPUL0C13,250521060007,250930030003,2025-05-21T14:29:19,2025-09-30T11:45:29,30.0,31.0,6.5,6.5,21.666666666666668,20.967741935483872,12.183333333333334,27.666666666666668,11,13,0.03974736197597957,0.010839424207289769,True
AHMPUL0C13,250701010002,250930030003,2025-07-01T09:24:46,2025-09-30T11:45:29,30.0,31.0,6.0,6.5,20.0,20.967741935483872,0.0,27.666666666666668,10,13,0.03019189833581912,0.0338104840258618,True
AHMPUL0C13,250701040006,250930030003,2025-07-01T12:10:18,2025-09-30T11:45:29,31.0,31.0,7.0,6.5,22.58064516129032,20.967741935483872,39.95,27.666666666666668,8,13,0.5677543601627039,0.013518541589477236,True
AHMPUL0C13,250710210010,250930030003,2025-07-11T05:57:31,2025-09-30T11:45:29,30.0,31.0,6.0,6.5,20.0,20.967741935483872,0.0,27.666666666666668,10,13,0.07323910860666621,0.016434029766707853,True
AHMPUL0C13,250711030005,250930030003,2025-07-11T11:11:21,2025-09-30T11:45:29,31.0,31.0,6.5,6.5,20.967741935483872,20.967741935483872,20.033333333333335,27.666666666666668,12,13,0.01695454635650829,0.01439230213527032,True
AHMPUL0C13,250711060008,250930030003,2025-07-11T14:44:08,2025-09-30T11:45:29,36.0,31.0,7.0,6.5,19.444444444444446,20.967741935483872,23.316666666666666,27.666666666666668,10,13,0.03444717078167337,0.023529597636159413,True
AHMPUL0C13,250720210001,250930030003,2025-07-21T05:57:24,2025-09-30T11:45:29,30.0,31.0,6.0,6.5,20.0,20.967741935483872,0.0,27.666666666666668,11,13,0.10852495939741592,0.011614573658705052,True
AHMPUL0C13,250721010002,250930030003,2025-07-21T09:14:47,2025-09-30T11:45:29,30.0,31.0,6.0,6.5,20.0,20.967741935483872,0.0,27.666666666666668,9,13,0.038796829855865626,0.04364768066153708,True
AHMPUL0C13,250721050007,250930030003,2025-07-21T13:08:37,2025-09-30T11:45:29,30.0,31.0,6.0,6.5,20.0,20.967741935483872,0.0,27.666666666666668,11,13,0.027928350218225928,0.0203567898234852,True
AHMPUL0C13,250730220015,250930030003,2025-07-31T06:32:13,2025-09-30T11:45:29,30.0,31.0,6.5,6.5,21.666666666666668,20.967741935483872,0.0,27.666666666666668,8,13,0.01591699654715342,0.020342872983417165,True
AHMPUL0C13,250731050008,250930030003,2025-07-31T13:16:52,2025-09-30T11:45:29,31.0,31.0,6.0,6.5,19.35483870967742,20.967741935483872,2.1,27.666666666666668,9,13,0.5607191693676912,0.030786885055125324,True
AHMPUL0C13,250901020004,250930030003,2025-09-01T10:30:09,2025-09-30T11:45:29,31.0,31.0,7.5,6.5,24.193548387096776,20.967741935483872,74.1,27.666666666666668,11,13,0.027115506143548563,0.030836350121003123,True
AHMPUL0C13,250910220010,250930030003,2025-09-11T06:04:49,2025-09-30T11:45:29,31.0,31.0,6.5,6.5,20.967741935483872,20.967741935483872,14.616666666666667,27.666666666666668,9,13,0.08990301622644256,0.03092676491102309,True
AHMPUL0C13,250911040005,250930030003,2025-09-11T12:59:28,2025-09-30T11:45:29,31.0,31.0,6.5,6.5,20.967741935483872,20.967741935483872,17.416666666666668,27.666666666666668,10,13,0.3128969193766634,0.012833094011745575,True
AHMPUL0C13,250929220006,250930030003,2025-09-30T06:36:49,2025-09-30T11:45:29,31.0,31.0,7.5,6.5,24.193548387096776,20.967741935483872,67.48333333333333,27.666666666666668,12,13,0.03707421196179121,0.029031859380436082,True
AHMPUL0C13,250111020002,250930050004,2025-01-11T10:07:29,2025-09-30T13:36:37,28.0,28.0,6.5,5.0,23.214285714285715,17.857142857142858,0.0,0.0,14,10,0.011074702301869629,0.0542454879747284,True
AHMPUL0C13,250120230010,250930050004,2025-01-21T07:34:19,2025-09-30T13:36:37,28.0,28.0,5.5,5.0,19.642857142857142,17.857142857142858,3.933333333333333,0.0,12,10,0.03873378450386706,0.08646663753788084,True
AHMPUL0C13,250311000001,250930050004,2025-03-11T08:20:04,2025-09-30T13:36:37,29.0,28.0,5.5,5.0,18.96551724137931,17.857142857142858,0.0,0.0,10,10,0.018318718504884646,0.5556616207295014,True
AHMPUL0C13,250320230014,250930050004,2025-03-21T07:34:21,2025-09-30T13:36:37,28.0,28.0,5.5,5.0,19.642857142857142,17.857142857142858,0.0,0.0,11,10,0.028328223870495932,0.006289689170145865,True
AHMPUL0C13,250321040007,250930050004,2025-03-21T12:44:13,2025-09-30T13:36:37,28.0,28.0,6.0,5.0,21.428571428571427,17.857142857142858,0.0,0.0,10,10,0.018713128055032297,0.06490331331675002,True
AHMPUL0C13,250521000001,250930050004,2025-05-21T08:06:46,2025-09-30T13:36:37,28.0,28.0,5.0,5.0,17.857142857142858,17.857142857142858,0.0,0.0,10,10,0.03425254717048762,0.008341370924853845,True
AHMPUL0C13,250521050006,250930050004,2025-05-21T13:18:08,2025-09-30T13:36:37,28.0,28.0,6.0,5.0,21.428571428571427,17.857142857142858,0.0,0.0,11,10,0.01049202423835645,0.07161617150915278,True
AHMPUL0C13,250521070008,250930050004,2025-05-21T15:56:20,2025-09-30T13:36:37,29.0,28.0,5.5,5.0,18.96551724137931,17.857142857142858,0.0,0.0,11,10,0.010609418241336075,0.00237681813285351,True
AHMPUL0C13,250701050007,250930050004,2025-07-01T13:58:49,2025-09-30T13:36:37,28.0,28.0,5.0,5.0,17.857142857142858,17.857142857142858,0.0,0.0,11,10,0.013393114130754467,0.0703184822483459,True
AHMPUL0C13,250710230012,250930050004,2025-07-11T07:35:54,2025-09-30T13:36:37,29.0,28.0,5.5,5.0,18.96551724137931,17.857142857142858,0.0,0.0,8,10,0.014092207052814021,0.04362125367097974,True
AHMPUL0C13,250711050006,250930050004,2025-07-11T13:00:53,2025-09-30T13:36:37,28.0,28.0,5.5,5.0,19.642857142857142,17.857142857142858,0.0,0.0,8,10,0.014318661217063015,0.06935322436650822,True
AHMPUL0C13,250720230003,250930050004,2025-07-21T07:34:50,2025-09-30T13:36:37,29.0,28.0,5.0,5.0,17.24137931034483,17.857142857142858,0.0,0.0,7,10,0.03654725353108586,0.02289456059193956,True
AHMPUL0C13,250721060008,250930050004,2025-07-21T14:55:05,2025-09-30T13:36:37,28.0,28.0,5.5,5.0,19.642857142857142,17.857142857142858,4.25,0.0,10,10,0.02005480776788726,0.08372367471422607,True
AHMPUL0C13,250730230016,250930050004,2025-07-31T07:36:50,2025-09-30T13:36:37,28.0,28.0,6.0,5.0,21.428571428571427,17.857142857142858,0.0,0.0,9,10,0.020213915244527977,0.07645865407310887,True
AHMPUL0C13,250731030006,250930050004,2025-07-31T11:41:45,2025-09-30T13:36:37,28.0,28.0,5.0,5.0,17.857142857142858,17.857142857142858,0.0,0.0,11,10,0.025029203919424266,0.015566497232090495,True
AHMPUL0C13,250731080011,250930050004,2025-07-31T16:08:01,2025-09-30T13:36:37,29.0,28.0,6.0,5.0,20.689655172413794,17.857142857142858,0.0,0.0,11,10,0.03372052260169264,0.013379536460927769,True
AHMPUL0C13,250901060008,250930050004,2025-09-01T14:31:59,2025-09-30T13:36:37,29.0,28.0,5.0,5.0,17.24137931034483,17.857142857142858,0.0,0.0,11,10,0.03615503853561436,0.016154500268063688,True
AHMPUL0C13,250910230011,250930050004,2025-09-11T07:52:22,2025-09-30T13:36:37,28.0,28.0,5.0,5.0,17.857142857142858,17.857142857142858,1.2333333333333334,0.0,11,10,0.03150142373759579,0.06048177222889596,True
AHMPUL0C13,250911030004,250930050004,2025-09-11T11:21:38,2025-09-30T13:36:37,28.0,28.0,5.5,5.0,19.642857142857142,17.857142857142858,30.7,0.0,12,10,0.02579334293025837,0.32956975061327537,True
AHMPUL0C13,250911060006,250930050004,2025-09-11T14:26:08,2025-09-30T13:36:37,28.0,28.0,5.5,5.0,19.642857142857142,17.857142857142858,0.0,0.0,10,10,0.01251555570695156,0.00823811130788265,True
AHMPUL0C13,250930010002,250930050004,2025-09-30T09:35:02,2025-09-30T13:36:37,28.0,28.0,6.0,5.0,21.428571428571427,17.857142857142858,54.4,0.0,13,10,0.025204852585001845,0.03567426514675652,True
AHMPUL0C13,250111000001,251031220008,2025-01-11T08:37:09,2025-11-01T06:33:33,30.0,31.0,7.0,6.0,23.333333333333332,19.35483870967742,12.783333333333333,0.0,12,11,0.086673959831792,0.024120553440594685,True
AHMPUL0C13,250120220007,251031220008,2025-01-21T06:04:58,2025-11-01T06:33:33,31.0,31.0,6.0,6.0,19.35483870967742,19.35483870967742,0.0,0.0,10,11,0.10046474974856412,0.04261604224327896,True
AHMPUL0C13,250121010002,251031220008,2025-01-21T09:11:20,2025-11-01T06:33:33,30.0,31.0,6.5,6.0,21.666666666666668,19.35483870967742,0.0,0.0,10,11,0.058723890506684445,0.022551609016611802,True
AHMPUL0C13,250310220011,251031220008,2025-03-11T06:30:15,2025-11-01T06:33:33,30.0,31.0,6.5,6.0,21.666666666666668,19.35483870967742,0.0,0.0,10,11,0.09562257625365696,0.029665130231674962,True
AHMPUL0C13,250311020004,251031220008,2025-03-11T10:43:44,2025-11-01T06:33:33,30.0,31.0,8.0,6.0,26.666666666666668,19.35483870967742,7.983333333333333,0.0,11,11,0.08592041233539895,0.02068900112703335,True
AHMPUL0C13,250311060007,251031220008,2025-03-11T14:17:44,2025-11-01T06:33:33,31.0,31.0,7.0,6.0,22.58064516129032,19.35483870967742,0.0,0.0,13,11,0.09819001622007595,0.057432052255516584,True
AHMPUL0C13,250320220012,251031220008,2025-03-21T06:02:37,2025-11-01T06:33:33,31.0,31.0,7.0,6.0,22.58064516129032,19.35483870967742,0.0,0.0,10,11,0.014029742938736926,0.04636767294227928,True
AHMPUL0C13,250321000002,251031220008,2025-03-21T08:53:36,2025-11-01T06:33:33,31.0,31.0,6.0,6.0,19.35483870967742,19.35483870967742,0.0,0.0,9,11,0.6524623695566465,0.03205639969081954,True
AHMPUL0C13,250321030006,251031220008,2025-03-21T11:23:27,2025-11-01T06:33:33,31.0,31.0,6.0,6.0,19.35483870967742,19.35483870967742,9.3,0.0,9,11,0.09257679950394647,0.023766233320895627,True
AHMPUL0C13,250330230001,251031220008,2025-03-31T07:24:49,2025-11-01T06:33:33,31.0,31.0,7.0,6.0,22.58064516129032,19.35483870967742,0.0,0.0,12,11,0.1003748387374613,0.04773313369686815,True
AHMPUL0C13,250520220015,251031220008,2025-05-21T06:40:10,2025-11-01T06:33:33,30.0,31.0,6.0,6.0,20.0,19.35483870967742,0.0,0.0,9,11,0.015694938532266254,0.023346326171254986,True
AHMPUL0C13,250521010002,251031220008,2025-05-21T09:16:36,2025-11-01T06:33:33,31.0,31.0,6.0,6.0,19.35483870967742,19.35483870967742,0.0,0.0,7,11,0.10864728569413805,0.0274195950498252,True
AHMPUL0C13,250521030005,251031220008,2025-05-21T11:58:11,2025-11-01T06:33:33,31.0,31.0,6.5,6.0,20.967741935483872,19.35483870967742,9.333333333333334,0.0,11,11,0.09521220829687568,0.026103960343586058,True
AHMPUL0C13,250521060007,251031220008,2025-05-21T14:29:19,2025-11-01T06:33:33,30.0,31.0,6.5,6.0,21.666666666666668,19.35483870967742,12.183333333333334,0.0,11,11,0.06169481511687761,0.02454736559551265,True
AHMPUL0C13,250701010002,251031220008,2025-07-01T09:24:46,2025-11-01T06:33:33,30.0,31.0,6.0,6.0,20.0,19.35483870967742,0.0,0.0,10,11,0.07303997747389297,0.015341375862166528,True
AHMPUL0C13,250701040006,251031220008,2025-07-01T12:10:18,2025-11-01T06:33:33,31.0,31.0,7.0,6.0,22.58064516129032,19.35483870967742,39.95,0.0,8,11,0.6508941939174111,0.02299044743955056,True
AHMPUL0C13,250710210010,251031220008,2025-07-11T05:57:31,2025-11-01T06:33:33,30.0,31.0,6.0,6.0,20.0,19.35483870967742,0.0,0.0,10,11,0.029599526626759257,0.042076151883197854,True
AHMPUL0C13,250711030005,251031220008,2025-07-11T11:11:21,2025-11-01T06:33:33,31.0,31.0,6.5,6.0,20.967741935483872,19.35483870967742,20.033333333333335,0.0,12,11,0.09892510745894537,0.023674990863520297,True
AHMPUL0C13,250711060008,251031220008,2025-07-11T14:44:08,2025-11-01T06:33:33,36.0,31.0,7.0,6.0,19.444444444444446,19.35483870967742,23.316666666666666,0.0,10,11,0.06545238393503726,0.05411721861251702,True
AHMPUL0C13,250720210001,251031220008,2025-07-21T05:57:24,2025-11-01T06:33:33,30.0,31.0,6.0,6.0,20.0,19.35483870967742,0.0,0.0,11,11,0.0331310096897526,0.036415761644953505,True
AHMPUL0C13,250721010002,251031220008,2025-07-21T09:14:47,2025-11-01T06:33:33,30.0,31.0,6.0,6.0,20.0,19.35483870967742,0.0,0.0,9,11,0.09774721783532359,0.028271273927448937,True
AHMPUL0C13,250721050007,251031220008,2025-07-21T13:08:37,2025-11-01T06:33:33,30.0,31.0,6.0,6.0,20.0,19.35483870967742,0.0,0.0,11,11,0.11114061087645564,0.01857049435950103,True
AHMPUL0C13,250730220015,251031220008,2025-07-31T06:32:13,2025-11-01T06:33:33,30.0,31.0,6.5,6.0,21.666666666666668,19.35483870967742,0.0,0.0,8,11,0.09671732065021438,0.01729772555368508,True
AHMPUL0C13,250731050008,251031220008,2025-07-31T13:16:52,2025-11-01T06:33:33,31.0,31.0,6.0,6.0,19.35483870967742,19.35483870967742,2.1,0.0,9,11,0.6438986595464831,0.06449009797717921,True
AHMPUL0C13,250901020004,251031220008,2025-09-01T10:30:09,2025-11-01T06:33:33,31.0,31.0,7.5,6.0,24.193548387096776,19.35483870967742,74.1,0.0,11,11,0.07347049822019867,0.018427401059932277,True
AHMPUL0C13,250910220010,251031220008,2025-09-11T06:04:49,2025-11-01T06:33:33,31.0,31.0,6.5,6.0,20.967741935483872,19.35483870967742,14.616666666666667,0.0,9,11,0.03332314433078125,0.013128764811983223,True
AHMPUL0C13,250911040005,251031220008,2025-09-11T12:59:28,2025-11-01T06:33:33,31.0,31.0,6.5,6.0,20.967741935483872,19.35483870967742,17.416666666666668,0.0,10,11,0.22979585687287496,0.025222785788454598,True
AHMPUL0C13,250929220006,251031220008,2025-09-30T06:36:49,2025-11-01T06:33:33,31.0,31.0,7.5,6.0,24.193548387096776,19.35483870967742,67.48333333333333,0.0,12,11,0.1127516535182127,0.020817192068229542,True
AHMPUL0C13,250930030003,251031220008,2025-09-30T11:45:29,2025-11-01T06:33:33,31.0,31.0,6.5,6.0,20.967741935483872,19.35483870967742,27.666666666666668,0.0,13,11,0.08322310271241526,0.03536973610466606,True
AHMPUL0C13,250111020002,251101000001,2025-01-11T10:07:29,2025-11-01T08:09:41,28.0,28.0,6.5,5.0,23.214285714285715,17.857142857142858,0.0,0.0,14,12,0.025382220052374883,0.06785665394540999,True
AHMPUL0C13,250120230010,251101000001,2025-01-21T07:34:19,2025-11-01T08:09:41,28.0,28.0,5.5,5.0,19.642857142857142,17.857142857142858,3.933333333333333,0.0,12,12,0.003940202275799696,0.06821898029440118,True
AHMPUL0C13,250311000001,251101000001,2025-03-11T08:20:04,2025-11-01T08:09:41,29.0,28.0,5.5,5.0,18.96551724137931,17.857142857142858,0.0,0.0,10,12,0.02600835034744643,0.5566792639968593,True
AHMPUL0C13,250320230014,251101000001,2025-03-21T07:34:21,2025-11-01T08:09:41,28.0,28.0,5.5,5.0,19.642857142857142,17.857142857142858,0.0,0.0,11,12,0.011498959190835606,0.025670765277349687,True
AHMPUL0C13,250321040007,251101000001,2025-03-21T12:44:13,2025-11-01T08:09:41,28.0,28.0,6.0,5.0,21.428571428571427,17.857142857142858,0.0,0.0,10,12,0.03013382512028706,0.045303328829822756,True
AHMPUL0C13,250521000001,251101000001,2025-05-21T08:06:46,2025-11-01T08:09:41,28.0,28.0,5.0,5.0,17.857142857142858,17.857142857142858,0.0,0.0,10,12,0.03350703165720033,0.021642326182825074,True
AHMPUL0C13,250521050006,251101000001,2025-05-21T13:18:08,2025-11-01T08:09:41,28.0,28.0,6.0,5.0,21.428571428571427,17.857142857142858,0.0,0.0,11,12,0.02930650253743174,0.053462158613535565,True
AHMPUL0C13,250521070008,251101000001,2025-05-21T15:56:20,2025-11-01T08:09:41,29.0,28.0,5.5,5.0,18.96551724137931,17.857142857142858,0.0,0.0,11,12,0.02598589605831544,0.018611059267462645,True
AHMPUL0C13,250701050007,251101000001,2025-07-01T13:58:49,2025-11-01T08:09:41,28.0,28.0,5.0,5.0,17.857142857142858,17.857142857142858,0.0,0.0,11,12,0.026647806430704357,0.05196231501605831,True
AHMPUL0C13,250710230012,251101000001,2025-07-11T07:35:54,2025-11-01T08:09:41,29.0,28.0,5.5,5.0,18.96551724137931,17.857142857142858,0.0,0.0,8,12,0.022204004712098085,0.06307392459279314,True
AHMPUL0C13,250711050006,251101000001,2025-07-11T13:00:53,2025-11-01T08:09:41,28.0,28.0,5.5,5.0,19.642857142857142,17.857142857142858,0.0,0.0,8,12,0.02819339424405238,0.05158104186716911,True
AHMPUL0C13,250720230003,251101000001,2025-07-21T07:34:50,2025-11-01T08:09:41,29.0,28.0,5.0,5.0,17.24137931034483,17.857142857142858,0.0,0.0,7,12,0.01867222713794491,0.0028517827005124993,True
AHMPUL0C13,250721060008,251101000001,2025-07-21T14:55:05,2025-11-01T08:09:41,28.0,28.0,5.5,5.0,19.642857142857142,17.857142857142858,4.25,0.0,10,12,0.016218543548379316,0.08633764351493713,True
AHMPUL0C13,250730230016,251101000001,2025-07-31T07:36:50,2025-11-01T08:09:41,28.0,28.0,6.0,5.0,21.428571428571427,17.857142857142858,0.0,0.0,9,12,0.02312854474192022,0.05678939833912002,True
AHMPUL0C13,250731030006,251101000001,2025-07-31T11:41:45,2025-11-01T08:09:41,28.0,28.0,5.0,5.0,17.857142857142858,17.857142857142858,0.0,0.0,11,12,0.014088216455282946,0.012120247004436091,True
AHMPUL0C13,250731080011,251101000001,2025-07-31T16:08:01,2025-11-01T08:09:41,29.0,28.0,6.0,5.0,20.689655172413794,17.857142857142858,0.0,0.0,11,12,0.015880620783546483,0.014409849741572108,True
AHMPUL0C13,250901060008,251101000001,2025-09-01T14:31:59,2025-11-01T08:09:41,29.0,28.0,5.0,5.0,17.24137931034483,17.857142857142858,0.0,0.0,11,12,0.00275935808883471,0.00954753042337236,True
AHMPUL0C13,250910230011,251101000001,2025-09-11T07:52:22,2025-11-01T08:09:41,28.0,28.0,5.0,5.0,17.857142857142858,17.857142857142858,1.2333333333333334,0.0,11,12,0.004908529889323734,0.04066855877182333,True
AHMPUL0C13,250911030004,251101000001,2025-09-11T11:21:38,2025-11-01T08:09:41,28.0,28.0,5.5,5.0,19.642857142857142,17.857142857142858,30.7,0.0,12,12,0.017132152342087648,0.3247060371730718,True
AHMPUL0C13,250911060006,251101000001,2025-09-11T14:26:08,2025-11-01T08:09:41,28.0,28.0,5.5,5.0,19.642857142857142,17.857142857142858,0.0,0.0,10,12,0.024018713613724315,0.014076507468602395,True
AHMPUL0C13,250930010002,251101000001,2025-09-30T09:35:02,2025-11-01T08:09:41,28.0,28.0,6.0,5.0,21.428571428571427,17.857142857142858,54.4,0.0,13,12,0.03241322584039562,0.01666868610208122,True
AHMPUL0C13,250930050004,251101000001,2025-09-30T13:36:37,2025-11-01T08:09:41,28.0,28.0,5.0,5.0,17.857142857142858,17.857142857142858,0.0,0.0,10,12,0.03603382591720723,0.02013426302209352,True
AHMPUL0C13,250111000001,251101010003,2025-01-11T08:37:09,2025-11-01T09:27:01,30.0,31.0,7.0,7.5,23.333333333333332,24.193548387096776,12.783333333333333,19.283333333333335,12,14,0.009070733520470216,0.01842740189951512,True
AHMPUL0C13,250120220007,251101010003,2025-01-21T06:04:58,2025-11-01T09:27:01,31.0,31.0,6.0,7.5,19.35483870967742,24.193548387096776,0.0,19.283333333333335,10,14,0.08278003982465694,0.021096903944299153,True
AHMPUL0C13,250121010002,251101010003,2025-01-21T09:11:20,2025-11-01T09:27:01,30.0,31.0,6.5,7.5,21.666666666666668,24.193548387096776,0.0,19.283333333333335,10,14,0.07103876635026202,0.01464518289109344,True
AHMPUL0C13,250310220011,251101010003,2025-03-11T06:30:15,2025-11-01T09:27:01,30.0,31.0,6.5,7.5,21.666666666666668,24.193548387096776,0.0,19.283333333333335,10,14,0.07412963940542397,0.006873116578240097,True
AHMPUL0C13,250311020004,251101010003,2025-03-11T10:43:44,2025-11-01T09:27:01,30.0,31.0,8.0,7.5,26.666666666666668,24.193548387096776,7.983333333333333,19.283333333333335,11,14,0.060291087022123234,0.02062809524374981,True
AHMPUL0C13,250311060007,251101010003,2025-03-11T14:17:44,2025-11-01T09:27:01,31.0,31.0,7.0,7.5,22.58064516129032,24.193548387096776,0.0,19.283333333333335,13,14,0.03011633550696526,0.07512268933200605,True
AHMPUL0C13,250320220012,251101010003,2025-03-21T06:02:37,2025-11-01T09:27:01,31.0,31.0,7.0,7.5,22.58064516129032,24.193548387096776,0.0,19.283333333333335,10,14,0.10796239878275982,0.03198332660148144,True
AHMPUL0C13,250321000002,251101010003,2025-03-21T08:53:36,2025-11-01T09:27:01,31.0,31.0,6.0,7.5,19.35483870967742,24.193548387096776,0.0,19.283333333333335,9,14,0.5602088251495914,0.004977326563002379,True
AHMPUL0C13,250321030006,251101010003,2025-03-21T11:23:27,2025-11-01T09:27:01,31.0,31.0,6.0,7.5,19.35483870967742,24.193548387096776,9.3,19.283333333333335,9,14,0.01929764714875318,0.012886289110793182,True
AHMPUL0C13,250330230001,251101010003,2025-03-31T07:24:49,2025-11-01T09:27:01,31.0,31.0,7.0,7.5,22.58064516129032,24.193548387096776,0.0,19.283333333333335,12,14,0.09055079706625344,0.05997288718596103,True
AHMPUL0C13,250520220015,251101010003,2025-05-21T06:40:10,2025-11-01T09:27:01,30.0,31.0,6.0,7.5,20.0,24.193548387096776,0.0,19.283333333333335,9,14,0.08672933789534029,0.025222815760416434,True
AHMPUL0C13,250521010002,251101010003,2025-05-21T09:16:36,2025-11-01T09:27:01,31.0,31.0,6.0,7.5,19.35483870967742,24.193548387096776,0.0,19.283333333333335,7,14,0.021642326182825074,0.016872298465505576,True
AHMPUL0C13,250521030005,251101010003,2025-05-21T11:58:11,2025-11-01T09:27:01,31.0,31.0,6.5,7.5,20.967741935483872,24.193548387096776,9.333333333333334,19.283333333333335,11,14,0.010518040154679838,0.01298937737788169,True
AHMPUL0C13,250521060007,251101010003,2025-05-21T14:29:19,2025-11-01T09:27:01,30.0,31.0,6.5,7.5,21.666666666666668,24.193548387096776,12.183333333333334,19.283333333333335,11,14,0.056254702993992274,0.01777577100099855,True
AHMPUL0C13,250701010002,251101010003,2025-07-01T09:24:46,2025-11-01T09:27:01,30.0,31.0,6.0,7.5,20.0,24.193548387096776,0.0,19.283333333333335,10,14,0.04680378666471086,0.040948434537144085,True
AHMPUL0C13,250701040006,251101010003,2025-07-01T12:10:18,2025-11-01T09:27:01,31.0,31.0,7.0,7.5,22.58064516129032,24.193548387096776,39.95,19.283333333333335,8,14,0.5588461063820778,0.015033560892835644,True
AHMPUL0C13,250710210010,251101010003,2025-07-11T05:57:31,2025-11-01T09:27:01,30.0,31.0,6.0,7.5,20.0,24.193548387096776,0.0,19.283333333333335,10,14,0.0875994608799955,0.03162925984105631,True
AHMPUL0C13,250711030005,251101010003,2025-07-11T11:11:21,2025-11-01T09:27:01,31.0,31.0,6.5,7.5,20.967741935483872,24.193548387096776,20.033333333333335,19.283333333333335,12,14,0.008697589592702965,0.01332986086789941,True
AHMPUL0C13,250711060008,251101010003,2025-07-11T14:44:08,2025-11-01T09:27:01,36.0,31.0,7.0,7.5,19.444444444444446,24.193548387096776,23.316666666666666,19.283333333333335,10,14,0.05105156940999593,0.037124843437743575,True
AHMPUL0C13,250720210001,251101010003,2025-07-21T05:57:24,2025-11-01T09:27:01,30.0,31.0,6.0,7.5,20.0,24.193548387096776,0.0,19.283333333333335,11,14,0.121544052680762,0.02666985057576976,True
AHMPUL0C13,250721010002,251101010003,2025-07-21T09:14:47,2025-11-01T09:27:01,30.0,31.0,6.0,7.5,20.0,24.193548387096776,0.0,19.283333333333335,9,14,0.05181750360068542,0.03375584770141504,True
AHMPUL0C13,250721050007,251101010003,2025-07-21T13:08:37,2025-11-01T09:27:01,30.0,31.0,6.0,7.5,20.0,24.193548387096776,0.0,19.283333333333335,11,14,0.023201168935099638,0.028409415864145256,True
AHMPUL0C13,250730220015,251101010003,2025-07-31T06:32:13,2025-11-01T09:27:01,30.0,31.0,6.5,7.5,21.666666666666668,24.193548387096776,0.0,19.283333333333335,8,14,0.005542990627418971,0.019137580686032052,True
AHMPUL0C13,250731050008,251101010003,2025-07-31T13:16:52,2025-11-01T09:27:01,31.0,31.0,6.0,7.5,19.35483870967742,24.193548387096776,2.1,19.283333333333335,9,14,0.5516263348407587,0.0413111034819754,True
AHMPUL0C13,250901020004,251101010003,2025-09-01T10:30:09,2025-11-01T09:27:01,31.0,31.0,7.5,7.5,24.193548387096776,24.193548387096776,74.1,19.283333333333335,11,14,0.04373376173565663,0.02412057102372962,True
AHMPUL0C13,250910220010,251101010003,2025-09-11T06:04:49,2025-11-01T09:27:01,31.0,31.0,6.5,7.5,20.967741935483872,24.193548387096776,14.616666666666667,19.283333333333335,9,14,0.1043488627127652,0.03743535548711923,True
AHMPUL0C13,250911040005,251101010003,2025-09-11T12:59:28,2025-11-01T09:27:01,31.0,31.0,6.5,7.5,20.967741935483872,24.193548387096776,17.416666666666668,19.283333333333335,10,14,0.32351947921653224,0.023346328124320713,True
AHMPUL0C13,250929220006,251101010003,2025-09-30T06:36:49,2025-11-01T09:27:01,31.0,31.0,7.5,7.5,24.193548387096776,24.193548387096776,67.48333333333333,19.283333333333335,12,14,0.020850014181554754,0.038522514656177995,True
AHMPUL0C13,250930030003,251101010003,2025-09-30T11:45:29,2025-11-01T09:27:01,31.0,31.0,6.5,7.5,20.967741935483872,24.193548387096776,27.666666666666668,19.283333333333335,13,14,0.01666868610208122,0.01521415797583498,True
AHMPUL0C13,251031220008,251101010003,2025-11-01T06:33:33,2025-11-01T09:27:01,31.0,31.0,6.0,7.5,19.35483870967742,24.193548387096776,0.0,19.283333333333335,11,14,0.09394377167441012,0.03639989375565748,True
AHMPUL0C13,250121030006,251101030006,2025-01-21T11:57:45,2025-11-01T11:40:07,23.0,23.0,4.5,4.5,19.565217391304348,19.565217391304348,8.616666666666667,0.0,7,6,0.04559725393934063,0.0036923960365775935,False
AHMPUL0C13,250321020005,251101030006,2025-03-21T10:29:18,2025-11-01T11:40:07,23.0,23.0,4.0,4.5,17.391304347826086,19.565217391304348,0.0,0.0,6,6,0.019298125851834456,0.012095036123211075,False
AHMPUL0C13,250331030006,251101030006,2025-03-31T11:29:15,2025-11-01T11:40:07,23.0,23.0,4.0,4.5,17.391304347826086,19.565217391304348,0.0,0.0,6,6,0.03836224969269009,0.03230426097279317,False
AHMPUL0C13,250521020004,251101030006,2025-05-21T10:53:49,2025-11-01T11:40:07,23.0,23.0,4.0,4.5,17.391304347826086,19.565217391304348,0.0,0.0,5,6,0.03594756404916869,0.012516201572995643,False
AHMPUL0C13,250701020004,251101030006,2025-07-01T10:51:51,2025-11-01T11:40:07,22.0,23.0,4.0,4.5,18.181818181818183,19.565217391304348,0.0,0.0,4,6,0.03975328312574604,0.005811806484603262,False
AHMPUL0C13,250721030005,251101030006,2025-07-21T11:03:38,2025-11-01T11:40:07,23.0,23.0,4.0,4.5,17.391304347826086,19.565217391304348,1.7833333333333334,0.0,7,6,0.02324773880993125,0.037691420164423395,False
AHMPUL0C13,250111000001,251110220012,2025-01-11T08:37:09,2025-11-11T06:04:56,30.0,30.0,7.0,6.0,23.333333333333332,20.0,12.783333333333333,0.0,12,10,0.09526123219680178,0.02964108227960009,True
AHMPUL0C13,250120220007,251110220012,2025-01-21T06:04:58,2025-11-11T06:04:56,31.0,30.0,6.0,6.0,19.35483870967742,20.0,0.0,0.0,10,10,0.021878531001260755,0.011334416148460473,True
AHMPUL0C13,250121010002,251110220012,2025-01-21T09:11:20,2025-11-11T06:04:56,30.0,30.0,6.5,6.0,21.666666666666668,20.0,0.0,0.0,10,10,0.1373600069478089,0.03413421183831549,True
AHMPUL0C13,250310220011,251110220012,2025-03-11T06:30:15,2025-11-11T06:04:56,30.0,30.0,6.5,6.0,21.666666666666668,20.0,0.0,0.0,10,10,0.029689609893141986,0.03424913041632189,True
AHMPUL0C13,250311020004,251110220012,2025-03-11T10:43:44,2025-11-11T06:04:56,30.0,30.0,8.0,6.0,26.666666666666668,20.0,7.983333333333333,0.0,11,10,0.1476423074076387,0.03291400069924902,True
AHMPUL0C13,250311060007,251110220012,2025-03-11T14:17:44,2025-11-11T06:04:56,31.0,30.0,7.0,6.0,22.58064516129032,20.0,0.0,0.0,13,10,0.13065493547383877,0.06404827774764493,True
AHMPUL0C13,250320220012,251110220012,2025-03-21T06:02:37,2025-11-11T06:04:56,31.0,30.0,7.0,6.0,22.58064516129032,20.0,0.0,0.0,10,10,0.11131676509015583,0.011039036225242316,True
AHMPUL0C13,250321000002,251110220012,2025-03-21T08:53:36,2025-11-11T06:04:56,31.0,30.0,6.0,6.0,19.35483870967742,20.0,0.0,0.0,9,10,0.6287376101091728,0.034269885204037086,True
AHMPUL0C13,250321030006,251110220012,2025-03-21T11:23:27,2025-11-11T06:04:56,31.0,30.0,6.0,6.0,19.35483870967742,20.0,9.3,0.0,9,10,0.08473167085142626,0.03789916544956062,True
AHMPUL0C13,250330230001,251110220012,2025-03-31T07:24:49,2025-11-11T06:04:56,31.0,30.0,7.0,6.0,22.58064516129032,20.0,0.0,0.0,12,10,0.01297991115803376,0.047949521865401454,True
AHMPUL0C13,250520220015,251110220012,2025-05-21T06:40:10,2025-11-11T06:04:56,30.0,30.0,6.0,6.0,20.0,20.0,0.0,0.0,9,10,0.11339924838581374,0.05334071736294021,True
AHMPUL0C13,250521010002,251110220012,2025-05-21T09:16:36,2025-11-11T06:04:56,31.0,30.0,6.0,6.0,19.35483870967742,20.0,0.0,0.0,7,10,0.09568604726393717,0.026511003331627675,True
AHMPUL0C13,250521030005,251110220012,2025-05-21T11:58:11,2025-11-11T06:04:56,31.0,30.0,6.5,6.0,20.967741935483872,20.0,9.333333333333334,0.0,11,10,0.0941228143934553,0.02997000219757237,True
AHMPUL0C13,250521060007,251110220012,2025-05-21T14:29:19,2025-11-11T06:04:56,30.0,30.0,6.5,6.0,21.666666666666668,20.0,12.183333333333334,0.0,11,10,0.12822467353473183,0.029346793632580803,True
AHMPUL0C13,250701010002,251110220012,2025-07-01T09:24:46,2025-11-11T06:04:56,30.0,30.0,6.0,6.0,20.0,20.0,0.0,0.0,10,10,0.12921982208694846,0.048276511688595695,True
AHMPUL0C13,250701040006,251110220012,2025-07-01T12:10:18,2025-11-11T06:04:56,31.0,30.0,7.0,6.0,22.58064516129032,20.0,39.95,0.0,8,10,0.6282652459279594,0.03283942797816187,True
AHMPUL0C13,250710210010,251110220012,2025-07-11T05:57:31,2025-11-11T06:04:56,30.0,30.0,6.0,6.0,20.0,20.0,0.0,0.0,10,10,0.1259901369816582,0.015749525849089414,True
AHMPUL0C13,250711030005,251110220012,2025-07-11T11:11:21,2025-11-11T06:04:56,31.0,30.0,6.5,6.0,20.967741935483872,20.0,20.033333333333335,0.0,12,10,0.111744939356797,0.03377590188928627,True
AHMPUL0C13,250711060008,251110220012,2025-07-11T14:44:08,2025-11-11T06:04:56,36.0,30.0,7.0,6.0,19.444444444444446,20.0,23.316666666666666,0.0,10,10,0.1268652622712721,0.0089034055095054,True
AHMPUL0C13,250720210001,251110220012,2025-07-21T05:57:24,2025-11-11T06:04:56,30.0,30.0,6.0,6.0,20.0,20.0,0.0,0.0,11,10,0.13563718801339356,0.018479062671728642,True
AHMPUL0C13,250721010002,251110220012,2025-07-21T09:14:47,2025-11-11T06:04:56,30.0,30.0,6.0,6.0,20.0,20.0,0.0,0.0,9,10,0.14755994628381,0.06263672676658182,True
AHMPUL0C13,250721050007,251110220012,2025-07-21T13:08:37,2025-11-11T06:04:56,30.0,30.0,6.0,6.0,20.0,20.0,0.0,0.0,11,10,0.12545293662032955,0.036058206152242256,True
AHMPUL0C13,250730220015,251110220012,2025-07-31T06:32:13,2025-11-11T06:04:56,30.0,30.0,6.5,6.0,21.666666666666668,20.0,0.0,0.0,8,10,0.10864050200088932,0.03963716331161678,True
AHMPUL0C13,250731050008,251110220012,2025-07-31T13:16:52,2025-11-11T06:04:56,31.0,30.0,6.0,6.0,19.35483870967742,20.0,2.1,0.0,9,10,0.6201618318385019,0.011400174309670913,True
AHMPUL0C13,250901020004,251110220012,2025-09-01T10:30:09,2025-11-11T06:04:56,31.0,30.0,7.5,6.0,24.193548387096776,20.0,74.1,0.0,11,10,0.12697925287686865,0.05017695646242093,True
AHMPUL0C13,250910220010,251110220012,2025-09-11T06:04:49,2025-11-11T06:04:56,31.0,30.0,6.5,6.0,20.967741935483872,20.0,14.616666666666667,0.0,9,10,0.13655090369217468,0.04623975763345699,True
AHMPUL0C13,250911040005,251110220012,2025-09-11T12:59:28,2025-11-11T06:04:56,31.0,30.0,6.5,6.0,20.967741935483872,20.0,17.416666666666668,0.0,10,10,0.2873504517324461,0.028477349775138248,True
AHMPUL0C13,250929220006,251110220012,2025-09-30T06:36:49,2025-11-11T06:04:56,31.0,30.0,7.5,6.0,24.193548387096776,20.0,67.48333333333333,0.0,12,10,0.10443098494825231,0.041736926816290855,True
AHMPUL0C13,250930030003,251110220012,2025-09-30T11:45:29,2025-11-11T06:04:56,31.0,30.0,6.5,6.0,20.967741935483872,20.0,27.666666666666668,0.0,13,10,0.10989642585338867,0.01938811702828672,True
AHMPUL0C13,251031220008,251110220012,2025-11-01T06:33:33,2025-11-11T06:04:56,31.0,30.0,6.0,6.0,19.35483870967742,20.0,0.0,0.0,11,10,0.10460451908960673,0.0534499309948463,True
AHMPUL0C13,251101010003,251110220012,2025-11-01T09:27:01,2025-11-11T06:04:56,31.0,30.0,7.5,6.0,24.193548387096776,20.0,19.283333333333335,0.0,14,10,0.1031025213512245,0.03070839761556291,True
AHMPUL0C13,250111020002,251110230014,2025-01-11T10:07:29,2025-11-11T07:35:38,28.0,28.0,6.5,5.0,23.214285714285715,17.857142857142858,0.0,0.0,14,11,0.013548822444542225,0.06479963997073823,True
AHMPUL0C13,250120230010,251110230014,2025-01-21T07:34:19,2025-11-11T07:35:38,28.0,28.0,5.5,5.0,19.642857142857142,17.857142857142858,3.933333333333333,0.0,12,11,0.01612728224801677,0.08767530084058255,True
AHMPUL0C13,250311000001,251110230014,2025-03-11T08:20:04,2025-11-11T07:35:38,29.0,28.0,5.5,5.0,18.96551724137931,17.857142857142858,0.0,0.0,10,11,0.014392285413420018,0.5455039722001497,True
AHMPUL0C13,250320230014,251110230014,2025-03-21T07:34:21,2025-11-11T07:35:38,28.0,28.0,5.5,5.0,19.642857142857142,17.857142857142858,0.0,0.0,11,11,0.0064481646033324475,0.016303623622055254,True
AHMPUL0C13,250321040007,251110230014,2025-03-21T12:44:13,2025-11-11T07:35:38,28.0,28.0,6.0,5.0,21.428571428571427,17.857142857142858,0.0,0.0,10,11,0.02229027739380838,0.06425782159192245,True
AHMPUL0C13,250521000001,251110230014,2025-05-21T08:06:46,2025-11-11T07:35:38,28.0,28.0,5.0,5.0,17.857142857142858,17.857142857142858,0.0,0.0,10,11,0.03141205220522404,0.003944876179150313,True
AHMPUL0C13,250521050006,251110230014,2025-05-21T13:18:08,2025-11-11T07:35:38,28.0,28.0,6.0,5.0,21.428571428571427,17.857142857142858,0.0,0.0,11,11,0.01845835782277322,0.07293900524031394,True
AHMPUL0C13,250521070008,251110230014,2025-05-21T15:56:20,2025-11-11T07:35:38,29.0,28.0,5.5,5.0,18.96551724137931,17.857142857142858,0.0,0.0,11,11,0.014206347665113852,0.008768981696734974,True
AHMPUL0C13,250701050007,251110230014,2025-07-01T13:58:49,2025-11-11T07:35:38,28.0,28.0,5.0,5.0,17.857142857142858,17.857142857142858,0.0,0.0,11,11,0.016513779515769204,0.07142222667607193,True
AHMPUL0C13,250710230012,251110230014,2025-07-11T07:35:54,2025-11-11T07:35:38,29.0,28.0,5.5,5.0,18.96551724137931,17.857142857142858,0.0,0.0,8,11,0.009476548280202824,0.050967957257647564,True
AHMPUL0C13,250711050006,251110230014,2025-07-11T13:00:53,2025-11-11T07:35:38,28.0,28.0,5.5,5.0,19.642857142857142,17.857142857142858,0.0,0.0,8,11,0.01864485572885051,0.07106382657864449,True
AHMPUL0C13,250720230003,251110230014,2025-07-21T07:34:50,2025-11-11T07:35:38,29.0,28.0,5.0,5.0,17.24137931034483,17.857142857142858,0.0,0.0,7,11,0.02215675292543455,0.022235939007663453,True
AHMPUL0C13,250721060008,251110230014,2025-07-21T14:55:05,2025-11-11T07:35:38,28.0,28.0,5.5,5.0,19.642857142857142,17.857142857142858,4.25,0.0,10,11,0.0034703543420402027,0.09412243557142366,True
AHMPUL0C13,250730230016,251110230014,2025-07-31T07:36:50,2025-11-11T07:35:38,28.0,28.0,6.0,5.0,21.428571428571427,17.857142857142858,0.0,0.0,9,11,0.01605360640921904,0.07559669056268381,True
AHMPUL0C13,250731030006,251110230014,2025-07-31T11:41:45,2025-11-11T07:35:38,28.0,28.0,5.0,5.0,17.857142857142858,17.857142857142858,0.0,0.0,11,11,0.004908531246171925,0.008895279554839437,True
AHMPUL0C13,250731080011,251110230014,2025-07-31T16:08:01,2025-11-11T07:35:38,29.0,28.0,6.0,5.0,20.689655172413794,17.857142857142858,0.0,0.0,11,11,0.014214819999663623,0.005811806138697985,True
AHMPUL0C13,250901060008,251110230014,2025-09-01T14:31:59,2025-11-11T07:35:38,29.0,28.0,5.0,5.0,17.24137931034483,17.857142857142858,0.0,0.0,11,11,0.012650772373460205,0.02079880924501721,True
AHMPUL0C13,250910230011,251110230014,2025-09-11T07:52:22,2025-11-11T07:35:38,28.0,28.0,5.0,5.0,17.857142857142858,17.857142857142858,1.2333333333333334,0.0,11,11,0.008070820496873281,0.059403154378932635,True
AHMPUL0C13,250911030004,251110230014,2025-09-11T11:21:38,2025-11-11T07:35:38,28.0,28.0,5.5,5.0,19.642857142857142,17.857142857142858,30.7,0.0,12,11,0.00895004335072913,0.33856720527002293,True
AHMPUL0C13,250911060006,251110230014,2025-09-11T14:26:08,2025-11-11T07:35:38,28.0,28.0,5.5,5.0,19.642857142857142,17.857142857142858,0.0,0.0,10,11,0.011229517318166914,0.015245919280995866,True
AHMPUL0C13,250930010002,251110230014,2025-09-30T09:35:02,2025-11-11T07:35:38,28.0,28.0,6.0,5.0,21.428571428571427,17.857142857142858,54.4,0.0,13,11,0.02259436689840518,0.036138721730623415,True
AHMPUL0C13,250930050004,251110230014,2025-09-30T13:36:37,2025-11-11T07:35:38,28.0,28.0,5.0,5.0,17.857142857142858,17.857142857142858,0.0,0.0,10,11,0.023524821065500558,0.010901907565719644,True
AHMPUL0C13,251101000001,251110230014,2025-11-01T08:09:41,2025-11-11T07:35:38,28.0,28.0,5.0,5.0,17.857142857142858,17.857142857142858,0.0,0.0,12,11,0.01285045516380932,0.01948500170904381,True
AHMPUL0C13,250111000001,251111000001,2025-01-11T08:37:09,2025-11-11T08:54:56,30.0,31.0,7.0,6.5,23.333333333333332,20.967741935483872,12.783333333333333,0.0,12,8,0.02317941017175135,0.008588713856714244,True
AHMPUL0C13,250120220007,251111000001,2025-01-21T06:04:58,2025-11-11T08:54:56,31.0,31.0,6.0,6.5,19.35483870967742,20.967741935483872,0.0,0.0,10,8,0.07774477566425647,0.02322914568126841,True
AHMPUL0C13,250121010002,251111000001,2025-01-21T09:11:20,2025-11-11T08:54:56,30.0,31.0,6.5,6.5,21.666666666666668,20.967741935483872,0.0,0.0,10,8,0.09048655368764918,0.014301671776726995,True
AHMPUL0C13,250310220011,251111000001,2025-03-11T06:30:15,2025-11-11T08:54:56,30.0,31.0,6.5,6.5,21.666666666666668,20.967741935483872,0.0,0.0,10,8,0.06962446004017489,0.022778248621770233,True
AHMPUL0C13,250311020004,251111000001,2025-03-11T10:43:44,2025-11-11T08:54:56,30.0,31.0,8.0,6.5,26.666666666666668,20.967741935483872,7.983333333333333,0.0,11,8,0.07881830168140093,0.007057723876675413,True
AHMPUL0C13,250311060007,251111000001,2025-03-11T14:17:44,2025-11-11T08:54:56,31.0,31.0,7.0,6.5,22.58064516129032,20.967741935483872,0.0,0.0,13,8,0.04577809471699746,0.04906278094159722,True
AHMPUL0C13,250320220012,251111000001,2025-03-21T06:02:37,2025-11-11T08:54:56,31.0,31.0,7.0,6.5,22.58064516129032,20.967741935483872,0.0,0.0,10,8,0.1229395458735083,0.025124562810386032,True
AHMPUL0C13,250321000002,251111000001,2025-03-21T08:53:36,2025-11-11T08:54:56,31.0,31.0,6.0,6.5,19.35483870967742,20.967741935483872,0.0,0.0,9,8,0.549097238601851,0.02513458086768676,True
AHMPUL0C13,250321030006,251111000001,2025-03-21T11:23:27,2025-11-11T08:54:56,31.0,31.0,6.0,6.5,19.35483870967742,20.967741935483872,9.3,0.0,9,8,0.018599219812924943,0.020031299330826875,True
AHMPUL0C13,250330230001,251111000001,2025-03-31T07:24:49,2025-11-11T08:54:56,31.0,31.0,7.0,6.5,22.58064516129032,20.967741935483872,0.0,0.0,12,8,0.08635402914321506,0.035078122088630335,True
AHMPUL0C13,250520220015,251111000001,2025-05-21T06:40:10,2025-11-11T08:54:56,30.0,31.0,6.0,6.5,20.0,20.967741935483872,0.0,0.0,9,8,0.10349113318476756,0.03187643183677144,True
AHMPUL0C13,250521010002,251111000001,2025-05-21T09:16:36,2025-11-11T08:54:56,31.0,31.0,6.0,6.5,19.35483870967742,20.967741935483872,0.0,0.0,7,8,0.003944876179150313,0.010816847038209607,True
AHMPUL0C13,250521030005,251111000001,2025-05-21T11:58:11,2025-11-11T08:54:56,31.0,31.0,6.5,6.5,20.967741935483872,20.967741935483872,9.333333333333334,0.0,11,8,0.013908713729314806,0.014110653352053758,True
AHMPUL0C13,250521060007,251111000001,2025-05-21T14:29:19,2025-11-11T08:54:56,30.0,31.0,6.5,6.5,21.666666666666668,20.967741935483872,12.183333333333334,0.0,11,8,0.07571436683632413,0.009245938207110562,True
AHMPUL0C13,250701010002,251111000001,2025-07-01T09:24:46,2025-11-11T08:54:56,30.0,31.0,6.0,6.5,20.0,20.967741935483872,0.0,0.0,10,8,0.06618305673169071,0.01603890854993529,True
AHMPUL0C13,250701040006,251111000001,2025-07-01T12:10:18,2025-11-11T08:54:56,31.0,31.0,7.0,6.5,22.58064516129032,20.967741935483872,39.95,0.0,8,8,0.5479328453432457,0.013039650679071275,True
AHMPUL0C13,250710210010,251111000001,2025-07-11T05:57:31,2025-11-11T08:54:56,30.0,31.0,6.0,6.5,20.0,20.967741935483872,0.0,0.0,10,8,0.10566138968534339,0.02073778543922663,True
AHMPUL0C13,250711030005,251111000001,2025-07-11T11:11:21,2025-11-11T08:54:56,31.0,31.0,6.5,6.5,20.967741935483872,20.967741935483872,20.033333333333335,0.0,12,8,0.022656965067800246,0.015439124906215322,True
AHMPUL0C13,250711060008,251111000001,2025-07-11T14:44:08,2025-11-11T08:54:56,36.0,31.0,7.0,6.5,19.444444444444446,20.967741935483872,23.316666666666666,0.0,10,8,0.07053510869332716,0.03287640943568477,True
AHMPUL0C13,250720210001,251111000001,2025-07-21T05:57:24,2025-11-11T08:54:56,30.0,31.0,6.0,6.5,20.0,20.967741935483872,0.0,0.0,11,8,0.1383238554496561,0.015231384096173651,True
AHMPUL0C13,250721010002,251111000001,2025-07-21T09:14:47,2025-11-11T08:54:56,30.0,31.0,6.0,6.5,20.0,20.967741935483872,0.0,0.0,9,8,0.0685810795278285,0.040555610308412295,True
AHMPUL0C13,250721050007,251111000001,2025-07-21T13:08:37,2025-11-11T08:54:56,30.0,31.0,6.0,6.5,20.0,20.967741935483872,0.0,0.0,11,8,0.030133659781079708,0.002947840363559272,True
AHMPUL0C13,250730220015,251111000001,2025-07-31T06:32:13,2025-11-11T08:54:56,30.0,31.0,6.5,6.5,21.666666666666668,20.967741935483872,0.0,0.0,8,8,0.02151600735354629,0.015187576202362196,True
AHMPUL0C13,250731050008,251111000001,2025-07-31T13:16:52,2025-11-11T08:54:56,31.0,31.0,6.0,6.5,19.35483870967742,20.967741935483872,2.1,0.0,9,8,0.5405035251818487,0.043732928649603535,True
AHMPUL0C13,250901020004,251111000001,2025-09-01T10:30:09,2025-11-11T08:54:56,31.0,31.0,7.5,6.5,24.193548387096776,20.967741935483872,74.1,0.0,11,8,0.06312343304418228,0.026604100928911214,True
AHMPUL0C13,250910220010,251111000001,2025-09-11T06:04:49,2025-11-11T08:54:56,31.0,31.0,6.5,6.5,20.967741935483872,20.967741935483872,14.616666666666667,0.0,9,8,0.1223761985826265,0.013381600818446348,True
AHMPUL0C13,250911040005,251111000001,2025-09-11T12:59:28,2025-11-11T08:54:56,31.0,31.0,6.5,6.5,20.967741935483872,20.967741935483872,17.416666666666668,0.0,10,8,0.3373563927968556,0.0050306460896930826,True
AHMPUL0C13,250929220006,251111000001,2025-09-30T06:36:49,2025-11-11T08:54:56,31.0,31.0,7.5,6.5,24.193548387096776,20.967741935483872,67.48333333333333,0.0,12,8,0.0052540102499520035,0.011675467297513842,True
AHMPUL0C13,250930030003,251111000001,2025-09-30T11:45:29,2025-11-11T08:54:56,31.0,31.0,6.5,6.5,20.967741935483872,20.967741935483872,27.666666666666668,0.0,13,8,0.036138721730623415,0.017806081379763115,True
AHMPUL0C13,251031220008,251111000001,2025-11-01T06:33:33,2025-11-11T08:54:56,31.0,31.0,6.0,6.5,19.35483870967742,20.967741935483872,0.0,0.0,11,8,0.10907672633749307,0.02134071469769413,True
AHMPUL0C13,251101010003,251111000001,2025-11-01T09:27:01,2025-11-11T08:54:56,31.0,31.0,7.5,6.5,24.193548387096776,20.967741935483872,19.283333333333335,0.0,14,8,0.01948500170904381,0.027012947313218006,True
AHMPUL0C13,251110220012,251111000001,2025-11-11T06:04:56,2025-11-11T08:54:56,30.0,31.0,6.0,6.5,20.0,20.967741935483872,0.0,0.0,10,8,0.099313875475954,0.03311706421314501,True
AHMPUL0C13,250121030006,251111020003,2025-01-21T11:57:45,2025-11-11T10:18:29,23.0,23.0,4.5,4.5,19.565217391304348,19.565217391304348,8.616666666666667,0.0,7,5,0.015033574105942431,0.027530888527663153,False
AHMPUL0C13,250321020005,251111020003,2025-03-21T10:29:18,2025-11-11T10:18:29,23.0,23.0,4.0,4.5,17.391304347826086,19.565217391304348,0.0,0.0,6,5,0.012304699124812813,0.030880506512855045,False
AHMPUL0C13,250331030006,251111020003,2025-03-31T11:29:15,2025-11-11T10:18:29,23.0,23.0,4.0,4.5,17.391304347826086,19.565217391304348,0.0,0.0,6,5,0.007783644865127115,0.006692669820808743,False
AHMPUL0C13,250521020004,251111020003,2025-05-21T10:53:49,2025-11-11T10:18:29,23.0,23.0,4.0,4.5,17.391304347826086,19.565217391304348,0.0,0.0,5,5,0.00845936105991769,0.021689063650498552,False
AHMPUL0C13,250701020004,251111020003,2025-07-01T10:51:51,2025-11-11T10:18:29,22.0,23.0,4.0,4.5,18.181818181818183,19.565217391304348,0.0,0.0,4,5,0.01006194693911844,0.030569169887098232,False
AHMPUL0C13,250721030005,251111020003,2025-07-21T11:03:38,2025-11-11T10:18:29,23.0,23.0,4.0,4.5,17.391304347826086,19.565217391304348,1.7833333333333334,0.0,7,5,0.007812245804580858,0.012842620458545347,False
AHMPUL0C13,251101030006,251111020003,2025-11-01T11:40:07,2025-11-11T10:18:29,23.0,23.0,4.5,4.5,19.565217391304348,19.565217391304348,0.0,0.0,6,5,0.030578604827562972,0.031222901772749806,False
AHMPUL0C13,250111000001,251111030004,2025-01-11T08:37:09,2025-11-11T11:22:12,30.0,31.0,7.0,6.0,23.333333333333332,19.35483870967742,12.783333333333333,0.0,12,9,0.020042298906640034,0.02346984128467137,True
AHMPUL0C13,250120220007,251111030004,2025-01-21T06:04:58,2025-11-11T11:22:12,31.0,31.0,6.0,6.0,19.35483870967742,19.35483870967742,0.0,0.0,10,9,0.09454326387426905,0.04120844618197065,True
AHMPUL0C13,250121010002,251111030004,2025-01-21T09:11:20,2025-11-11T11:22:12,30.0,31.0,6.5,6.0,21.666666666666668,19.35483870967742,0.0,0.0,10,9,0.06877983974562735,0.023966902857961072,True
AHMPUL0C13,250310220011,251111030004,2025-03-11T06:30:15,2025-11-11T11:22:12,30.0,31.0,6.5,6.0,21.666666666666668,19.35483870967742,0.0,0.0,10,9,0.08589643480834334,0.03216743490945012,True
AHMPUL0C13,250311020004,251111030004,2025-03-11T10:43:44,2025-11-11T11:22:12,30.0,31.0,8.0,6.0,26.666666666666668,19.35483870967742,7.983333333333333,0.0,11,9,0.053406654516646994,0.020037061722107032,True
AHMPUL0C13,250311060007,251111030004,2025-03-11T14:17:44,2025-11-11T11:22:12,31.0,31.0,7.0,6.0,22.58064516129032,19.35483870967742,0.0,0.0,13,9,0.019924056719019603,0.05063144030002744,True
AHMPUL0C13,250320220012,251111030004,2025-03-21T06:02:37,2025-11-11T11:22:12,31.0,31.0,7.0,6.0,22.58064516129032,19.35483870967742,0.0,0.0,10,9,0.11311760659261698,0.04334498533287802,True
AHMPUL0C13,250321000002,251111030004,2025-03-21T08:53:36,2025-11-11T11:22:12,31.0,31.0,6.0,6.0,19.35483870967742,19.35483870967742,0.0,0.0,9,9,0.5536033679411798,0.03468977834057959,True
AHMPUL0C13,250321030006,251111030004,2025-03-21T11:23:27,2025-11-11T11:22:12,31.0,31.0,6.0,6.0,19.35483870967742,19.35483870967742,9.3,0.0,9,9,0.030880506512855045,0.026679324405211924,True
AHMPUL0C13,250330230001,251111030004,2025-03-31T07:24:49,2025-11-11T11:22:12,31.0,31.0,7.0,6.0,22.58064516129032,19.35483870967742,0.0,0.0,12,9,0.10231697548212595,0.04114398575423043,True
AHMPUL0C13,250520220015,251111030004,2025-05-21T06:40:10,2025-11-11T11:22:12,30.0,31.0,6.0,6.0,20.0,19.35483870967742,0.0,0.0,9,9,0.09030702685055675,0.02926783099013584,True
AHMPUL0C13,250521010002,251111030004,2025-05-21T09:16:36,2025-11-11T11:22:12,31.0,31.0,6.0,6.0,19.35483870967742,19.35483870967742,0.0,0.0,7,9,0.029219343129097106,0.026732375393616285,True
AHMPUL0C13,250521030005,251111030004,2025-05-21T11:58:11,2025-11-11T11:22:12,31.0,31.0,6.5,6.0,20.967741935483872,19.35483870967742,9.333333333333334,0.0,11,9,0.021689063650498552,0.026795483196024927,True
AHMPUL0C13,250521060007,251111030004,2025-05-21T14:29:19,2025-11-11T11:22:12,30.0,31.0,6.5,6.0,21.666666666666668,19.35483870967742,12.183333333333334,0.0,11,9,0.054127837773989246,0.02402280699564541,True
AHMPUL0C13,250701010002,251111030004,2025-07-01T09:24:46,2025-11-11T11:22:12,30.0,31.0,6.0,6.0,20.0,19.35483870967742,0.0,0.0,10,9,0.04279246017080511,0.00863592541181775,True
AHMPUL0C13,250701040006,251111030004,2025-07-01T12:10:18,2025-11-11T11:22:12,31.0,31.0,7.0,6.0,22.58064516129032,19.35483870967742,39.95,0.0,8,9,0.5521219942150845,0.02394197996593245,True
AHMPUL0C13,250710210010,251111030004,2025-07-11T05:57:31,2025-11-11T11:22:12,30.0,31.0,6.0,6.0,20.0,19.35483870967742,0.0,0.0,10,9,0.08930646364937175,0.03872338475155344,True
AHMPUL0C13,250711030005,251111030004,2025-07-11T11:11:21,2025-11-11T11:22:12,31.0,31.0,6.5,6.0,20.967741935483872,19.35483870967742,20.033333333333335,0.0,12,9,0.003533254566989834,0.02524523826498593,True
AHMPUL0C13,250711060008,251111030004,2025-07-11T14:44:08,2025-11-11T11:22:12,36.0,31.0,7.0,6.0,19.444444444444446,19.35483870967742,23.316666666666666,0.0,10,9,0.0485258047765609,0.051065167357564556,True
AHMPUL0C13,250720210001,251111030004,2025-07-21T05:57:24,2025-11-11T11:22:12,30.0,31.0,6.0,6.0,20.0,19.35483870967742,0.0,0.0,11,9,0.12472886935469106,0.033561762539733496,True
AHMPUL0C13,250721010002,251111030004,2025-07-21T09:14:47,2025-11-11T11:22:12,30.0,31.0,6.0,6.0,20.0,19.35483870967742,0.0,0.0,9,9,0.042639550560413186,0.034875817879577865,True
AHMPUL0C13,250721050007,251111030004,2025-07-21T13:08:37,2025-11-11T11:22:12,30.0,31.0,6.0,6.0,20.0,19.35483870967742,0.0,0.0,11,9,0.012842620458545347,0.015445886412326094,True
AHMPUL0C13,250730220015,251111030004,2025-07-31T06:32:13,2025-11-11T11:22:12,30.0,31.0,6.5,6.0,21.666666666666668,19.35483870967742,0.0,0.0,8,9,0.006276893006752457,0.01971094666499128,True
AHMPUL0C13,250731050008,251111030004,2025-07-31T13:16:52,2025-11-11T11:22:12,31.0,31.0,6.0,6.0,19.35483870967742,19.35483870967742,2.1,0.0,9,9,0.54503121795321,0.06212225697107658,True
AHMPUL0C13,250901020004,251111030004,2025-09-01T10:30:09,2025-11-11T11:22:12,31.0,31.0,7.5,6.0,24.193548387096776,19.35483870967742,74.1,0.0,11,9,0.039881652050326906,0.024002499516832067,True
AHMPUL0C13,250910220010,251111030004,2025-09-11T06:04:49,2025-11-11T11:22:12,31.0,31.0,6.5,6.0,20.967741935483872,19.35483870967742,14.616666666666667,0.0,9,9,0.10592149012137708,0.007051271101172554,True
AHMPUL0C13,250911040005,251111030004,2025-09-11T12:59:28,2025-11-11T11:22:12,31.0,31.0,6.5,6.0,20.967741935483872,19.35483870967742,17.416666666666668,0.0,10,9,0.3288834302726208,0.023026445713100124,True
AHMPUL0C13,250929220006,251111030004,2025-09-30T06:36:49,2025-11-11T11:22:12,31.0,31.0,7.5,6.0,24.193548387096776,19.35483870967742,67.48333333333333,0.0,12,9,0.024871427978028805,0.014838317314887562,True
AHMPUL0C13,250930030003,251111030004,2025-09-30T11:45:29,2025-11-11T11:22:12,31.0,31.0,6.5,6.0,20.967741935483872,19.35483870967742,27.666666666666668,0.0,13,9,0.01620471072682649,0.034693316297595235,True
AHMPUL0C13,251031220008,251111030004,2025-11-01T06:33:33,2025-11-11T11:22:12,31.0,31.0,6.0,6.0,19.35483870967742,19.35483870967742,0.0,0.0,11,9,0.09911538409785123,0.006801610511283751,True
AHMPUL0C13,251101010003,251111030004,2025-11-01T09:27:01,2025-11-11T11:22:12,31.0,31.0,7.5,6.0,24.193548387096776,19.35483870967742,19.283333333333335,0.0,14,9,0.011768553700761707,0.03852626925184843,True
AHMPUL0C13,251110220012,251111030004,2025-11-11T06:04:56,2025-11-11T11:22:12,30.0,31.0,6.0,6.0,20.0,19.35483870967742,0.0,0.0,10,9,0.11485476375633394,0.051468550427811066,True
AHMPUL0C13,251111000001,251111030004,2025-11-11T08:54:56,2025-11-11T11:22:12,31.0,31.0,6.5,6.0,20.967741935483872,19.35483870967742,0.0,0.0,8,9,0.025947083760484626,0.01839339097933402,True
AHMPUL0C13,250111020002,251111040005,2025-01-11T10:07:29,2025-11-11T12:25:59,28.0,28.0,6.5,5.0,23.214285714285715,17.857142857142858,0.0,8.65,14,10,0.021636553655625872,0.06480108395271048,True
AHMPUL0C13,250120230010,251111040005,2025-01-21T07:34:19,2025-11-11T12:25:59,28.0,28.0,5.5,5.0,19.642857142857142,17.857142857142858,3.933333333333333,8.65,12,10,0.006471542248410213,0.06601720926620487,True
AHMPUL0C13,250311000001,251111040005,2025-03-11T08:20:04,2025-11-11T12:25:59,29.0,28.0,5.5,5.0,18.96551724137931,17.857142857142858,0.0,8.65,10,10,0.023599550907719636,0.5615396624423414,True
AHMPUL0C13,250320230014,251111040005,2025-03-21T07:34:21,2025-11-11T12:25:59,28.0,28.0,5.5,5.0,19.642857142857142,17.857142857142858,0.0,8.65,11,10,0.010119485182220644,0.02552423454868503,True
AHMPUL0C13,250321040007,251111040005,2025-03-21T12:44:13,2025-11-11T12:25:59,28.0,28.0,6.0,5.0,21.428571428571427,17.857142857142858,0.0,8.65,10,10,0.02636587558206891,0.04418975780549656,True
AHMPUL0C13,250521000001,251111040005,2025-05-21T08:06:46,2025-11-11T12:25:59,28.0,28.0,5.0,5.0,17.857142857142858,17.857142857142858,0.0,8.65,10,10,0.030636487871938917,0.02396943402060269,True
AHMPUL0C13,250521050006,251111040005,2025-05-21T13:18:08,2025-11-11T12:25:59,28.0,28.0,6.0,5.0,21.428571428571427,17.857142857142858,0.0,8.65,11,10,0.025454311945048706,0.05117757429114041,True
AHMPUL0C13,250521070008,251111040005,2025-05-21T15:56:20,2025-11-11T12:25:59,29.0,28.0,5.5,5.0,18.96551724137931,17.857142857142858,0.0,8.65,11,10,0.022228484278158548,0.01970455469287946,True
AHMPUL0C13,250701050007,251111040005,2025-07-01T13:58:49,2025-11-11T12:25:59,28.0,28.0,5.0,5.0,17.857142857142858,17.857142857142858,0.0,8.65,11,10,0.022781007601927264,0.04979672586881572,True
AHMPUL0C13,250710230012,251111040005,2025-07-11T07:35:54,2025-11-11T12:25:59,29.0,28.0,5.5,5.0,18.96551724137931,17.857142857142858,0.0,8.65,8,10,0.018754563276781124,0.062242365365454244,True
AHMPUL0C13,250711050006,251111040005,2025-07-11T13:00:53,2025-11-11T12:25:59,28.0,28.0,5.5,5.0,19.642857142857142,17.857142857142858,0.0,8.65,8,10,0.024330011070466402,0.049079527051827124,True
AHMPUL0C13,250720230003,251111040005,2025-07-21T07:34:50,2025-11-11T12:25:59,29.0,28.0,5.0,5.0,17.24137931034483,17.857142857142858,0.0,8.65,7,10,0.016915212414211168,0.004923562102094358,True
AHMPUL0C13,250721060008,251111040005,2025-07-21T14:55:05,2025-11-11T12:25:59,28.0,28.0,5.5,5.0,19.642857142857142,17.857142857142858,4.25,8.65,10,10,0.012869047963564511,0.08163216372292165,True
AHMPUL0C13,250730230016,251111040005,2025-07-31T07:36:50,2025-11-11T12:25:59,28.0,28.0,6.0,5.0,21.428571428571427,17.857142857142858,0.0,8.65,9,10,0.019365181944910218,0.055752816177542686,True
AHMPUL0C13,250731030006,251111040005,2025-07-31T11:41:45,2025-11-11T12:25:59,28.0,28.0,5.0,5.0,17.857142857142858,17.857142857142858,0.0,8.65,11,10,0.01197699895612849,0.016194434316538706,True
AHMPUL0C13,250731080011,251111040005,2025-07-31T16:08:01,2025-11-11T12:25:59,29.0,28.0,6.0,5.0,20.689655172413794,17.857142857142858,0.0,8.65,11,10,0.016205242969847638,0.018032165646288963,True
AHMPUL0C13,250901060008,251111040005,2025-09-01T14:31:59,2025-11-11T12:25:59,29.0,28.0,5.0,5.0,17.24137931034483,17.857142857142858,0.0,8.65,11,10,0.005446329066996091,0.006460357950793749,True
AHMPUL0C13,250910230011,251111040005,2025-09-11T07:52:22,2025-11-11T12:25:59,28.0,28.0,5.0,5.0,17.857142857142858,17.857142857142858,1.2333333333333334,8.65,11,10,0.003163036044969662,0.03986720835616765,True
AHMPUL0C13,250911030004,251111040005,2025-09-11T11:21:38,2025-11-11T12:25:59,28.0,28.0,5.5,5.0,19.642857142857142,17.857142857142858,30.7,8.65,12,10,0.01559044181601739,0.31994258012712873,True
AHMPUL0C13,250911060006,251111040005,2025-09-11T14:26:08,2025-11-11T12:25:59,28.0,28.0,5.5,5.0,19.642857142857142,17.857142857142858,0.0,8.65,10,10,0.02060825832808306,0.013335247801464773,True
AHMPUL0C13,250930010002,251111040005,2025-09-30T09:35:02,2025-11-11T12:25:59,28.0,28.0,6.0,5.0,21.428571428571427,17.857142857142858,54.4,8.65,13,10,0.030779115035645357,0.014933461021271674,True
AHMPUL0C13,250930050004,251111040005,2025-09-30T13:36:37,2025-11-11T12:25:59,28.0,28.0,5.0,5.0,17.857142857142858,17.857142857142858,0.0,8.65,10,10,0.03240256283466924,0.020744089718148236,True
AHMPUL0C13,251101000001,251111040005,2025-11-01T08:09:41,2025-11-11T12:25:59,28.0,28.0,5.0,5.0,17.857142857142858,17.857142857142858,0.0,8.65,12,10,0.003868011591764341,0.004869807938346548,True
AHMPUL0C13,251110230014,251111040005,2025-11-11T07:35:38,2025-11-11T12:25:59,28.0,28.0,5.0,5.0,17.857142857142858,17.857142857142858,0.0,8.65,11,10,0.009682637591838883,0.02246403704423967,True
AHMPUL0C13,250111000001,251120220014,2025-01-11T08:37:09,2025-11-21T06:34:00,30.0,31.0,7.0,6.5,23.333333333333332,20.967741935483872,12.783333333333333,26.833333333333332,12,11,0.09799099182412484,0.02686554759278324,True
AHMPUL0C13,250120220007,251120220014,2025-01-21T06:04:58,2025-11-21T06:34:00,31.0,31.0,6.0,6.5,19.35483870967742,20.967741935483872,0.0,26.833333333333332,10,11,0.12915539313000796,0.04414952770214339,True
AHMPUL0C13,250121010002,251120220014,2025-01-21T09:11:20,2025-11-21T06:34:00,30.0,31.0,6.5,6.5,21.666666666666668,20.967741935483872,0.0,26.833333333333332,10,11,0.04406678224261671,0.027817692903666313,True
AHMPUL0C13,250310220011,251120220014,2025-03-11T06:30:15,2025-11-21T06:34:00,30.0,31.0,6.5,6.5,21.666666666666668,20.967741935483872,0.0,26.833333333333332,10,11,0.12329310593838907,0.03611763675459648,True
AHMPUL0C13,250311020004,251120220014,2025-03-11T10:43:44,2025-11-21T06:34:00,30.0,31.0,8.0,6.5,26.666666666666668,20.967741935483872,7.983333333333333,26.833333333333332,11,11,0.07404644294029206,0.023493249139612905,True
AHMPUL0C13,250311060007,251120220014,2025-03-11T14:17:44,2025-11-21T06:34:00,31.0,31.0,7.0,6.5,22.58064516129032,20.967741935483872,0.0,26.833333333333332,13,11,0.09743998159978069,0.04825475607633766,True
AHMPUL0C13,250320220012,251120220014,2025-03-21T06:02:37,2025-11-21T06:34:00,31.0,31.0,7.0,6.5,22.58064516129032,20.967741935483872,0.0,26.833333333333332,10,11,0.03453542103383587,0.045499306827775025,True
AHMPUL0C13,250321000002,251120220014,2025-03-21T08:53:36,2025-11-21T06:34:00,31.0,31.0,6.0,6.5,19.35483870967742,20.967741935483872,0.0,26.833333333333332,9,11,0.6514971583713007,0.03864706764548176,True
AHMPUL0C13,250321030006,251120220014,2025-03-21T11:23:27,2025-11-21T06:34:00,31.0,31.0,6.0,6.5,19.35483870967742,20.967741935483872,9.3,26.833333333333332,9,11,0.10764675233128161,0.030668804559867913,True
AHMPUL0C13,250330230001,251120220014,2025-03-31T07:24:49,2025-11-21T06:34:00,31.0,31.0,7.0,6.5,22.58064516129032,20.967741935483872,0.0,26.833333333333332,12,11,0.13021302580606772,0.039835784758826764,True
AHMPUL0C13,250520220015,251120220014,2025-05-21T06:40:10,2025-11-21T06:34:00,30.0,31.0,6.0,6.5,20.0,20.967741935483872,0.0,26.833333333333332,9,11,0.022652676422300306,0.03289124786575524,True
AHMPUL0C13,250521010002,251120220014,2025-05-21T09:16:36,2025-11-21T06:34:00,31.0,31.0,6.0,6.5,19.35483870967742,20.967741935483872,0.0,26.833333333333332,7,11,0.12175844467624541,0.03007056555349836,True
AHMPUL0C13,250521030005,251120220014,2025-05-21T11:58:11,2025-11-21T06:34:00,31.0,31.0,6.5,6.5,20.967741935483872,20.967741935483872,9.333333333333334,26.833333333333332,11,11,0.1075286095445369,0.03049381466739744,True
AHMPUL0C13,250521060007,251120220014,2025-05-21T14:29:19,2025-11-21T06:34:00,30.0,31.0,6.5,6.5,21.666666666666668,20.967741935483872,12.183333333333334,26.833333333333332,11,11,0.05443251484953747,0.027447419480633273,True
AHMPUL0C13,250701010002,251120220014,2025-07-01T09:24:46,2025-11-21T06:34:00,30.0,31.0,6.0,6.5,20.0,20.967741935483872,0.0,26.833333333333332,10,11,0.06773997387134151,0.007881368207868724,True
AHMPUL0C13,250701040006,251120220014,2025-07-01T12:10:18,2025-11-21T06:34:00,31.0,31.0,7.0,6.5,22.58064516129032,20.967741935483872,39.95,26.833333333333332,8,11,0.6495914027052265,0.027716039614155794,True
AHMPUL0C13,250710210010,251120220014,2025-07-11T05:57:31,2025-11-21T06:34:00,30.0,31.0,6.0,6.5,20.0,20.967741935483872,0.0,26.833333333333332,10,11,0.015532105735490801,0.04072900021153396,True
AHMPUL0C13,250711030005,251120220014,2025-07-11T11:11:21,2025-11-21T06:34:00,31.0,31.0,6.5,6.5,20.967741935483872,20.967741935483872,20.033333333333335,26.833333333333332,12,11,0.10563984316731802,0.029110417830287467,True
AHMPUL0C13,250711060008,251120220014,2025-07-11T14:44:08,2025-11-21T06:34:00,36.0,31.0,7.0,6.5,19.444444444444446,20.967741935483872,23.316666666666666,26.833333333333332,10,11,0.059876561603459284,0.05314947801124682,True
AHMPUL0C13,250720210001,251120220014,2025-07-21T05:57:24,2025-11-21T06:34:00,30.0,31.0,6.0,6.5,20.0,20.967741935483872,0.0,26.833333333333332,11,11,0.024778440496921895,0.0359068776566722,True
AHMPUL0C13,250721010002,251120220014,2025-07-21T09:14:47,2025-11-21T06:34:00,30.0,31.0,6.0,6.5,20.0,20.967741935483872,0.0,26.833333333333332,9,11,0.08938516763452557,0.038014625596200446,True
AHMPUL0C13,250721050007,251120220014,2025-07-21T13:08:37,2025-11-21T06:34:00,30.0,31.0,6.0,6.5,20.0,20.967741935483872,0.0,26.833333333333332,11,11,0.11486027100019415,0.018099679817475088,True
AHMPUL0C13,250730220015,251120220014,2025-07-31T06:32:13,2025-11-21T06:34:00,30.0,31.0,6.5,6.5,21.666666666666668,20.967741935483872,0.0,26.833333333333332,8,11,0.10425964337934301,0.02369021154238173,True
AHMPUL0C13,250731050008,251120220014,2025-07-31T13:16:52,2025-11-21T06:34:00,31.0,31.0,6.0,6.5,19.35483870967742,20.967741935483872,2.1,26.833333333333332,9,11,0.6429828311016088,0.06451932036186976,True
AHMPUL0C13,250901020004,251120220014,2025-09-01T10:30:09,2025-11-21T06:34:00,31.0,31.0,7.5,6.5,24.193548387096776,20.967741935483872,74.1,26.833333333333332,11,11,0.06947984287753886,0.027736257244346987,True
AHMPUL0C13,250910220010,251120220014,2025-09-11T06:04:49,2025-11-21T06:34:00,31.0,31.0,6.5,6.5,20.967741935483872,20.967741935483872,14.616666666666667,26.833333333333332,9,11,0.0012231441926215392,0.008108301839526297,True
AHMPUL0C13,250911040005,251120220014,2025-09-11T12:59:28,2025-11-21T06:34:00,31.0,31.0,6.5,6.5,20.967741935483872,20.967741935483872,17.416666666666668,26.833333333333332,10,11,0.23080983934454294,0.025866833433762247,True
AHMPUL0C13,250929220006,251120220014,2025-09-30T06:36:49,2025-11-21T06:34:00,31.0,31.0,7.5,6.5,24.193548387096776,20.967741935483872,67.48333333333333,26.833333333333332,12,11,0.1237252425873071,0.015164700341350446,True
AHMPUL0C13,250930030003,251120220014,2025-09-30T11:45:29,2025-11-21T06:34:00,31.0,31.0,6.5,6.5,20.967741935483872,20.967741935483872,27.666666666666668,26.833333333333332,13,11,0.08870060100400189,0.03795296265369077,True
AHMPUL0C13,251031220008,251120220014,2025-11-01T06:33:33,2025-11-21T06:34:00,31.0,31.0,6.0,6.5,19.35483870967742,20.967741935483872,0.0,26.833333333333332,11,11,0.032678153055096776,0.009758307846035109,True
AHMPUL0C13,251101010003,251120220014,2025-11-01T09:27:01,2025-11-21T06:34:00,31.0,31.0,7.5,6.5,24.193548387096776,20.967741935483872,19.283333333333335,26.833333333333332,14,11,0.10313156336736219,0.04241951173151774,True
AHMPUL0C13,251110220012,251120220014,2025-11-11T06:04:56,2025-11-21T06:34:00,30.0,31.0,6.0,6.5,20.0,20.967741935483872,0.0,26.833333333333332,10,11,0.13565704078373497,0.054099567055236226,True
AHMPUL0C13,251111000001,251120220014,2025-11-11T08:54:56,2025-11-21T06:34:00,31.0,31.0,6.5,6.5,20.967741935483872,20.967741935483872,0.0,26.833333333333332,8,11,0.121153678108353,0.021013888358889087,True
AHMPUL0C13,251111030004,251120220014,2025-11-11T11:22:12,2025-11-21T06:34:00,31.0,31.0,6.0,6.5,19.35483870967742,20.967741935483872,0.0,26.833333333333332,9,11,0.10472507027059617,0.004003017359117289,True
AHMPUL0C13,250731010003,251121010003,2025-07-31T09:51:13,2025-11-21T09:47:54,25.0,26.0,4.5,5.5,18.0,21.153846153846153,0.0,0.0,6,4,0.0451935202753178,0.004960444272820233,False
AHMPUL0C13,250911010002,251121010003,2025-09-11T09:51:00,2025-11-21T09:47:54,26.0,26.0,5.0,5.5,19.230769230769234,21.153846153846153,0.0,0.0,4,4,0.0007499496554266226,0.00657303858015901,True
AHMPUL0C13,250111020002,251121050006,2025-01-11T10:07:29,2025-11-21T13:24:10,28.0,29.0,6.5,5.0,23.214285714285715,17.24137931034483,0.0,1.9,14,10,0.014034392873247804,0.0667697957248149,True
AHMPUL0C13,250120230010,251121050006,2025-01-21T07:34:19,2025-11-21T13:24:10,28.0,29.0,5.5,5.0,19.642857142857142,17.24137931034483,3.933333333333333,1.9,12,10,0.016954535103178865,0.0745699074726913,True
AHMPUL0C13,250311000001,251121050006,2025-03-11T08:20:04,2025-11-21T13:24:10,29.0,29.0,5.5,5.0,18.96551724137931,17.24137931034483,0.0,1.9,10,10,0.013094349211265883,0.5525221035916847,True
AHMPUL0C13,250320230014,251121050006,2025-03-21T07:34:21,2025-11-21T13:24:10,28.0,29.0,5.5,5.0,19.642857142857142,17.24137931034483,0.0,1.9,11,10,0.0053996059039346875,0.02154708564234035,True
AHMPUL0C13,250321040007,251121050006,2025-03-21T12:44:13,2025-11-21T13:24:10,28.0,29.0,6.0,5.0,21.428571428571427,17.24137931034483,0.0,1.9,10,10,0.023524820869447433,0.051347585081850444,True
AHMPUL0C13,250521000001,251121050006,2025-05-21T08:06:46,2025-11-21T13:24:10,28.0,29.0,5.0,5.0,17.857142857142858,17.24137931034483,0.0,1.9,10,10,0.033019776964865036,0.015499738730813896,True
AHMPUL0C13,250521050006,251121050006,2025-05-21T13:18:08,2025-11-21T13:24:10,28.0,29.0,6.0,5.0,21.428571428571427,17.24137931034483,0.0,1.9,11,10,0.019186858493680303,0.05983545115405619,True
AHMPUL0C13,250521070008,251121050006,2025-05-21T15:56:20,2025-11-21T13:24:10,29.0,29.0,5.5,5.0,18.96551724137931,17.24137931034483,0.0,1.9,11,10,0.014700480872902719,0.013549193486478699,True
AHMPUL0C13,250701050007,251121050006,2025-07-01T13:58:49,2025-11-21T13:24:10,28.0,29.0,5.0,5.0,17.857142857142858,17.24137931034483,0.0,1.9,11,10,0.01745039505533223,0.058316531076376125,True
AHMPUL0C13,250710230012,251121050006,2025-07-11T07:35:54,2025-11-21T13:24:10,29.0,29.0,5.5,5.0,18.96551724137931,17.24137931034483,0.0,1.9,8,10,0.009442859408283728,0.05907411566646826,True
AHMPUL0C13,250711050006,251121050006,2025-07-11T13:00:53,2025-11-21T13:24:10,28.0,29.0,5.5,5.0,19.642857142857142,17.24137931034483,0.0,1.9,8,10,0.01966376926109747,0.05798162039539776,True
AHMPUL0C13,250720230003,251121050006,2025-07-21T07:34:50,2025-11-21T13:24:10,29.0,29.0,5.0,5.0,17.24137931034483,17.24137931034483,0.0,1.9,7,10,0.023780460681047978,0.009130634630132289,True
AHMPUL0C13,250721060008,251121050006,2025-07-21T14:55:05,2025-11-21T13:24:10,28.0,29.0,5.5,5.0,19.642857142857142,17.24137931034483,4.25,1.9,10,10,0.0037806275056561645,0.08899700391979748,True
AHMPUL0C13,250730230016,251121050006,2025-07-31T07:36:50,2025-11-21T13:24:10,28.0,29.0,6.0,5.0,21.428571428571427,17.24137931034483,0.0,1.9,9,10,0.01746229011953798,0.06276716770924262,True
AHMPUL0C13,250731030006,251121050006,2025-07-31T11:41:45,2025-11-21T13:24:10,28.0,29.0,5.0,5.0,17.857142857142858,17.24137931034483,0.0,1.9,11,10,0.003313179158118212,0.006089895429090425,True
AHMPUL0C13,250731080011,251121050006,2025-07-31T16:08:01,2025-11-21T13:24:10,29.0,29.0,6.0,5.0,20.689655172413794,17.24137931034483,0.0,1.9,11,10,0.012913911859242925,0.008038007342384915,True
AHMPUL0C13,250901060008,251121050006,2025-09-01T14:31:59,2025-11-21T13:24:10,29.0,29.0,5.0,5.0,17.24137931034483,17.24137931034483,0.0,1.9,11,10,0.012932875932670134,0.011402493130676341,True
AHMPUL0C13,250910230011,251121050006,2025-09-11T07:52:22,2025-11-21T13:24:10,28.0,29.0,5.0,5.0,17.857142857142858,17.24137931034483,1.2333333333333334,1.9,11,10,0.008578507099235777,0.04659217104933962,True
AHMPUL0C13,250911030004,251121050006,2025-09-11T11:21:38,2025-11-21T13:24:10,28.0,29.0,5.5,5.0,19.642857142857142,17.24137931034483,30.7,1.9,12,10,0.0072905817543183465,0.3295721453970013,True
AHMPUL0C13,250911060006,251121050006,2025-09-11T14:26:08,2025-11-21T13:24:10,28.0,29.0,5.5,5.0,19.642857142857142,17.24137931034483,0.0,1.9,10,10,0.011056623441326586,0.01174021362796045,True
AHMPUL0C13,250930010002,251121050006,2025-09-30T09:35:02,2025-11-21T13:24:10,28.0,29.0,6.0,5.0,21.428571428571427,17.24137931034483,54.4,1.9,13,10,0.021051628534935397,0.023035201217872333,True
AHMPUL0C13,250930050004,251121050006,2025-09-30T13:36:37,2025-11-21T13:24:10,28.0,29.0,5.0,5.0,17.857142857142858,17.24137931034483,0.0,1.9,10,10,0.023527313301600072,0.015476713024916438,True
AHMPUL0C13,251101000001,251121050006,2025-11-01T08:09:41,2025-11-21T13:24:10,28.0,29.0,5.0,5.0,17.857142857142858,17.24137931034483,0.0,1.9,12,10,0.013471678764607118,0.00641326393993884,True
AHMPUL0C13,251110230014,251121050006,2025-11-11T07:35:38,2025-11-21T13:24:10,28.0,29.0,5.0,5.0,17.857142857142858,17.24137931034483,0.0,1.9,11,10,0.0016717815351466121,0.013105728228412458,True
AHMPUL0C13,251111040005,251121050006,2025-11-11T12:25:59,2025-11-21T13:24:10,28.0,29.0,5.0,5.0,17.857142857142858,17.24137931034483,8.65,1.9,10,10,0.010613371853831625,0.010124544290626356,True
AHMPUL0C13,250111000001,251121060007,2025-01-11T08:37:09,2025-11-21T14:39:54,30.0,31.0,7.0,7.5,23.333333333333332,24.193548387096776,12.783333333333333,64.85,12,9,0.01255791080363381,0.02727763318641041,True
AHMPUL0C13,250120220007,251121060007,2025-01-21T06:04:58,2025-11-21T14:39:54,31.0,31.0,6.0,7.5,19.35483870967742,24.193548387096776,0.0,64.85,10,9,0.08116207407943982,0.027885012177564165,True
AHMPUL0C13,250121010002,251121060007,2025-01-21T09:11:20,2025-11-21T14:39:54,30.0,31.0,6.5,7.5,21.666666666666668,24.193548387096776,0.0,64.85,10,9,0.07745140053300653,0.03437289617420471,True
AHMPUL0C13,250310220011,251121060007,2025-03-11T06:30:15,2025-11-21T14:39:54,30.0,31.0,6.5,7.5,21.666666666666668,24.193548387096776,0.0,64.85,10,9,0.07262460957781061,0.04137550201097704,True
AHMPUL0C13,250311020004,251121060007,2025-03-11T10:43:44,2025-11-21T14:39:54,30.0,31.0,8.0,7.5,26.666666666666668,24.193548387096776,7.983333333333333,64.85,11,9,0.06613499348608065,0.027683364994973085,True
AHMPUL0C13,250311060007,251121060007,2025-03-11T14:17:44,2025-11-21T14:39:54,31.0,31.0,7.0,7.5,22.58064516129032,24.193548387096776,0.0,64.85,13,9,0.034494147632340315,0.03379531255588319,True
AHMPUL0C13,250320220012,251121060007,2025-03-21T06:02:37,2025-11-21T14:39:54,31.0,31.0,7.0,7.5,22.58064516129032,24.193548387096776,0.0,64.85,10,9,0.11307633891072476,0.020138616453001214,True
AHMPUL0C13,250321000002,251121060007,2025-03-21T08:53:36,2025-11-21T14:39:54,31.0,31.0,6.0,7.5,19.35483870967742,24.193548387096776,0.0,64.85,9,9,0.5560713519334854,0.04324732947790464,True
AHMPUL0C13,250321030006,251121060007,2025-03-21T11:23:27,2025-11-21T14:39:54,31.0,31.0,6.0,7.5,19.35483870967742,24.193548387096776,9.3,64.85,9,9,0.0172596062836212,0.04033614207924265,True
AHMPUL0C13,250330230001,251121060007,2025-03-31T07:24:49,2025-11-21T14:39:54,31.0,31.0,7.0,7.5,22.58064516129032,24.193548387096776,0.0,64.85,12,9,0.08924911220580568,0.01766727658882713,True
AHMPUL0C13,250520220015,251121060007,2025-05-21T06:40:10,2025-11-21T14:39:54,30.0,31.0,6.0,7.5,20.0,24.193548387096776,0.0,64.85,9,9,0.0923929502370755,0.05329469128104052,True
AHMPUL0C13,250521010002,251121060007,2025-05-21T09:16:36,2025-11-21T14:39:54,31.0,31.0,6.0,7.5,19.35483870967742,24.193548387096776,0.0,64.85,7,9,0.015499738730813896,0.02714952777896179,True
AHMPUL0C13,250521030005,251121060007,2025-05-21T11:58:11,2025-11-21T14:39:54,31.0,31.0,6.5,7.5,20.967741935483872,24.193548387096776,9.333333333333334,64.85,11,9,0.007889745584917273,0.03243717073853444,True
AHMPUL0C13,250521060007,251121060007,2025-05-21T14:29:19,2025-11-21T14:39:54,30.0,31.0,6.5,7.5,21.666666666666668,24.193548387096776,12.183333333333334,64.85,11,9,0.06266613474278783,0.027706685094409194,True
AHMPUL0C13,250701010002,251121060007,2025-07-01T09:24:46,2025-11-21T14:39:54,30.0,31.0,6.0,7.5,20.0,24.193548387096776,0.0,64.85,10,9,0.05309485134874657,0.027045441791981237,True
AHMPUL0C13,250701040006,251121060007,2025-07-01T12:10:18,2025-11-21T14:39:54,31.0,31.0,7.0,7.5,22.58064516129032,24.193548387096776,39.95,64.85,8,9,0.5547689072919496,0.03282162624533154,True
AHMPUL0C13,250710210010,251121060007,2025-07-11T05:57:31,2025-11-21T14:39:54,30.0,31.0,6.0,7.5,20.0,24.193548387096776,0.0,64.85,10,9,0.09367016525299361,0.015900874510445917,True
AHMPUL0C13,250711030005,251121060007,2025-07-11T11:11:21,2025-11-21T14:39:54,31.0,31.0,6.5,7.5,20.967741935483872,24.193548387096776,20.033333333333335,64.85,12,9,0.01124907610175883,0.035200345077938025,True
AHMPUL0C13,250711060008,251121060007,2025-07-11T14:44:08,2025-11-21T14:39:54,36.0,31.0,7.0,7.5,19.444444444444446,24.193548387096776,23.316666666666666,64.85,10,9,0.057450875973384184,0.02524449029824519,True
AHMPUL0C13,250720210001,251121060007,2025-07-21T05:57:24,2025-11-21T14:39:54,30.0,31.0,6.0,7.5,20.0,24.193548387096776,0.0,64.85,11,9,0.12724346963462257,0.01749399568206578,True
AHMPUL0C13,250721010002,251121060007,2025-07-21T09:14:47,2025-11-21T14:39:54,30.0,31.0,6.0,7.5,20.0,24.193548387096776,0.0,64.85,9,9,0.056840651570628856,0.06199924739665534,True
AHMPUL0C13,250721050007,251121060007,2025-07-21T13:08:37,2025-11-21T14:39:54,30.0,31.0,6.0,7.5,20.0,24.193548387096776,0.0,64.85,11,9,0.023475146856323258,0.02299792865841062,True
AHMPUL0C13,250730220015,251121060007,2025-07-31T06:32:13,2025-11-21T14:39:54,30.0,31.0,6.5,7.5,21.666666666666668,24.193548387096776,0.0,64.85,8,9,0.009125508505054357,0.036493577580431674,True
AHMPUL0C13,250731050008,251121060007,2025-07-31T13:16:52,2025-11-21T14:39:54,31.0,31.0,6.0,7.5,19.35483870967742,24.193548387096776,2.1,64.85,9,9,0.5474846795839186,0.037650213488177826,True
AHMPUL0C13,250901020004,251121060007,2025-09-01T10:30:09,2025-11-21T14:39:54,31.0,31.0,7.5,7.5,24.193548387096776,24.193548387096776,74.1,64.85,11,9,0.05003163491792049,0.04805394765735288,True
AHMPUL0C13,250910220010,251121060007,2025-09-11T06:04:49,2025-11-21T14:39:54,31.0,31.0,6.5,7.5,20.967741935483872,24.193548387096776,14.616666666666667,64.85,9,9,0.11041797418894879,0.027358666766265735,True
AHMPUL0C13,250911040005,251121060007,2025-09-11T12:59:28,2025-11-21T14:39:54,31.0,31.0,6.5,7.5,20.967741935483872,24.193548387096776,17.416666666666668,64.85,10,9,0.3283778680151615,0.021743904394341332,True
AHMPUL0C13,250929220006,251121060007,2025-09-30T06:36:49,2025-11-21T14:39:54,31.0,31.0,7.5,7.5,24.193548387096776,24.193548387096776,67.48333333333333,64.85,12,9,0.014566535390386492,0.01971569880307265,True
AHMPUL0C13,250930030003,251121060007,2025-09-30T11:45:29,2025-11-21T14:39:54,31.0,31.0,6.5,7.5,20.967741935483872,24.193548387096776,27.666666666666668,64.85,13,9,0.023035201217872333,0.02881950311263805,True
AHMPUL0C13,251031220008,251121060007,2025-11-01T06:33:33,2025-11-21T14:39:54,31.0,31.0,6.0,7.5,19.35483870967742,24.193548387096776,0.0,64.85,11,9,0.09908827270178702,0.03980892770910643,True
AHMPUL0C13,251101010003,251121060007,2025-11-01T09:27:01,2025-11-21T14:39:54,31.0,31.0,7.5,7.5,24.193548387096776,24.193548387096776,19.283333333333335,64.85,14,9,0.00641326393993884,0.04326755162833505,True
AHMPUL0C13,251110220012,251121060007,2025-11-11T06:04:56,2025-11-21T14:39:54,30.0,31.0,6.0,7.5,20.0,24.193548387096776,0.0,64.85,10,9,0.10199061805433218,0.031164066361118705,True
AHMPUL0C13,251111000001,251121060007,2025-11-11T08:54:56,2025-11-21T14:39:54,31.0,31.0,6.5,7.5,20.967741935483872,24.193548387096776,0.0,64.85,8,9,0.013105728228412458,0.021450244261510036,True
AHMPUL0C13,251111030004,251121060007,2025-11-11T11:22:12,2025-11-21T14:39:54,31.0,31.0,6.0,7.5,19.35483870967742,24.193548387096776,0.0,64.85,9,9,0.014782277344566335,0.03439491209006133,True
AHMPUL0C13,251120220014,251121060007,2025-11-21T06:34:00,2025-11-21T14:39:54,31.0,31.0,6.5,7.5,20.967741935483872,24.193548387096776,26.833333333333332,64.85,11,9,0.10919858242106054,0.03485768144779773,True
AHMPUL0C13,250111020002,251121100009,2025-01-11T10:07:29,2025-11-21T18:06:30,28.0,28.0,6.5,5.5,23.214285714285715,19.642857142857142,0.0,0.0,14,9,0.020230935755521054,0.10908196789488542,True
AHMPUL0C13,250120230010,251121100009,2025-01-21T07:34:19,2025-11-21T18:06:30,28.0,28.0,5.5,5.5,19.642857142857142,19.642857142857142,3.933333333333333,0.0,12,9,0.023108377188413035,0.0031411659563374593,True
AHMPUL0C13,250311000001,251121100009,2025-03-11T08:20:04,2025-11-21T18:06:30,29.0,28.0,5.5,5.5,18.96551724137931,19.642857142857142,0.0,0.0,10,9,0.009502871631270352,0.5968876289996727,True
AHMPUL0C13,250320230014,251121100009,2025-03-21T07:34:21,2025-11-21T18:06:30,28.0,28.0,5.5,5.5,19.642857142857142,19.642857142857142,0.0,0.0,11,9,0.00779522061709106,0.0881229979826687,True
AHMPUL0C13,250321040007,251121100009,2025-03-21T12:44:13,2025-11-21T18:06:30,28.0,28.0,6.0,5.5,21.428571428571427,19.642857142857142,0.0,0.0,10,9,0.03195280174207972,0.02542719887901423,True
AHMPUL0C13,250521000001,251121100009,2025-05-21T08:06:46,2025-11-21T18:06:30,28.0,28.0,5.0,5.5,17.857142857142858,19.642857142857142,0.0,0.0,10,9,0.04266609110511057,0.08797758740118214,True
AHMPUL0C13,250521050006,251121100009,2025-05-21T13:18:08,2025-11-21T18:06:30,28.0,28.0,6.0,5.5,21.428571428571427,19.642857142857142,0.0,0.0,11,9,0.02585712114296775,0.013046635865005624,True
AHMPUL0C13,250521070008,251121100009,2025-05-21T15:56:20,2025-11-21T18:06:30,29.0,28.0,5.5,5.5,18.96551724137931,19.642857142857142,0.0,0.0,11,9,0.0208485570700856,0.08370791867635398,True
AHMPUL0C13,250701050007,251121100009,2025-07-01T13:58:49,2025-11-21T18:06:30,28.0,28.0,5.0,5.5,17.857142857142858,19.642857142857142,0.0,0.0,11,9,0.025011814675827273,0.01469064051848341,True
AHMPUL0C13,250710230012,251121100009,2025-07-11T07:35:54,2025-11-21T18:06:30,29.0,28.0,5.5,5.5,18.96551724137931,19.642857142857142,0.0,0.0,8,9,0.01460703938603316,0.12056870056653016,True
AHMPUL0C13,250711050006,251121100009,2025-07-11T13:00:53,2025-11-21T18:06:30,28.0,28.0,5.5,5.5,19.642857142857142,19.642857142857142,0.0,0.0,8,9,0.02741736221251393,0.015095943208732676,True
AHMPUL0C13,250720230003,251121100009,2025-07-21T07:34:50,2025-11-21T18:06:30,29.0,28.0,5.0,5.5,17.24137931034483,19.642857142857142,0.0,0.0,7,9,0.03320014067467526,0.06374205560196246,True
AHMPUL0C13,250721060008,251121100009,2025-07-21T14:55:05,2025-11-21T18:06:30,28.0,28.0,5.5,5.5,19.642857142857142,19.642857142857142,4.25,0.0,10,9,0.012045914217997526,0.09286881437086682,True
AHMPUL0C13,250730230016,251121100009,2025-07-31T07:36:50,2025-11-21T18:06:30,28.0,28.0,6.0,5.5,21.428571428571427,19.642857142857142,0.0,0.0,9,9,0.026590672503901496,0.019895305791204285,True
AHMPUL0C13,250731030006,251121100009,2025-07-31T11:41:45,2025-11-21T18:06:30,28.0,28.0,5.0,5.5,17.857142857142858,19.642857142857142,0.0,0.0,11,9,0.006656732757625712,0.0779926976562683,True
AHMPUL0C13,250731080011,251121100009,2025-07-31T16:08:01,2025-11-21T18:06:30,29.0,28.0,6.0,5.5,20.689655172413794,19.642857142857142,0.0,0.0,11,9,0.00764675719213277,0.08068404499927712,True
AHMPUL0C13,250901060008,251121100009,2025-09-01T14:31:59,2025-11-21T18:06:30,29.0,28.0,5.0,5.5,17.24137931034483,19.642857142857142,0.0,0.0,11,9,0.01730627900581201,0.06834628619977402,True
AHMPUL0C13,250910230011,251121100009,2025-09-11T07:52:22,2025-11-21T18:06:30,28.0,28.0,5.0,5.5,17.857142857142858,19.642857142857142,1.2333333333333334,0.0,11,9,0.014868285187177284,0.030558157784026752,True
AHMPUL0C13,250911030004,251121100009,2025-09-11T11:21:38,2025-11-21T18:06:30,28.0,28.0,5.5,5.5,19.642857142857142,19.642857142857142,30.7,0.0,12,9,0.0025131272040764363,0.28369765120086154,True
AHMPUL0C13,250911060006,251121100009,2025-09-11T14:26:08,2025-11-21T18:06:30,28.0,28.0,5.5,5.5,19.642857142857142,19.642857142857142,0.0,0.0,10,9,0.015182749097306103,0.0763569091869765,True
AHMPUL0C13,250930010002,251121100009,2025-09-30T09:35:02,2025-11-21T18:06:30,28.0,28.0,6.0,5.5,21.428571428571427,19.642857142857142,54.4,0.0,13,9,0.013313466430474655,0.04983666665734026,True
AHMPUL0C13,250930050004,251121100009,2025-09-30T13:36:37,2025-11-21T18:06:30,28.0,28.0,5.0,5.5,17.857142857142858,19.642857142857142,0.0,0.0,10,9,0.02657558746809202,0.08444670842630156,True
AHMPUL0C13,251101000001,251121100009,2025-11-01T08:09:41,2025-11-21T18:06:30,28.0,28.0,5.0,5.5,17.857142857142858,19.642857142857142,0.0,0.0,12,9,0.019172604865547768,0.06649160901141174,True
AHMPUL0C13,251110230014,251121100009,2025-11-11T07:35:38,2025-11-21T18:06:30,28.0,28.0,5.0,5.5,17.857142857142858,19.642857142857142,0.0,0.0,11,9,0.011438616248243666,0.08597277321830815,True
AHMPUL0C13,251111040005,251121100009,2025-11-11T12:25:59,2025-11-21T18:06:30,28.0,28.0,5.0,5.5,17.857142857142858,19.642857142857142,8.65,0.0,10,9,0.017889189271319866,0.06412314487493337,True
AHMPUL0C13,251121050006,251121100009,2025-11-21T13:24:10,2025-11-21T18:06:30,29.0,28.0,5.0,5.5,17.24137931034483,19.642857142857142,1.9,0.0,10,9,0.009772328893891378,0.07287142903255765,True
ASQBKM1VW6,250521020010,250521070017,2025-05-21T10:59:17,2025-05-21T15:06:32,12.0,11.0,3.5,3.5,29.166666666666668,31.818181818181817,10.833333333333334,4.516666666666667,7,6,0.013584403742673428,0.018190568021137287,False
ASQBKM1VW6,250521020010,250731070016,2025-05-21T10:59:17,2025-07-31T15:28:30,12.0,11.0,3.5,2.5,29.166666666666668,22.727272727272727,10.833333333333334,0.0,7,7,0.04415731227884198,0.028602375831579614,False
ASQBKM1VW6,250521070017,250731070016,2025-05-21T15:06:32,2025-07-31T15:28:30,11.0,11.0,3.5,2.5,31.818181818181817,22.727272727272727,4.516666666666667,0.0,6,7,0.03072166147323895,0.03566313115126853,False
B4TLK0X42N,250511000001,250511040004,2025-05-11T08:19:05,2025-05-11T12:58:58,11.0,13.0,9.0,10.0,81.81818181818183,76.92307692307693,77.26666666666667,86.36666666666666,4,11,0.040225802751468955,0.015588493954717068,True
B4TLK0X42N,250731090001,250921080001,2025-07-31T17:58:22,2025-09-21T16:19:37,27.0,28.0,7.0,7.5,25.925925925925924,26.785714285714285,0.0,0.0,12,15,0.004688287966098779,0.003367539201336678,True
B4TLK0X42N,250901000001,250929230004,2025-09-01T08:17:11,2025-09-30T07:07:33,39.0,45.0,32.5,25.5,83.33333333333334,56.666666666666664,460.75,264.73333333333335,17,17,0.01838706575116477,0.0118639926815425,True
B4TLK0X42N,250929210003,251031220001,2025-09-30T05:53:42,2025-11-01T06:46:51,14.0,15.0,4.0,4.0,28.57142857142857,26.666666666666668,0.0,0.0,7,7,0.001541490782120903,0.009025255563468284,False
BYC608ZI24,250110230014,250701100004,2025-01-11T07:18:45,2025-07-01T18:36:57,12.0,10.0,8.5,4.0,70.83333333333334,40.0,126.73333333333333,32.083333333333336,21,15,0.003847452845224109,0.9437538167929449,False
C1N6TWBTVB,250701030003,250731030003,2025-07-01T11:41:55,2025-07-31T11:31:30,26.600000000000364,26.899999999999636,8.0,8.0,30.0751879699244,29.739776951673264,71.15,73.91666666666667,8,9,0.006610311595974093,0.025770381411464368,True
C1N6TWBTVB,250701070005,250731070005,2025-07-01T15:31:31,2025-07-31T15:31:09,11.5,10.899999999999636,3.0,2.5,26.08695652173913,22.935779816514525,0.0,0.0,5,3,0.008384831417145367,0.0059155060722263985,False
C1N6TWBTVB,250701090006,250731080006,2025-07-01T17:21:19,2025-07-31T16:55:27,28.0,28.5,6.5,6.5,23.214285714285715,22.807017543859647,0.0,17.866666666666667,11,9,0.006684821004691078,0.025626906105162408,True
C38ZBDJPHK,250321000001,250521020004,2025-03-21T08:24:56,2025-05-21T10:54:13,26.0,26.19999999999891,4.5,4.0,17.307692307692307,15.26717557251972,0.0,0.0,2,4,0.027728770401874176,0.023335350960268633,False
C38ZBDJPHK,250521000001,250930000001,2025-05-21T08:07:09,2025-09-30T08:27:50,17.200000000000728,18.899999999997817,2.5,3.0,14.534883720929617,15.873015873017707,0.0,0.0,3,9,0.02765921426344722,0.014656689248268866,False
C38ZBDJPHK,250521000002,250930010002,2025-05-21T08:54:21,2025-09-30T09:18:12,10.299999999999272,10.700000000000728,1.5,1.5,14.563106796117534,14.018691588784094,0.0,0.0,3,8,0.012616734331662037,0.22832460268996857,False
C38ZBDJPHK,250121040010,251111050016,2025-01-21T12:28:31,2025-11-11T13:05:46,42.30000000000018,50.30000000000291,5.5,7.0,13.002364066193797,13.91650099403498,0.0,0.0,12,10,0.23466410870345591,0.01716725866680379,True
DLM28P1JMF,250131060001,250301060002,2025-01-31T14:25:05,2025-03-01T14:51:17,42.0,46.0,8.0,7.5,19.047619047619047,16.304347826086957,1.3666666666666667,0.0,20,19,0.012223502240378417,0.01542926522477932,True
DLM28P1JMF,250228170004,250310170003,2025-03-01T01:24:44,2025-03-11T01:56:04,44.0,45.0,8.0,9.0,18.181818181818183,20.0,0.0,11.6,20,19,0.0170318889630466,0.5241443303799634,True
DLM28P1JMF,250131060001,250310220008,2025-01-31T14:25:05,2025-03-11T06:35:07,42.0,43.0,8.0,8.0,19.047619047619047,18.6046511627907,1.3666666666666667,21.916666666666668,20,22,0.1179020823482637,0.05379954143924245,True
DLM28P1JMF,250301060002,250310220008,2025-03-01T14:51:17,2025-03-11T06:35:07,46.0,43.0,7.5,8.0,16.304347826086957,18.6046511627907,0.0,21.916666666666668,19,22,0.10616463735870374,0.05395713771092574,True
DLM28P1JMF,250228170004,250320170004,2025-03-01T01:24:44,2025-03-21T01:46:26,44.0,43.0,8.0,8.0,18.181818181818183,18.6046511627907,0.0,6.766666666666667,20,18,0.02324042707510593,0.3014156885461929,True
DLM28P1JMF,250310170003,250320170004,2025-03-11T01:56:04,2025-03-21T01:46:26,45.0,43.0,9.0,8.0,20.0,18.6046511627907,11.6,6.766666666666667,19,18,0.006669146030134627,0.22652720291686548,True
DLM28P1JMF,250131060001,250320220009,2025-01-31T14:25:05,2025-03-21T06:23:08,42.0,41.0,8.0,6.5,19.047619047619047,15.853658536585366,1.3666666666666667,0.0,20,15,0.13413964751929822,0.034642872539658344,True
DLM28P1JMF,250301060002,250320220009,2025-03-01T14:51:17,2025-03-21T06:23:08,46.0,41.0,7.5,6.5,16.304347826086957,15.853658536585366,0.0,0.0,19,15,0.12204609008400712,0.03642183060376443,True
DLM28P1JMF,250310220008,250320220009,2025-03-11T06:35:07,2025-03-21T06:23:08,43.0,41.0,8.0,6.5,18.6046511627907,15.853658536585366,21.916666666666668,0.0,22,15,0.022939591062217355,0.019197365891780303,True
DLM28P1JMF,250131060001,250331060001,2025-01-31T14:25:05,2025-03-31T14:51:48,42.0,42.0,8.0,7.0,19.047619047619047,16.666666666666664,1.3666666666666667,0.0,20,18,0.015004848189711362,0.009045021198400558,True
DLM28P1JMF,250301060002,250331060001,2025-03-01T14:51:17,2025-03-31T14:51:48,46.0,42.0,7.5,7.0,16.304347826086957,16.666666666666664,0.0,0.0,19,18,0.005448551405907276,0.008974074468825125,True
DLM28P1JMF,250310220008,250331060001,2025-03-11T06:35:07,2025-03-31T14:51:48,43.0,42.0,8.0,7.0,18.6046511627907,16.666666666666664,21.916666666666668,0.0,22,18,0.10295165870534888,0.04867038666529365,True
DLM28P1JMF,250320220009,250331060001,2025-03-21T06:23:08,2025-03-31T14:51:48,41.0,42.0,6.5,7.0,15.853658536585366,16.666666666666664,0.0,0.0,15,18,0.11950026630693708,0.030085810992517534,True
DLM28P1JMF,250228170004,250430160003,2025-03-01T01:24:44,2025-05-01T00:55:53,44.0,40.0,8.0,7.0,18.181818181818183,17.5,0.0,11.75,20,13,0.015900874510445917,0.279334713382167,True
DLM28P1JMF,250310170003,250430160003,2025-03-11T01:56:04,2025-05-01T00:55:53,45.0,40.0,9.0,7.0,20.0,17.5,11.6,11.75,19,13,0.0013731348095339737,0.24482156613687692,True
DLM28P1JMF,250320170004,250430160003,2025-03-21T01:46:26,2025-05-01T00:55:53,43.0,40.0,8.0,7.0,18.6046511627907,17.5,6.766666666666667,11.75,18,13,0.00803115520882268,0.038869851567452526,True
DLM28P1JMF,250131060001,250501070001,2025-01-31T14:25:05,2025-05-01T15:07:05,42.0,41.0,8.0,8.5,19.047619047619047,20.73170731707317,1.3666666666666667,0.0,20,25,0.016458712175052008,0.012134037737749083,True
DLM28P1JMF,250301060002,250501070001,2025-03-01T14:51:17,2025-05-01T15:07:05,46.0,41.0,7.5,8.5,16.304347826086957,20.73170731707317,0.0,0.0,19,25,0.00973073907014608,0.00825030033862893,True
DLM28P1JMF,250310220008,250501070001,2025-03-11T06:35:07,2025-05-01T15:07:05,43.0,41.0,8.0,8.5,18.6046511627907,20.73170731707317,21.916666666666668,0.0,22,25,0.10266107770528411,0.0598477735311658,True
DLM28P1JMF,250320220009,250501070001,2025-03-21T06:23:08,2025-05-01T15:07:05,41.0,41.0,6.5,8.5,15.853658536585366,20.73170731707317,0.0,0.0,15,25,0.11985735768469231,0.04143874161532396,True
DLM28P1JMF,250331060001,250501070001,2025-03-31T14:51:48,2025-05-01T15:07:05,42.0,41.0,7.0,8.5,16.666666666666664,20.73170731707317,0.0,0.0,18,25,0.004623773444230121,0.011383186874597773,True
DLM28P1JMF,250131060001,250511130001,2025-01-31T14:25:05,2025-05-11T21:46:01,42.0,41.0,8.0,6.5,19.047619047619047,15.853658536585366,1.3666666666666667,0.0,20,20,0.005866867974462128,0.033071479223466364,True
DLM28P1JMF,250301060002,250511130001,2025-03-01T14:51:17,2025-05-11T21:46:01,46.0,41.0,7.5,6.5,16.304347826086957,15.853658536585366,0.0,0.0,19,20,0.006390098895292854,0.030382153083678805,True
DLM28P1JMF,250310220008,250511130001,2025-03-11T06:35:07,2025-05-11T21:46:01,43.0,41.0,8.0,6.5,18.6046511627907,15.853658536585366,21.916666666666668,0.0,22,20,0.11214738175161149,0.023806444107990734,True
DLM28P1JMF,250320220009,250511130001,2025-03-21T06:23:08,2025-05-11T21:46:01,41.0,41.0,6.5,6.5,15.853658536585366,15.853658536585366,0.0,0.0,15,20,0.12828457342314026,0.010483181516589132,True
DLM28P1JMF,250331060001,250511130001,2025-03-31T14:51:48,2025-05-11T21:46:01,42.0,41.0,7.0,6.5,16.666666666666664,15.853658536585366,0.0,0.0,18,20,0.009481947702477424,0.026230563116577458,True
DLM28P1JMF,250501070001,250511130001,2025-05-01T15:07:05,2025-05-11T21:46:01,41.0,41.0,8.5,6.5,20.73170731707317,15.853658536585366,0.0,0.0,25,20,0.011863647324583863,0.036869109759843706,True
DLM28P1JMF,250228170004,250520170003,2025-03-01T01:24:44,2025-05-21T01:21:18,44.0,40.0,8.0,8.5,18.181818181818183,21.25,0.0,10.483333333333333,20,18,0.011128350531878804,0.2743105937090969,True
DLM28P1JMF,250310170003,250520170003,2025-03-11T01:56:04,2025-05-21T01:21:18,45.0,40.0,9.0,8.5,20.0,21.25,11.6,10.483333333333333,19,18,0.02216189687370993,0.2523518088586974,True
DLM28P1JMF,250320170004,250520170003,2025-03-21T01:46:26,2025-05-21T01:21:18,43.0,40.0,8.0,8.5,18.6046511627907,21.25,6.766666666666667,10.483333333333333,18,18,0.02658321362736601,0.027262144926521317,True
DLM28P1JMF,250430160003,250520170003,2025-05-01T00:55:53,2025-05-21T01:21:18,40.0,40.0,7.0,8.5,17.5,21.25,11.75,10.483333333333333,13,18,0.02156577586899787,0.028159515410563395,True
DLM28P1JMF,250131060001,250521060001,2025-01-31T14:25:05,2025-05-21T14:58:32,42.0,41.0,8.0,8.0,19.047619047619047,19.51219512195122,1.3666666666666667,0.0,20,26,0.016161594019672546,0.005618839565905653,True
DLM28P1JMF,250301060002,250521060001,2025-03-01T14:51:17,2025-05-21T14:58:32,46.0,41.0,7.5,8.0,16.304347826086957,19.51219512195122,0.0,0.0,19,26,0.0039521242520876125,0.01247804105909285,True
DLM28P1JMF,250310220008,250521060001,2025-03-11T06:35:07,2025-05-21T14:58:32,43.0,41.0,8.0,8.0,18.6046511627907,19.51219512195122,21.916666666666668,0.0,22,26,0.10252900043500215,0.05766057955775554,True
DLM28P1JMF,250320220009,250521060001,2025-03-21T06:23:08,2025-05-21T14:58:32,41.0,41.0,6.5,8.0,15.853658536585366,19.51219512195122,0.0,0.0,15,26,0.11822088076100012,0.038689071163583104,True
DLM28P1JMF,250331060001,250521060001,2025-03-31T14:51:48,2025-05-21T14:58:32,42.0,41.0,7.0,8.0,16.666666666666664,19.51219512195122,0.0,0.0,18,26,0.00586520941434837,0.009774094673456097,True
DLM28P1JMF,250501070001,250521060001,2025-05-01T15:07:05,2025-05-21T14:58:32,41.0,41.0,8.5,8.0,20.73170731707317,19.51219512195122,0.0,0.0,25,26,0.010444347683466951,0.006949063579459524,True
DLM28P1JMF,250511130001,250521060001,2025-05-11T21:46:01,2025-05-21T14:58:32,41.0,41.0,6.5,8.0,15.853658536585366,19.51219512195122,0.0,0.0,20,26,0.010341388869392471,0.03583570928432468,True
DLM28P1JMF,250331100002,250521100002,2025-03-31T18:37:26,2025-05-21T18:10:11,78.0,77.0,18.0,16.5,23.076923076923077,21.428571428571427,135.86666666666667,128.23333333333332,25,21,0.009774094673456097,0.006168173403398262,True
DLM28P1JMF,250228170004,250630170005,2025-03-01T01:24:44,2025-07-01T01:33:18,44.0,43.0,8.0,10.0,18.181818181818183,23.25581395348837,0.0,30.016666666666666,20,12,0.0214757378341451,0.2975821714617791,True
DLM28P1JMF,250310170003,250630170005,2025-03-11T01:56:04,2025-07-01T01:33:18,45.0,43.0,9.0,10.0,20.0,23.25581395348837,11.6,30.016666666666666,19,12,0.004447797065685877,0.22910933714046192,True
DLM28P1JMF,250320170004,250630170005,2025-03-21T01:46:26,2025-07-01T01:33:18,43.0,43.0,8.0,10.0,18.6046511627907,23.25581395348837,6.766666666666667,30.016666666666666,18,12,0.0034403085130728806,0.006539034027696627,True
DLM28P1JMF,250430160003,250630170005,2025-05-01T00:55:53,2025-07-01T01:33:18,40.0,43.0,7.0,10.0,17.5,23.25581395348837,11.75,30.016666666666666,13,12,0.005617815153396823,0.032332901415231916,True
DLM28P1JMF,250520170003,250630170005,2025-05-21T01:21:18,2025-07-01T01:33:18,40.0,43.0,8.5,10.0,21.25,23.25581395348837,10.483333333333333,30.016666666666666,18,12,0.02621069129308102,0.023370710946889684,True
DLM28P1JMF,250131060001,250701070001,2025-01-31T14:25:05,2025-07-01T15:09:32,42.0,42.0,8.0,9.0,19.047619047619047,21.428571428571427,1.3666666666666667,35.45,20,26,0.018281632789005114,0.0032890155836601824,True
DLM28P1JMF,250301060002,250701070001,2025-03-01T14:51:17,2025-07-01T15:09:32,46.0,42.0,7.5,9.0,16.304347826086957,21.428571428571427,0.0,35.45,19,26,0.00812036067324253,0.017694041578202764,True
DLM28P1JMF,250310220008,250701070001,2025-03-11T06:35:07,2025-07-01T15:09:32,43.0,42.0,8.0,9.0,18.6046511627907,21.428571428571427,21.916666666666668,35.45,22,26,0.09971925579361234,0.05160773368279757,True
DLM28P1JMF,250320220009,250701070001,2025-03-21T06:23:08,2025-07-01T15:09:32,41.0,42.0,6.5,9.0,15.853658536585366,21.428571428571427,0.0,35.45,15,26,0.11638827210875687,0.03241086398765495,True
DLM28P1JMF,250331060001,250701070001,2025-03-31T14:51:48,2025-07-01T15:09:32,42.0,42.0,7.0,9.0,16.666666666666664,21.428571428571427,0.0,35.45,18,26,0.0032875209035769836,0.010059454403839718,True
DLM28P1JMF,250501070001,250701070001,2025-05-01T15:07:05,2025-07-01T15:09:32,41.0,42.0,8.5,9.0,20.73170731707317,21.428571428571427,0.0,35.45,25,26,0.00491960418869884,0.015286250696818557,True
DLM28P1JMF,250511130001,250701070001,2025-05-11T21:46:01,2025-07-01T15:09:32,41.0,42.0,6.5,9.0,15.853658536585366,21.428571428571427,0.0,35.45,20,26,0.012762255653866496,0.03170579540895506,True
DLM28P1JMF,250521060001,250701070001,2025-05-21T14:58:32,2025-07-01T15:09:32,41.0,42.0,8.0,9.0,19.51219512195122,21.428571428571427,0.0,35.45,26,26,0.006948762902632707,0.008906784951199398,True
DLM28P1JMF,250331100002,250701100002,2025-03-31T18:37:26,2025-07-01T18:38:13,78.0,76.0,18.0,18.0,23.076923076923077,23.684210526315788,135.86666666666667,138.9,25,21,0.010059454403839718,0.004528933807762116,True
DLM28P1JMF,250521100002,250701100002,2025-05-21T18:10:11,2025-07-01T18:38:13,77.0,76.0,16.5,18.0,21.428571428571427,23.684210526315788,128.23333333333332,138.9,21,21,0.008906784951199398,0.009557339315674306,True
DLM28P1JMF,250510170003,250710160003,2025-05-11T01:17:59,2025-07-11T00:44:34,45.0,44.0,10.0,10.0,22.22222222222222,22.727272727272727,76.4,44.266666666666666,19,16,0.009265686824578782,0.9393209841182658,True
DLM28P1JMF,250131060001,250711070001,2025-01-31T14:25:05,2025-07-11T15:14:22,42.0,42.0,8.0,8.5,19.047619047619047,20.238095238095237,1.3666666666666667,7.383333333333334,20,23,0.016588504151790497,0.009637624314252895,True
DLM28P1JMF,250301060002,250711070001,2025-03-01T14:51:17,2025-07-11T15:14:22,46.0,42.0,7.5,8.5,16.304347826086957,20.238095238095237,0.0,7.383333333333334,19,23,0.005512971992287551,0.006407523756872485,True
DLM28P1JMF,250310220008,250711070001,2025-03-11T06:35:07,2025-07-11T15:14:22,43.0,42.0,8.0,8.5,18.6046511627907,20.238095238095237,21.916666666666668,7.383333333333334,22,23,0.1013228899118578,0.05121633342201112,True
DLM28P1JMF,250320220009,250711070001,2025-03-21T06:23:08,2025-07-11T15:14:22,41.0,42.0,6.5,8.5,15.853658536585366,20.238095238095237,0.0,7.383333333333334,15,23,0.11764170578744934,0.03281325205197276,True
DLM28P1JMF,250331060001,250711070001,2025-03-31T14:51:48,2025-07-11T15:14:22,42.0,42.0,7.0,8.5,16.666666666666664,20.238095238095237,0.0,7.383333333333334,18,23,0.0023564719635012824,0.0029896890730102647,True
DLM28P1JMF,250501070001,250711070001,2025-05-01T15:07:05,2025-07-11T15:14:22,41.0,42.0,8.5,8.5,20.73170731707317,20.238095238095237,0.0,7.383333333333334,25,23,0.006418989763329167,0.00864436336550077,True
DLM28P1JMF,250511130001,250711070001,2025-05-11T21:46:01,2025-07-11T15:14:22,41.0,42.0,6.5,8.5,15.853658536585366,20.238095238095237,0.0,7.383333333333334,20,23,0.010836803456981129,0.028413007698748344,True
DLM28P1JMF,250521060001,250711070001,2025-05-21T14:58:32,2025-07-11T15:14:22,41.0,42.0,8.0,8.5,19.51219512195122,20.238095238095237,0.0,7.383333333333334,26,23,0.004278066094193775,0.008562846157317179,True
DLM28P1JMF,250701070001,250711070001,2025-07-01T15:09:32,2025-07-11T15:14:22,42.0,42.0,9.0,8.5,21.428571428571427,20.238095238095237,35.45,7.383333333333334,26,23,0.00277987316649575,0.011481378473376129,True
DLM28P1JMF,250510170003,250720180002,2025-05-11T01:17:59,2025-07-21T02:27:25,45.0,50.0,10.0,11.5,22.22222222222222,23.0,76.4,53.63333333333333,19,30,0.005046370667841873,0.09728474711384001,True
DLM28P1JMF,250710160003,250720180002,2025-07-11T00:44:34,2025-07-21T02:27:25,44.0,50.0,10.0,11.5,22.727272727272727,23.0,44.266666666666666,53.63333333333333,16,30,0.006933808905764163,0.8830841096251871,True
DLM28P1JMF,250331100002,250721090007,2025-03-31T18:37:26,2025-07-21T17:49:56,78.0,78.0,18.0,17.0,23.076923076923077,21.794871794871796,135.86666666666667,138.71666666666667,25,25,0.011897857150974966,0.0068870072334055,True
DLM28P1JMF,250521100002,250721090007,2025-05-21T18:10:11,2025-07-21T17:49:56,77.0,78.0,16.5,17.0,21.428571428571427,21.794871794871796,128.23333333333332,138.71666666666667,21,25,0.017640261114813382,0.0025574833126809637,True
DLM28P1JMF,250701100002,250721090007,2025-07-01T18:38:13,2025-07-21T17:49:56,76.0,78.0,18.0,17.0,23.684210526315788,21.794871794871796,138.9,138.71666666666667,21,25,0.021686502989494462,0.010983340830136799,True
DLM28P1JMF,250510170003,250730160003,2025-05-11T01:17:59,2025-07-31T00:52:40,45.0,44.0,10.0,9.0,22.22222222222222,20.454545454545457,76.4,38.86666666666667,19,19,0.013937585508065108,0.9251551260796927,True
DLM28P1JMF,250710160003,250730160003,2025-07-11T00:44:34,2025-07-31T00:52:40,44.0,44.0,10.0,9.0,22.727272727272727,20.454545454545457,44.266666666666666,38.86666666666667,16,19,0.004739340231547875,0.014472490034449606,True
DLM28P1JMF,250720180002,250730160003,2025-07-21T02:27:25,2025-07-31T00:52:40,50.0,44.0,11.5,9.0,23.0,20.454545454545457,53.63333333333333,38.86666666666667,30,19,0.010842850483150897,0.8687129699745524,True
DLM28P1JMF,250131060001,250731070001,2025-01-31T14:25:05,2025-07-31T15:12:48,42.0,42.0,8.0,8.5,19.047619047619047,20.238095238095237,1.3666666666666667,0.0,20,21,0.013458072845595867,0.0021127036064660376,True
DLM28P1JMF,250301060002,250731070001,2025-03-01T14:51:17,2025-07-31T15:12:48,46.0,42.0,7.5,8.5,16.304347826086957,20.238095238095237,0.0,0.0,19,21,0.0016500956429213252,0.013329939642818632,True
DLM28P1JMF,250310220008,250731070001,2025-03-11T06:35:07,2025-07-31T15:12:48,43.0,42.0,8.0,8.5,18.6046511627907,20.238095238095237,21.916666666666668,0.0,22,21,0.10537912494770872,0.053779883904844894,True
DLM28P1JMF,250320220009,250731070001,2025-03-21T06:23:08,2025-07-31T15:12:48,41.0,42.0,6.5,8.5,15.853658536585366,20.238095238095237,0.0,0.0,15,21,0.12105653242463714,0.03470723192676626,True
DLM28P1JMF,250331060001,250731070001,2025-03-31T14:51:48,2025-07-31T15:12:48,42.0,42.0,7.0,8.5,16.666666666666664,20.238095238095237,0.0,0.0,18,21,0.0062991859993850145,0.007465659413980321,True
DLM28P1JMF,250501070001,250731070001,2025-05-01T15:07:05,2025-07-31T15:12:48,41.0,42.0,8.5,8.5,20.73170731707317,20.238095238095237,0.0,0.0,25,21,0.010816961243405044,0.010278797940871177,True
DLM28P1JMF,250511130001,250731070001,2025-05-11T21:46:01,2025-07-31T15:12:48,41.0,42.0,6.5,8.5,15.853658536585366,20.238095238095237,0.0,0.0,20,21,0.007727064367676709,0.032494617312040217,True
DLM28P1JMF,250521060001,250731070001,2025-05-21T14:58:32,2025-07-31T15:12:48,41.0,42.0,8.0,8.5,19.51219512195122,20.238095238095237,0.0,0.0,26,21,0.0028525597734280583,0.004318639838312824,True
DLM28P1JMF,250701070001,250731070001,2025-07-01T15:09:32,2025-07-31T15:12:48,42.0,42.0,9.0,8.5,21.428571428571427,20.238095238095237,35.45,0.0,26,21,0.00848906025685999,0.005014764197090768,True
DLM28P1JMF,250711070001,250731070001,2025-07-11T15:14:22,2025-07-31T15:12:48,42.0,42.0,8.5,8.5,20.238095238095237,20.238095238095237,7.383333333333334,0.0,23,21,0.005727779170178667,0.007669427758316637,True
DLM28P1JMF,250331100002,250731100003,2025-03-31T18:37:26,2025-07-31T18:20:09,78.0,76.0,18.0,17.0,23.076923076923077,22.36842105263158,135.86666666666667,121.4,25,24,0.00815711254326716,0.004487309748642628,True
DLM28P1JMF,250521100002,250731100003,2025-05-21T18:10:11,2025-07-31T18:20:09,77.0,76.0,16.5,17.0,21.428571428571427,22.36842105263158,128.23333333333332,121.4,21,24,0.014060160058795314,0.00665743571813618,True
DLM28P1JMF,250701100002,250731100003,2025-07-01T18:38:13,2025-07-31T18:20:09,76.0,76.0,18.0,17.0,23.684210526315788,22.36842105263158,138.9,121.4,21,24,0.017831071766932258,0.0038413407715280684,True
DLM28P1JMF,250721090007,250731100003,2025-07-21T17:49:56,2025-07-31T18:20:09,78.0,76.0,17.0,17.0,21.794871794871796,22.36842105263158,138.71666666666667,121.4,25,24,0.0038655157113361544,0.008678639050433933,True
DLM28P1JMF,250228170004,250831170002,2025-03-01T01:24:44,2025-09-01T01:47:08,44.0,38.0,8.0,7.0,18.181818181818183,18.421052631578945,0.0,0.0,20,18,0.0146241393450825,0.24892428030681518,True
DLM28P1JMF,250310170003,250831170002,2025-03-11T01:56:04,2025-09-01T01:47:08,45.0,38.0,9.0,7.0,20.0,18.421052631578945,11.6,0.0,19,18,0.003958312908206656,0.37255814182660385,True
DLM28P1JMF,250320170004,250831170002,2025-03-21T01:46:26,2025-09-01T01:47:08,43.0,38.0,8.0,7.0,18.6046511627907,18.421052631578945,6.766666666666667,0.0,18,18,0.010447653958221717,0.22311842447443772,True
DLM28P1JMF,250430160003,250831170002,2025-05-01T00:55:53,2025-09-01T01:47:08,40.0,38.0,7.0,7.0,17.5,18.421052631578945,11.75,0.0,13,18,0.002645401027858987,0.1842750046898808,True
DLM28P1JMF,250520170003,250831170002,2025-05-21T01:21:18,2025-09-01T01:47:08,40.0,38.0,8.5,7.0,21.25,18.421052631578945,10.483333333333333,0.0,18,18,0.021582879387171943,0.20600472897703154,True
DLM28P1JMF,250630170005,250831170002,2025-07-01T01:33:18,2025-09-01T01:47:08,43.0,38.0,10.0,7.0,23.25581395348837,18.421052631578945,30.016666666666666,0.0,12,18,0.00762898881773087,0.2165797610504105,True
DLM28P1JMF,250131060001,250901060001,2025-01-31T14:25:05,2025-09-01T14:29:40,42.0,42.0,8.0,7.5,19.047619047619047,17.857142857142858,1.3666666666666667,0.0,20,23,0.012604472032071596,0.011387685287078994,True
DLM28P1JMF,250301060002,250901060001,2025-03-01T14:51:17,2025-09-01T14:29:40,46.0,42.0,7.5,7.5,16.304347826086957,17.857142857142858,0.0,0.0,19,23,0.0010007543402213992,0.009317250989519481,True
DLM28P1JMF,250310220008,250901060001,2025-03-11T06:35:07,2025-09-01T14:29:40,43.0,42.0,8.0,7.5,18.6046511627907,17.857142857142858,21.916666666666668,0.0,22,23,0.10556074746189663,0.04651978809502612,True
DLM28P1JMF,250320220009,250901060001,2025-03-21T06:23:08,2025-09-01T14:29:40,41.0,42.0,6.5,7.5,15.853658536585366,17.857142857142858,0.0,0.0,15,23,0.12156417978707836,0.028152099506054098,True
DLM28P1JMF,250331060001,250901060001,2025-03-31T14:51:48,2025-09-01T14:29:40,42.0,42.0,7.0,7.5,16.666666666666664,17.857142857142858,0.0,0.0,18,23,0.004447797065685877,0.002569316282183778,True
DLM28P1JMF,250501070001,250901060001,2025-05-01T15:07:05,2025-09-01T14:29:40,41.0,42.0,8.5,7.5,20.73170731707317,17.857142857142858,0.0,0.0,25,23,0.008761928758529009,0.013339237860375908,True
DLM28P1JMF,250511130001,250901060001,2025-05-11T21:46:01,2025-09-01T14:29:40,41.0,42.0,6.5,7.5,15.853658536585366,17.857142857142858,0.0,0.0,20,23,0.006737640365792939,0.02382506082094551,True
DLM28P1JMF,250521060001,250901060001,2025-05-21T14:58:32,2025-09-01T14:29:40,41.0,42.0,8.0,7.5,19.51219512195122,17.857142857142858,0.0,0.0,26,23,0.003823320276260696,0.012327934591623619,True
DLM28P1JMF,250701070001,250901060001,2025-07-01T15:09:32,2025-09-01T14:29:40,42.0,42.0,9.0,7.5,21.428571428571427,17.857142857142858,35.45,0.0,26,23,0.007166779914652683,0.011980095612638951,True
DLM28P1JMF,250711070001,250901060001,2025-07-11T15:14:22,2025-09-01T14:29:40,42.0,42.0,8.5,7.5,20.238095238095237,17.857142857142858,7.383333333333334,0.0,23,23,0.004623773063477867,0.004697410799419232,True
DLM28P1JMF,250731070001,250901060001,2025-07-31T15:12:48,2025-09-01T14:29:40,42.0,42.0,8.5,7.5,20.238095238095237,17.857142857142858,0.0,0.0,21,23,0.0022493711818247037,0.009945078934321616,True
DLM28P1JMF,250330170002,250910160004,2025-03-31T01:10:52,2025-09-11T00:29:34,33.0,33.0,6.0,6.0,18.181818181818183,18.181818181818183,0.0,2.9,9,15,0.006755474988371448,0.007166419978975412,True
DLM28P1JMF,250131060001,250911060001,2025-01-31T14:25:05,2025-09-11T14:31:40,42.0,42.0,8.0,8.0,19.047619047619047,19.047619047619047,1.3666666666666667,0.0,20,23,0.014515218952474046,0.015138931677397665,True
DLM28P1JMF,250301060002,250911060001,2025-03-01T14:51:17,2025-09-11T14:31:40,46.0,42.0,7.5,8.0,16.304347826086957,19.047619047619047,0.0,0.0,19,23,0.004670186919147001,0.002326887695655754,True
DLM28P1JMF,250310220008,250911060001,2025-03-11T06:35:07,2025-09-11T14:31:40,43.0,42.0,8.0,8.0,18.6046511627907,19.047619047619047,21.916666666666668,0.0,22,23,0.10339919083219314,0.05614544220842903,True
DLM28P1JMF,250320220009,250911060001,2025-03-21T06:23:08,2025-09-11T14:31:40,41.0,42.0,6.5,8.0,15.853658536585366,19.047619047619047,0.0,0.0,15,23,0.119852101856543,0.03844680644779628,True
DLM28P1JMF,250331060001,250911060001,2025-03-31T14:51:48,2025-09-11T14:31:40,42.0,42.0,7.0,8.0,16.666666666666664,19.047619047619047,0.0,0.0,18,23,0.0007783644867602746,0.010003285051633915,True
DLM28P1JMF,250501070001,250911060001,2025-05-01T15:07:05,2025-09-11T14:31:40,41.0,42.0,8.5,8.0,20.73170731707317,19.047619047619047,0.0,0.0,25,23,0.0053119436117506965,0.0062700773165227895,True
DLM28P1JMF,250511130001,250911060001,2025-05-11T21:46:01,2025-09-11T14:31:40,41.0,42.0,6.5,8.0,15.853658536585366,19.047619047619047,0.0,0.0,20,23,0.008902901643872037,0.03262930274526946,True
DLM28P1JMF,250521060001,250911060001,2025-05-21T14:58:32,2025-09-11T14:31:40,41.0,42.0,8.0,8.0,19.51219512195122,19.047619047619047,0.0,0.0,26,23,0.005299294042380355,0.011442411559594029,True
DLM28P1JMF,250701070001,250911060001,2025-07-01T15:09:32,2025-09-11T14:31:40,42.0,42.0,9.0,8.0,21.428571428571427,19.047619047619047,35.45,0.0,26,23,0.0038792721356279937,0.017717094680119064,True
DLM28P1JMF,250711070001,250911060001,2025-07-11T15:14:22,2025-09-11T14:31:40,42.0,42.0,8.5,8.0,20.238095238095237,19.047619047619047,7.383333333333334,0.0,23,23,0.0023380354198718747,0.0071203178735813255,True
DLM28P1JMF,250731070001,250911060001,2025-07-31T15:12:48,2025-09-11T14:31:40,42.0,42.0,8.5,8.0,20.238095238095237,19.047619047619047,0.0,0.0,21,23,0.005546627387617856,0.013028891198134397,True
DLM28P1JMF,250901060001,250911060001,2025-09-01T14:29:40,2025-09-11T14:31:40,42.0,42.0,7.5,8.0,17.857142857142858,19.047619047619047,0.0,0.0,23,23,0.003669432578925602,0.010842847409716005,True
DLM28P1JMF,250331100002,250911100004,2025-03-31T18:37:26,2025-09-11T18:11:19,78.0,66.0,18.0,17.0,23.076923076923077,25.757575757575758,135.86666666666667,129.88333333333333,25,23,0.01948606807865247,0.00465377915907161,True
DLM28P1JMF,250521100002,250911100004,2025-05-21T18:10:11,2025-09-11T18:11:19,77.0,66.0,16.5,17.0,21.428571428571427,25.757575757575758,128.23333333333332,129.88333333333333,21,23,0.02527127025940886,0.001514676900969378,True
DLM28P1JMF,250701100002,250911100004,2025-07-01T18:38:13,2025-09-11T18:11:19,76.0,66.0,18.0,17.0,23.684210526315788,25.757575757575758,138.9,129.88333333333333,21,23,0.029417692401444547,0.008190894503907248,True
DLM28P1JMF,250721090007,250911100004,2025-07-21T17:49:56,2025-09-11T18:11:19,78.0,66.0,17.0,17.0,21.794871794871796,25.757575757575758,138.71666666666667,129.88333333333333,25,23,0.007801816351147722,0.003066549350538477,True
DLM28P1JMF,250731100003,250911100004,2025-07-31T18:20:09,2025-09-11T18:11:19,76.0,66.0,17.0,17.0,22.36842105263158,25.757575757575758,121.4,129.88333333333333,24,23,0.011656521382916658,0.00561754572668614,True
DLM28P1JMF,250510170003,250929190004,2025-05-11T01:17:59,2025-09-30T03:23:40,45.0,50.0,10.0,13.0,22.22222222222222,26.0,76.4,73.85,19,31,0.011585990519618665,0.005042473847736974,True
DLM28P1JMF,250710160003,250929190004,2025-07-11T00:44:34,2025-09-30T03:23:40,44.0,50.0,10.0,13.0,22.727272727272727,26.0,44.266666666666666,73.85,16,31,0.00465062079573473,0.938075354940664,True
DLM28P1JMF,250720180002,250929190004,2025-07-21T02:27:25,2025-09-30T03:23:40,50.0,50.0,11.5,13.0,23.0,26.0,53.63333333333333,73.85,30,31,0.007330570063804493,0.1004527113641899,True
DLM28P1JMF,250730160003,250929190004,2025-07-31T00:52:40,2025-09-30T03:23:40,44.0,50.0,9.0,13.0,20.454545454545457,26.0,38.86666666666667,73.85,19,31,0.004697316318501063,0.9239252409815066,True
DLM28P1JMF,250131060001,250930070001,2025-01-31T14:25:05,2025-09-30T15:04:19,42.0,42.0,8.0,8.5,19.047619047619047,20.238095238095237,1.3666666666666667,0.0,20,21,0.004503213425081332,0.016422722648128586,True
DLM28P1JMF,250301060002,250930070001,2025-03-01T14:51:17,2025-09-30T15:04:19,46.0,42.0,7.5,8.5,16.304347826086957,20.238095238095237,0.0,0.0,19,21,0.010767961025907137,0.0016993320078328067,True
DLM28P1JMF,250310220008,250930070001,2025-03-11T06:35:07,2025-09-30T15:04:19,43.0,42.0,8.0,8.5,18.6046511627907,20.238095238095237,21.916666666666668,0.0,22,21,0.11478596310528184,0.0527079013459715,True
DLM28P1JMF,250320220009,250930070001,2025-03-21T06:23:08,2025-09-30T15:04:19,41.0,42.0,6.5,8.5,15.853658536585366,20.238095238095237,0.0,0.0,15,21,0.13146630747450774,0.03540524001553656,True
DLM28P1JMF,250331060001,250930070001,2025-03-31T14:51:48,2025-09-30T15:04:19,42.0,42.0,7.0,8.5,16.666666666666664,20.238095238095237,0.0,0.0,18,21,0.011967135773222073,0.009192200326944257,True
DLM28P1JMF,250501070001,250930070001,2025-05-01T15:07:05,2025-09-30T15:04:19,41.0,42.0,8.5,8.5,20.73170731707317,20.238095238095237,0.0,0.0,25,21,0.012514251183733066,0.009943464282194874,True
DLM28P1JMF,250511130001,250930070001,2025-05-11T21:46:01,2025-09-30T15:04:19,41.0,42.0,6.5,8.5,15.853658536585366,20.238095238095237,0.0,0.0,20,21,0.005042473847736974,0.029050117354588855,True
DLM28P1JMF,250521060001,250930070001,2025-05-21T14:58:32,2025-09-30T15:04:19,41.0,42.0,8.0,8.5,19.51219512195122,20.238095238095237,0.0,0.0,26,21,0.01460973408668716,0.013874505758113127,True
DLM28P1JMF,250701070001,250930070001,2025-07-01T15:09:32,2025-09-30T15:04:19,42.0,42.0,9.0,8.5,21.428571428571427,20.238095238095237,35.45,0.0,26,21,0.015108053985291397,0.018475931420977386,True
DLM28P1JMF,250711070001,250930070001,2025-07-11T15:14:22,2025-09-30T15:04:19,42.0,42.0,8.5,8.5,20.238095238095237,20.238095238095237,7.383333333333334,0.0,23,21,0.013926316637812991,0.007005280378013179,True
DLM28P1JMF,250731070001,250930070001,2025-07-31T15:12:48,2025-09-30T15:04:19,42.0,42.0,8.5,8.5,20.238095238095237,20.238095238095237,0.0,0.0,21,21,0.012307060214163407,0.01435416234605301,True
DLM28P1JMF,250901060001,250930070001,2025-09-01T14:29:40,2025-09-30T15:04:19,42.0,42.0,7.5,8.5,17.857142857142858,20.238095238095237,0.0,0.0,23,21,0.01079376612903034,0.00905786582362187,True
DLM28P1JMF,250911060001,250930070001,2025-09-11T14:31:40,2025-09-30T15:04:19,42.0,42.0,8.0,8.5,19.047619047619047,20.238095238095237,0.0,0.0,23,21,0.01164828168091767,0.003955514553579938,True
DLM28P1JMF,250331100002,250930100003,2025-03-31T18:37:26,2025-09-30T18:20:37,78.0,76.0,18.0,16.0,23.076923076923077,21.052631578947366,135.86666666666667,107.3,25,25,0.019414895595754048,0.011656522086568212,True
DLM28P1JMF,250521100002,250930100003,2025-05-21T18:10:11,2025-09-30T18:20:37,77.0,76.0,16.5,16.0,21.428571428571427,21.052631578947366,128.23333333333332,107.3,21,25,0.02372955376733335,0.011094008143544675,True
DLM28P1JMF,250701100002,250930100003,2025-07-01T18:38:13,2025-09-30T18:20:37,76.0,76.0,18.0,16.0,23.684210526315788,21.052631578947366,138.9,107.3,21,25,0.028950118322807708,0.016070578203128932,True
DLM28P1JMF,250721090007,250930100003,2025-07-21T17:49:56,2025-09-30T18:20:37,78.0,76.0,17.0,16.0,21.794871794871796,21.052631578947366,138.71666666666667,107.3,25,25,0.007622313469395509,0.008661231745815212,True
DLM28P1JMF,250731100003,250930100003,2025-07-31T18:20:09,2025-09-30T18:20:37,76.0,76.0,17.0,16.0,22.36842105263158,21.052631578947366,121.4,107.3,24,25,0.011259547539527383,0.01553985649346911,True
DLM28P1JMF,250911100004,250930100003,2025-09-11T18:11:19,2025-09-30T18:20:37,66.0,76.0,17.0,16.0,25.757575757575758,21.052631578947366,129.88333333333333,107.3,23,25,0.003927527298572449,0.010891174817036813,True
DLM28P1JMF,250510170003,251031160003,2025-05-11T01:17:59,2025-11-01T00:08:58,45.0,52.0,10.0,13.0,22.22222222222222,25.0,76.4,119.25,19,31,0.00966283905105358,0.002014487782357084,True
DLM28P1JMF,250710160003,251031160003,2025-07-11T00:44:34,2025-11-01T00:08:58,44.0,52.0,10.0,13.0,22.727272727272727,25.0,44.266666666666666,119.25,16,31,0.0008895594127835138,0.9382387930619058,True
DLM28P1JMF,250720180002,251031160003,2025-07-21T02:27:25,2025-11-01T00:08:58,50.0,52.0,11.5,13.0,23.0,25.0,53.63333333333333,119.25,30,31,0.0076913022426108694,0.0979815509036516,True
DLM28P1JMF,250730160003,251031160003,2025-07-31T00:52:40,2025-11-01T00:08:58,44.0,52.0,9.0,13.0,20.454545454545457,25.0,38.86666666666667,119.25,19,31,0.004633810774811606,0.9240783684894545,True
DLM28P1JMF,250929190004,251031160003,2025-09-30T03:23:40,2025-11-01T00:08:58,50.0,52.0,13.0,13.0,26.0,25.0,73.85,119.25,31,31,0.005343434193317516,0.0031895810155132985,True
DLM28P1JMF,250131060001,251101060001,2025-01-31T14:25:05,2025-11-01T14:57:05,42.0,42.0,8.0,8.0,19.047619047619047,19.047619047619047,1.3666666666666667,0.0,20,24,0.0053768871169782495,0.005413156811991709,True
DLM28P1JMF,250301060002,251101060001,2025-03-01T14:51:17,2025-11-01T14:57:05,46.0,42.0,7.5,8.0,16.304347826086957,19.047619047619047,0.0,0.0,19,24,0.007659564619672338,0.01047606801274021,True
DLM28P1JMF,250310220008,251101060001,2025-03-11T06:35:07,2025-11-01T14:57:05,43.0,42.0,8.0,8.0,18.6046511627907,19.047619047619047,21.916666666666668,0.0,22,24,0.11259599102712618,0.05156877318821893,True
DLM28P1JMF,250320220009,251101060001,2025-03-21T06:23:08,2025-11-01T14:57:05,41.0,42.0,6.5,8.0,15.853658536585366,19.047619047619047,0.0,0.0,15,24,0.12899271782799232,0.03269477321291242,True
DLM28P1JMF,250331060001,251101060001,2025-03-31T14:51:48,2025-11-01T14:57:05,42.0,42.0,7.0,8.0,16.666666666666664,19.047619047619047,0.0,0.0,18,24,0.009654142960693992,0.0038985676558756254,True
DLM28P1JMF,250501070001,251101060001,2025-05-01T15:07:05,2025-11-01T14:57:05,41.0,42.0,8.5,8.0,20.73170731707317,19.047619047619047,0.0,0.0,25,24,0.011241599422887136,0.009727936269158823,True
DLM28P1JMF,250511130001,251101060001,2025-05-11T21:46:01,2025-11-01T14:57:05,41.0,42.0,6.5,8.0,15.853658536585366,19.047619047619047,0.0,0.0,20,24,0.002014487782357084,0.02964926994921137,True
DLM28P1JMF,250521060001,251101060001,2025-05-21T14:58:32,2025-11-01T14:57:05,41.0,42.0,8.0,8.0,19.51219512195122,19.047619047619047,0.0,0.0,26,24,0.011560690119929216,0.006192180940209069,True
DLM28P1JMF,250701070001,251101060001,2025-07-01T15:09:32,2025-11-01T14:57:05,42.0,42.0,9.0,8.0,21.428571428571427,19.047619047619047,35.45,0.0,26,24,0.012919893935113632,0.007227670232181627,True
DLM28P1JMF,250711070001,251101060001,2025-07-11T15:14:22,2025-11-01T14:57:05,42.0,42.0,8.5,8.0,20.238095238095237,19.047619047619047,7.383333333333334,0.0,23,24,0.011353562454399675,0.004301526991735617,True
DLM28P1JMF,250731070001,251101060001,2025-07-31T15:12:48,2025-11-01T14:57:05,42.0,42.0,8.5,8.0,20.238095238095237,19.047619047619047,0.0,0.0,21,24,0.009158545331300717,0.003618377147606534,True
DLM28P1JMF,250901060001,251101060001,2025-09-01T14:29:40,2025-11-01T14:57:05,42.0,42.0,7.5,8.0,17.857142857142858,19.047619047619047,0.0,0.0,23,24,0.00778207389951975,0.006438577637949616,True
DLM28P1JMF,250911060001,251101060001,2025-09-11T14:31:40,2025-11-01T14:57:05,42.0,42.0,8.0,8.0,19.047619047619047,19.047619047619047,0.0,0.0,23,24,0.00919967417494703,0.010666726489395541,True
DLM28P1JMF,250930070001,251101060001,2025-09-30T15:04:19,2025-11-01T14:57:05,42.0,42.0,8.5,8.0,20.238095238095237,19.047619047619047,0.0,0.0,21,24,0.0031895810155132985,0.011259547582912954,True
DLM28P1JMF,250330170002,251110160003,2025-03-31T01:10:52,2025-11-11T00:57:37,33.0,33.0,6.0,7.0,18.181818181818183,21.21212121212121,0.0,0.0,9,12,0.01428461719833108,0.00823434371941578,True
DLM28P1JMF,250910160004,251110160003,2025-09-11T00:29:34,2025-11-11T00:57:37,33.0,33.0,6.0,7.0,18.181818181818183,21.21212121212121,2.9,0.0,15,12,0.00912857639809609,0.0029888929691400785,True
DLM28P1JMF,250910170005,251110170004,2025-09-11T01:29:16,2025-11-11T01:50:52,18.0,18.0,6.5,7.0,36.11111111111111,38.88888888888889,108.71666666666667,116.18333333333334,8,10,0.0029888929691400785,0.020005303870948694,True
DLM28P1JMF,250131060001,251111070001,2025-01-31T14:25:05,2025-11-11T15:08:51,42.0,42.0,8.0,7.0,19.047619047619047,16.666666666666664,1.3666666666666667,0.0,20,25,0.008434915371424906,0.02939964862924357,True
DLM28P1JMF,250301060002,251111070001,2025-03-01T14:51:17,2025-11-11T15:08:51,46.0,42.0,7.5,7.0,16.304347826086957,16.666666666666664,0.0,0.0,19,25,0.01923779073245262,0.014010560757441004,True
DLM28P1JMF,250310220008,251111070001,2025-03-11T06:35:07,2025-11-11T15:08:51,43.0,42.0,8.0,7.0,18.6046511627907,16.666666666666664,21.916666666666668,0.0,22,25,0.12247456840932691,0.059110284498756695,True
DLM28P1JMF,250320220009,251111070001,2025-03-21T06:23:08,2025-11-11T15:08:51,41.0,42.0,6.5,7.0,15.853658536585366,16.666666666666664,0.0,0.0,15,25,0.13954756304937438,0.04419078793229661,True
DLM28P1JMF,250331060001,251111070001,2025-03-31T14:51:48,2025-11-11T15:08:51,42.0,42.0,7.0,7.0,16.666666666666664,16.666666666666664,0.0,0.0,18,25,0.020235441029862453,0.022456261676182754,True
DLM28P1JMF,250501070001,251111070001,2025-05-01T15:07:05,2025-11-11T15:08:51,41.0,42.0,8.5,7.0,20.73170731707317,16.666666666666664,0.0,0.0,25,25,0.019815495597741116,0.019722968355640785,True
DLM28P1JMF,250511130001,251111070001,2025-05-11T21:46:01,2025-11-11T15:08:51,41.0,42.0,6.5,7.0,15.853658536585366,16.666666666666664,0.0,0.0,20,25,0.013109992332007396,0.035622027345726254,True
DLM28P1JMF,250521060001,251111070001,2025-05-21T14:58:32,2025-11-11T15:08:51,41.0,42.0,8.0,7.0,19.51219512195122,16.666666666666664,0.0,0.0,26,25,0.02311794716580336,0.02582041348693692,True
DLM28P1JMF,250701070001,251111070001,2025-07-01T15:09:32,2025-11-11T15:08:51,42.0,42.0,9.0,7.0,21.428571428571427,16.666666666666664,35.45,0.0,26,25,0.023212557173129804,0.031698393669997604,True
DLM28P1JMF,250711070001,251111070001,2025-07-11T15:14:22,2025-11-11T15:08:51,42.0,42.0,8.5,7.0,20.238095238095237,16.666666666666664,7.383333333333334,0.0,23,25,0.02232329712379367,0.020293775842491472,True
DLM28P1JMF,250731070001,251111070001,2025-07-31T15:12:48,2025-11-11T15:08:51,42.0,42.0,8.5,7.0,20.238095238095237,16.666666666666664,0.0,0.0,21,25,0.020727610785476934,0.02729036607570283,True
DLM28P1JMF,250901060001,251111070001,2025-09-01T14:29:40,2025-11-11T15:08:51,42.0,42.0,7.5,7.0,17.857142857142858,16.666666666666664,0.0,0.0,23,25,0.019309960893192143,0.021895267813323634,True
DLM28P1JMF,250911060001,251111070001,2025-09-11T14:31:40,2025-11-11T15:08:51,42.0,42.0,8.0,7.0,19.047619047619047,16.666666666666664,0.0,0.0,23,25,0.020005303870948694,0.014420188163145222,True
DLM28P1JMF,250930070001,251111070001,2025-09-30T15:04:19,2025-11-11T15:08:51,42.0,42.0,8.5,7.0,20.238095238095237,16.666666666666664,0.0,0.0,21,25,0.008524383610168374,0.013318141529700142,True
DLM28P1JMF,251101060001,251111070001,2025-11-01T14:57:05,2025-11-11T15:08:51,42.0,42.0,8.0,7.0,19.047619047619047,16.666666666666664,0.0,0.0,24,25,0.0115791187377217,0.024473038819261442,True
DLM28P1JMF,250331100002,251111100002,2025-03-31T18:37:26,2025-11-11T18:02:50,78.0,75.0,18.0,16.5,23.076923076923077,22.0,135.86666666666667,109.96666666666667,25,20,0.022456261676182754,0.010272092623367158,True
DLM28P1JMF,250521100002,251111100002,2025-05-21T18:10:11,2025-11-11T18:02:50,77.0,75.0,16.5,16.5,21.428571428571427,22.0,128.23333333333332,109.96666666666667,21,20,0.02582041348693692,0.013533210314497102,True
DLM28P1JMF,250701100002,251111100002,2025-07-01T18:38:13,2025-11-11T18:02:50,76.0,75.0,18.0,16.5,23.684210526315788,22.0,138.9,109.96666666666667,21,20,0.031698393669997604,0.006115720965583327,True
DLM28P1JMF,250721090007,251111100002,2025-07-21T17:49:56,2025-11-11T18:02:50,78.0,75.0,17.0,16.5,21.794871794871796,22.0,138.71666666666667,109.96666666666667,25,20,0.010922275491415428,0.01561155120548292,True
DLM28P1JMF,250731100003,251111100002,2025-07-31T18:20:09,2025-11-11T18:02:50,76.0,75.0,17.0,16.5,22.36842105263158,22.0,121.4,109.96666666666667,24,20,0.01433259627073121,0.006933810321114894,True
DLM28P1JMF,250911100004,251111100002,2025-09-11T18:11:19,2025-11-11T18:02:50,66.0,75.0,17.0,16.5,25.757575757575758,22.0,129.88333333333333,109.96666666666667,23,20,0.006742760430577673,0.012551323222943677,True
DLM28P1JMF,250930100003,251111100002,2025-09-30T18:20:37,2025-11-11T18:02:50,76.0,75.0,16.0,16.5,21.052631578947366,22.0,107.3,109.96666666666667,25,20,0.0035547516247786304,0.02192340400598485,True
DLM28P1JMF,250510170003,251120160003,2025-05-11T01:17:59,2025-11-21T00:22:42,45.0,51.0,10.0,12.5,22.22222222222222,24.509803921568626,76.4,121.61666666666666,19,30,0.013351471304818908,0.0016500955295643948,True
DLM28P1JMF,250710160003,251120160003,2025-07-11T00:44:34,2025-11-21T00:22:42,44.0,51.0,10.0,12.5,22.727272727272727,24.509803921568626,44.266666666666666,121.61666666666666,16,30,0.00409074364049395,0.9384285202058325,True
DLM28P1JMF,250720180002,251120160003,2025-07-21T02:27:25,2025-11-21T00:22:42,50.0,51.0,11.5,12.5,23.0,24.509803921568626,53.63333333333333,121.61666666666666,30,30,0.010526996319134974,0.09564101201310479,True
DLM28P1JMF,250730160003,251120160003,2025-07-31T00:52:40,2025-11-21T00:22:42,44.0,51.0,9.0,12.5,20.454545454545457,24.509803921568626,38.86666666666667,121.61666666666666,19,30,0.000920270524817356,0.9242582682614043,True
DLM28P1JMF,250929190004,251120160003,2025-09-30T03:23:40,2025-11-21T00:22:42,50.0,51.0,13.0,12.5,26.0,24.509803921568626,73.85,121.61666666666666,31,30,0.00494310131922942,0.006280809137800973,True
DLM28P1JMF,251031160003,251120160003,2025-11-01T00:08:58,2025-11-21T00:22:42,52.0,51.0,13.0,12.5,25.0,24.509803921568626,119.25,121.61666666666666,31,30,0.0038670044741818546,0.003091264505839463,True
DLM28P1JMF,250131060001,251121060001,2025-01-31T14:25:05,2025-11-21T14:59:16,42.0,42.0,8.0,7.0,19.047619047619047,16.666666666666664,1.3666666666666667,0.0,20,26,0.007516839652442286,0.0064994317683315424,True
DLM28P1JMF,250301060002,251121060001,2025-03-01T14:51:17,2025-11-21T14:59:16,46.0,42.0,7.5,7.0,16.304347826086957,16.666666666666664,0.0,0.0,19,26,0.0047599303995010025,0.008932002179096553,True
DLM28P1JMF,250310220008,251121060001,2025-03-11T06:35:07,2025-11-21T14:59:16,43.0,42.0,8.0,7.0,18.6046511627907,16.666666666666664,21.916666666666668,0.0,22,26,0.11053574959687536,0.05319681941960882,True
DLM28P1JMF,250320220009,251121060001,2025-03-21T06:23:08,2025-11-21T14:59:16,41.0,42.0,6.5,7.0,15.853658536585366,16.666666666666664,0.0,0.0,15,26,0.1266396543720421,0.03444634600470358,True
DLM28P1JMF,250331060001,251121060001,2025-03-31T14:51:48,2025-11-21T14:59:16,42.0,42.0,7.0,7.0,16.666666666666664,16.666666666666664,0.0,0.0,18,26,0.008028741117153834,0.004697411431450043,True
DLM28P1JMF,250501070001,251121060001,2025-05-01T15:07:05,2025-11-21T14:59:16,41.0,42.0,8.5,7.0,20.73170731707317,16.666666666666664,0.0,0.0,25,26,0.010814020690765435,0.00758420260376039,True
DLM28P1JMF,250511130001,251121060001,2025-05-11T21:46:01,2025-11-21T14:59:16,41.0,42.0,6.5,7.0,15.853658536585366,16.666666666666664,0.0,0.0,20,26,0.0016500955295643948,0.030920735378072252,True
DLM28P1JMF,250521060001,251121060001,2025-05-21T14:58:32,2025-11-21T14:59:16,41.0,42.0,8.0,7.0,19.51219512195122,16.666666666666664,0.0,0.0,26,26,0.00871161318146831,0.0051877248653543016,True
DLM28P1JMF,250701070001,251121060001,2025-07-01T15:09:32,2025-11-21T14:59:16,42.0,42.0,9.0,7.0,21.428571428571427,16.666666666666664,35.45,0.0,26,26,0.011283960372073649,0.008913335625812356,True
DLM28P1JMF,250711070001,251121060001,2025-07-11T15:14:22,2025-11-21T14:59:16,42.0,42.0,8.5,7.0,20.238095238095237,16.666666666666664,7.383333333333334,0.0,23,26,0.00925192951506731,0.0035336664419153246,True
DLM28P1JMF,250731070001,251121060001,2025-07-31T15:12:48,2025-11-21T14:59:16,42.0,42.0,8.5,7.0,20.238095238095237,16.666666666666664,0.0,0.0,21,26,0.006153529806725011,0.004410803410275946,True
DLM28P1JMF,250901060001,251121060001,2025-09-01T14:29:40,2025-11-21T14:59:16,42.0,42.0,7.5,7.0,17.857142857142858,16.666666666666664,0.0,0.0,23,26,0.005087634455162356,0.007201241813737018,True
DLM28P1JMF,250911060001,251121060001,2025-09-11T14:31:40,2025-11-21T14:59:16,42.0,42.0,8.0,7.0,19.047619047619047,16.666666666666664,0.0,0.0,23,26,0.007406322467461059,0.008803769199098683,True
DLM28P1JMF,250930070001,251121060001,2025-09-30T15:04:19,2025-11-21T14:59:16,42.0,42.0,8.5,7.0,20.238095238095237,16.666666666666664,0.0,0.0,21,26,0.006280809137800973,0.009947382949912195,True
DLM28P1JMF,251101060001,251121060001,2025-11-01T14:57:05,2025-11-21T14:59:16,42.0,42.0,8.0,7.0,19.047619047619047,16.666666666666664,0.0,0.0,24,26,0.003091264505839463,0.0021691672292784418,True
DLM28P1JMF,251111070001,251121060001,2025-11-11T15:08:51,2025-11-21T14:59:16,42.0,42.0,7.0,7.0,16.666666666666664,16.666666666666664,0.0,0.0,25,26,0.014590678029774092,0.022920318477267162,True
DLM28P1JMF,250331100002,251121100002,2025-03-31T18:37:26,2025-11-21T18:56:55,78.0,76.0,18.0,17.0,23.076923076923077,22.36842105263158,135.86666666666667,104.28333333333333,25,21,0.004697411431450043,0.002015525509529525,True
DLM28P1JMF,250521100002,251121100002,2025-05-21T18:10:11,2025-11-21T18:56:55,77.0,76.0,16.5,17.0,21.428571428571427,22.36842105263158,128.23333333333332,104.28333333333333,21,21,0.0051877248653543016,0.007883637166084916,True
DLM28P1JMF,250701100002,251121100002,2025-07-01T18:38:13,2025-11-21T18:56:55,76.0,76.0,18.0,17.0,23.684210526315788,22.36842105263158,138.9,104.28333333333333,21,21,0.008913335625812356,0.0026813783387164567,True
DLM28P1JMF,250721090007,251121100002,2025-07-21T17:49:56,2025-11-21T18:56:55,78.0,76.0,17.0,17.0,21.794871794871796,22.36842105263158,138.71666666666667,104.28333333333333,25,21,0.013496162385273108,0.00885219388687961,True
DLM28P1JMF,250731100003,251121100002,2025-07-31T18:20:09,2025-11-21T18:56:55,76.0,76.0,17.0,17.0,22.36842105263158,22.36842105263158,121.4,104.28333333333333,24,21,0.009683810781729633,0.004181603318418263,True
DLM28P1JMF,250911100004,251121100002,2025-09-11T18:11:19,2025-11-21T18:56:55,66.0,76.0,17.0,17.0,25.757575757575758,22.36842105263158,129.88333333333333,104.28333333333333,23,21,0.021292058351762302,0.006395508044518213,True
DLM28P1JMF,250930100003,251121100002,2025-09-30T18:20:37,2025-11-21T18:56:55,76.0,76.0,16.0,17.0,21.052631578947366,22.36842105263158,107.3,104.28333333333333,25,21,0.020351774539762106,0.013391777807032676,True
DLM28P1JMF,251111100002,251121100002,2025-11-11T18:02:50,2025-11-21T18:56:55,75.0,76.0,16.5,17.0,22.0,22.36842105263158,109.96666666666667,104.28333333333333,20,21,0.022920318477267162,0.008710541983665773,True
DLM28P1JMF,250330170002,251129180004,2025-03-31T01:10:52,2025-11-30T02:10:50,33.0,32.0,6.0,5.5,18.181818181818183,17.1875,0.0,0.0,9,11,0.012615562036494528,0.008014155179421405,True
DLM28P1JMF,250910160004,251129180004,2025-09-11T00:29:34,2025-11-30T02:10:50,33.0,32.0,6.0,5.5,18.181818181818183,17.1875,2.9,0.0,15,11,0.009164245488629654,0.004330254681678187,True
DLM28P1JMF,251110160003,251129180004,2025-11-11T00:57:37,2025-11-30T02:10:50,33.0,32.0,7.0,5.5,21.21212121212121,17.1875,0.0,0.0,12,11,0.0037568343396762885,0.007313292658972744,True
DLM28P1JMF,250131060001,251130130001,2025-01-31T14:25:05,2025-11-30T21:56:32,42.0,44.0,8.0,9.0,19.047619047619047,20.454545454545457,1.3666666666666667,23.883333333333333,20,25,0.01194165529260048,0.02618451065655652,True
DLM28P1JMF,250301060002,251130130001,2025-03-01T14:51:17,2025-11-30T21:56:32,46.0,44.0,7.5,9.0,16.304347826086957,20.454545454545457,0.0,23.883333333333333,19,25,0.009634152986228333,0.02885283477530746,True
DLM28P1JMF,250310220008,251130130001,2025-03-11T06:35:07,2025-11-30T21:56:32,43.0,44.0,8.0,9.0,18.6046511627907,20.454545454545457,21.916666666666668,23.883333333333333,22,25,0.1079141069321493,0.02762569254147865,True
DLM28P1JMF,250320220009,251130130001,2025-03-21T06:23:08,2025-11-30T21:56:32,41.0,44.0,6.5,9.0,15.853658536585366,20.454545454545457,0.0,23.883333333333333,15,25,0.1250852090430956,0.008462228756023689,True
DLM28P1JMF,250331060001,251130130001,2025-03-31T14:51:48,2025-11-30T21:56:32,42.0,44.0,7.0,9.0,16.666666666666664,20.454545454545457,0.0,23.883333333333333,18,25,0.006970636958123181,0.021896279242664744,True
DLM28P1JMF,250501070001,251130130001,2025-05-01T15:07:05,2025-11-30T21:56:32,41.0,44.0,8.5,9.0,20.73170731707317,20.454545454545457,0.0,23.883333333333333,25,25,0.005255584914694964,0.03327944153489808,True
DLM28P1JMF,250511130001,251130130001,2025-05-11T21:46:01,2025-11-30T21:56:32,41.0,44.0,6.5,9.0,15.853658536585366,20.454545454545457,0.0,23.883333333333333,20,25,0.008590927590968472,0.011146176627172613,True
DLM28P1JMF,250521060001,251130130001,2025-05-21T14:58:32,2025-11-30T21:56:32,41.0,44.0,8.0,9.0,19.51219512195122,20.454545454545457,0.0,23.883333333333333,26,25,0.012131630829806745,0.030261689093241718,True
DLM28P1JMF,250701070001,251130130001,2025-07-01T15:09:32,2025-11-30T21:56:32,42.0,44.0,9.0,9.0,21.428571428571427,20.454545454545457,35.45,23.883333333333333,26,25,0.00921038010120153,0.024003961122391514,True
DLM28P1JMF,250711070001,251130130001,2025-07-11T15:14:22,2025-11-30T21:56:32,42.0,44.0,8.5,9.0,20.238095238095237,20.454545454545457,7.383333333333334,23.883333333333333,23,25,0.009327102387584411,0.02471785386834841,True
DLM28P1JMF,250731070001,251130130001,2025-07-31T15:12:48,2025-11-30T21:56:32,42.0,44.0,8.5,9.0,20.238095238095237,20.454545454545457,0.0,23.883333333333333,21,25,0.011191137346444313,0.026251710815317266,True
DLM28P1JMF,250901060001,251130130001,2025-09-01T14:29:40,2025-11-30T21:56:32,42.0,44.0,7.5,9.0,17.857142857142858,20.454545454545457,0.0,23.883333333333333,23,25,0.008957812356021255,0.020137644098005596,True
DLM28P1JMF,250911060001,251130130001,2025-09-11T14:31:40,2025-11-30T21:56:32,42.0,44.0,8.0,9.0,19.047619047619047,20.454545454545457,0.0,23.883333333333333,23,25,0.007160505048772617,0.03074092812763501,True
DLM28P1JMF,250930070001,251130130001,2025-09-30T15:04:19,2025-11-30T21:56:32,42.0,44.0,8.5,9.0,20.238095238095237,20.454545454545457,0.0,23.883333333333333,21,25,0.00764443801342376,0.028012108833692942,True
DLM28P1JMF,251101060001,251130130001,2025-11-01T14:57:05,2025-11-30T21:56:32,42.0,44.0,8.0,9.0,19.047619047619047,20.454545454545457,0.0,23.883333333333333,24,25,0.00727235151434549,0.0243199459702199,True
DLM28P1JMF,251111070001,251130130001,2025-11-11T15:08:51,2025-11-30T21:56:32,42.0,44.0,7.0,9.0,16.666666666666664,20.454545454545457,0.0,23.883333333333333,25,25,0.014560876952575864,0.038112084129247735,True
DLM28P1JMF,251121060001,251130130001,2025-11-21T14:59:16,2025-11-30T21:56:32,42.0,44.0,7.0,9.0,16.666666666666664,20.454545454545457,0.0,23.883333333333333,26,25,0.008199273399454006,0.02613068886903134,True
FOH9N06KXC,250121010003,250311050020,2025-01-21T09:18:30,2025-03-11T13:34:46,16.0,15.399999999999636,2.0,2.0,12.5,12.987012987013294,0.0,0.0,7,7,0.011107395295583402,0.6482133048986451,False
FOH9N06KXC,250121010004,250331060018,2025-01-21T09:52:25,2025-03-31T14:38:35,15.200000000000728,14.299999999999272,2.0,2.0,13.157894736841474,13.986013986014697,0.0,0.0,9,9,0.644178186455227,0.007826583290197926,False
FOH9N06KXC,250121010003,250521010004,2025-01-21T09:18:30,2025-05-21T09:05:07,16.0,13.900000000001455,2.0,2.0,12.5,14.388489208631588,0.0,0.0,7,12,0.6571039617932012,0.6472819413079945,False
FOH9N06KXC,250311050020,250521010004,2025-03-11T13:34:46,2025-05-21T09:05:07,15.399999999999636,13.900000000001455,2.0,2.0,12.987012987013294,14.388489208631588,0.0,0.0,7,12,0.6680969180507367,0.0009314187501807802,False
FOH9N06KXC,250121010004,250701020005,2025-01-21T09:52:25,2025-07-01T10:17:48,15.200000000000728,14.100000000002183,2.0,2.5,13.157894736841474,17.730496453897963,0.0,19.083333333333332,9,8,0.6490712824204463,0.008702895284372526,False
FOH9N06KXC,250331060018,250701020005,2025-03-31T14:38:35,2025-07-01T10:17:48,14.299999999999272,14.100000000002183,2.0,2.5,13.986013986014697,17.730496453897963,0.0,19.083333333333332,9,8,0.014906174061110795,0.00818739196012512,False
FOH9N06KXC,250121010003,250711000002,2025-01-21T09:18:30,2025-07-11T08:46:07,16.0,15.19999999999709,2.0,2.0,12.5,13.157894736844625,0.0,0.0,7,6,0.6924082785546513,0.6502591349375727,False
FOH9N06KXC,250311050020,250711000002,2025-03-11T13:34:46,2025-07-11T08:46:07,15.399999999999636,15.19999999999709,2.0,2.0,12.987012987013294,13.157894736844625,0.0,0.0,7,6,0.6980600626675979,0.004911614862573727,False
FOH9N06KXC,250521010004,250711000002,2025-05-21T09:05:07,2025-07-11T08:46:07,13.900000000001455,15.19999999999709,2.0,2.0,14.388489208631588,13.157894736844625,0.0,0.0,12,6,0.5872360428967967,0.005355658225737809,False
FOH9N06KXC,250701010004,250711000002,2025-07-01T09:14:33,2025-07-11T08:46:07,14.5,15.19999999999709,2.0,2.0,13.793103448275861,13.157894736844625,0.0,0.0,7,6,0.906459256526297,0.0012927573026062327,False
FOH9N06KXC,250121010004,250711020003,2025-01-21T09:52:25,2025-07-11T10:05:12,15.200000000000728,14.100000000002183,2.0,1.5,13.157894736841474,10.638297872338779,0.0,0.0,9,11,0.6518867321418818,0.003965981024818678,False
FOH9N06KXC,250331060018,250711020003,2025-03-31T14:38:35,2025-07-11T10:05:12,14.299999999999272,14.100000000002183,2.0,1.5,13.986013986014697,10.638297872338779,0.0,0.0,9,11,0.017368649296898346,0.00844008537221173,False
FOH9N06KXC,250701020005,250711020003,2025-07-01T10:17:48,2025-07-11T10:05:12,14.100000000002183,14.100000000002183,2.5,1.5,17.730496453897963,10.638297872338779,19.083333333333332,0.0,8,11,0.00317114298443587,0.005404506513779082,False
FOH9N06KXC,250311060021,250901050013,2025-03-11T14:20:53,2025-09-01T13:50:15,12.800000000001091,14.399999999997817,1.5,2.0,11.718749999999002,13.888888888890992,0.0,3.466666666666667,14,6,0.004915801150026235,0.024781483311617603,False
FOH9N06KXC,250121010003,250911070018,2025-01-21T09:18:30,2025-09-11T15:39:28,16.0,15.100000000002183,2.0,2.0,12.5,13.245033112580867,0.0,0.0,7,6,0.68471590686259,0.64204735100253,False
FOH9N06KXC,250311050020,250911070018,2025-03-11T13:34:46,2025-09-11T15:39:28,15.399999999999636,15.100000000002183,2.0,2.0,12.987012987013294,13.245033112580867,0.0,0.0,7,6,0.6902980266375984,0.007892741241214708,False
FOH9N06KXC,250521010004,250911070018,2025-05-21T09:05:07,2025-09-11T15:39:28,13.900000000001455,15.100000000002183,2.0,2.0,14.388489208631588,13.245033112580867,0.0,0.0,12,6,0.5880102088302975,0.007179358883790958,False
FOH9N06KXC,250701010004,250911070018,2025-07-01T09:14:33,2025-09-11T15:39:28,14.5,15.100000000002183,2.0,2.0,13.793103448275861,13.245033112580867,0.0,0.0,7,6,0.9105029394319706,0.0070239506460171705,False
FOH9N06KXC,250711000002,250911070018,2025-07-11T08:46:07,2025-09-11T15:39:28,15.19999999999709,15.100000000002183,2.0,2.0,13.157894736844625,13.245033112580867,0.0,0.0,6,6,0.00921816311306118,0.00822644428285328,False
FOH9N06KXC,250711070015,250911080021,2025-07-11T15:43:04,2025-09-11T16:24:46,13.400000000001455,13.19999999999709,2.0,1.5,14.925373134326739,11.36363636363887,17.85,0.0,6,8,0.008848480356335491,0.044536808301998264,False
FOH9N06KXC,250121010003,250930060017,2025-01-21T09:18:30,2025-09-30T14:21:35,16.0,15.5,2.0,2.0,12.5,12.903225806451612,0.0,0.0,7,6,0.07367358280448079,0.6485345918199872,False
FOH9N06KXC,250311050020,250930060017,2025-03-11T13:34:46,2025-09-30T14:21:35,15.399999999999636,15.5,2.0,2.0,12.987012987013294,12.903225806451612,0.0,0.0,7,6,0.07388544979938699,0.0009787049600628339,False
FOH9N06KXC,250521010004,250930060017,2025-05-21T09:05:07,2025-09-30T14:21:35,13.900000000001455,15.5,2.0,2.0,14.388489208631588,12.903225806451612,0.0,0.0,12,6,0.6756934551182913,0.0015504558181831062,False
FOH9N06KXC,250711000002,250930060017,2025-07-11T08:46:07,2025-09-30T14:21:35,15.19999999999709,15.5,2.0,2.0,13.157894736844625,12.903225806451612,0.0,0.0,6,6,0.7588081811649979,0.003938122191147913,False
FOH9N06KXC,250911070018,250930060017,2025-09-11T15:39:28,2025-09-30T14:21:35,15.100000000002183,15.5,2.0,2.0,13.245033112580867,12.903225806451612,0.0,0.0,6,6,0.7513463397119353,0.007625650879462619,False
FOH9N06KXC,250731000002,251121040006,2025-07-31T08:17:48,2025-11-21T12:17:10,14.900000000001455,14.700000000000728,2.0,2.0,13.422818791944998,13.605442176870074,0.0,0.0,9,3,0.026402225370207383,0.38552200108212825,False
HTLT0PUOFI,250311060005,250331050006,2025-03-11T14:23:29,2025-03-31T13:16:46,37.0,36.0,7.5,7.5,20.27027027027027,20.833333333333336,0.0,0.0,6,6,0.9070492628405835,0.01925927689329285,True
HTLT0PUOFI,250311070006,250331060007,2025-03-11T15:40:35,2025-03-31T14:26:47,15.0,14.0,3.0,2.0,20.0,14.285714285714285,5.1,0.0,4,4,0.021226450482089862,0.0048882198981466335,False
HTLT0PUOFI,250311070006,250521040002,2025-03-11T15:40:35,2025-05-21T12:59:33,15.0,14.0,3.0,3.0,20.0,21.428571428571427,5.1,0.0,4,4,0.007738291736529607,0.004634192837907695,False
HTLT0PUOFI,250331060007,250521040002,2025-03-31T14:26:47,2025-05-21T12:59:33,14.0,14.0,2.0,3.0,14.285714285714285,21.428571428571427,0.0,0.0,4,4,0.018394299098040676,0.00934989982832465,False
HTLT0PUOFI,250111060006,250701070008,2025-01-11T14:33:33,2025-07-01T15:20:59,49.0,50.0,10.0,9.0,20.408163265306122,18.0,0.0,3.5833333333333335,6,6,0.2851261475185794,0.0028692617159869795,True
HTLT0PUOFI,250121010003,250711020002,2025-01-21T09:42:55,2025-07-11T10:22:37,25.0,26.0,5.0,4.5,20.0,17.307692307692307,0.0,0.0,4,4,0.014555038427163837,0.01940495473619452,False
HTLT0PUOFI,250721010001,250731060005,2025-07-21T09:26:47,2025-07-31T14:01:43,25.0,24.0,5.0,5.5,20.0,22.916666666666664,0.0,0.0,5,3,0.010142498701916388,0.01655570992207449,True
HTLT0PUOFI,250721060005,250731070006,2025-07-21T14:02:32,2025-07-31T15:23:11,55.0,51.0,10.0,10.0,18.181818181818183,19.607843137254903,32.766666666666666,9.1,5,8,0.007086071617790831,0.0037683997906940076,True
HTLT0PUOFI,250121060010,250901040007,2025-01-21T14:42:21,2025-09-01T12:23:33,55.0,52.0,13.5,12.5,24.545454545454547,24.03846153846154,27.283333333333335,152.66666666666666,7,6,0.007792097856572838,0.8440043242895752,True
HTLT0PUOFI,250111060006,250911060003,2025-01-11T14:33:33,2025-09-11T14:58:12,49.0,50.0,10.0,8.5,20.408163265306122,17.0,0.0,0.8666666666666667,6,5,0.281169886693045,0.014593781403127976,True
HTLT0PUOFI,250701070008,250911060003,2025-07-01T15:20:59,2025-09-11T14:58:12,50.0,50.0,9.0,8.5,18.0,17.0,3.5833333333333335,0.8666666666666667,6,5,0.006547569965320117,0.011753389308896139,True
HTLT0PUOFI,250711060006,250911060003,2025-07-11T14:32:04,2025-09-11T14:58:12,61.0,50.0,10.5,8.5,17.21311475409836,17.0,10.95,0.8666666666666667,6,5,0.012087207686393861,0.016637872867101507,True
HTLT0PUOFI,250831230001,250920200001,2025-09-01T07:58:22,2025-09-21T04:55:15,56.0,56.0,10.0,12.5,17.857142857142858,22.321428571428573,3.8333333333333335,0.0,4,5,0.0012231441926215392,0.007428948575365746,True
HTLT0PUOFI,250720230001,251110230008,2025-07-21T07:55:55,2025-11-11T07:44:23,41.0,41.0,7.0,7.0,17.073170731707318,17.073170731707318,6.05,9.6,6,6,0.010046788462414483,0.008611292789276175,True
HTLT0PUOFI,250721010001,251111010003,2025-07-21T09:26:47,2025-11-11T09:17:12,25.0,25.0,5.0,4.5,20.0,18.0,0.0,0.0,5,4,0.0195363024809522,0.0050249490415905365,False
HTLT0PUOFI,250731060005,251111010003,2025-07-31T14:01:43,2025-11-11T09:17:12,24.0,25.0,5.5,4.5,22.916666666666664,18.0,0.0,0.0,3,4,0.013206793595276508,0.013272433285107705,False
HTLT0PUOFI,250721060005,251121050008,2025-07-21T14:02:32,2025-11-21T13:26:54,55.0,49.0,10.0,7.5,18.181818181818183,15.306122448979592,32.766666666666666,0.0,5,5,0.006770119110762681,0.8487056801546362,True
HTLT0PUOFI,250731070006,251121050008,2025-07-31T15:23:11,2025-11-21T13:26:54,51.0,49.0,10.0,7.5,19.607843137254903,15.306122448979592,9.1,0.0,8,5,0.005032459134645854,0.8453151291767989,True
M78YOZ58I2,250331030001,250521040001,2025-03-31T11:35:43,2025-05-21T12:41:31,48.5,52.5,7.0,8.0,14.432989690721648,15.238095238095239,0.0,0.0,8,12,0.0071733550093454265,0.008447926904402103,True
M78YOZ58I2,250331130021,250721130015,2025-03-31T21:20:43,2025-07-21T21:14:23,11.900000000001455,12.400000000001455,2.5,2.5,21.00840336134197,20.161290322578278,8.833333333333334,4.016666666666667,5,7,0.3401916121054278,0.01685663687123341,False
M78YOZ58I2,250331130021,250901120017,2025-03-31T21:20:43,2025-09-01T20:33:43,11.900000000001455,10.69999999999709,2.5,2.0,21.00840336134197,18.691588785051813,8.833333333333334,5.35,5,9,0.23460926587046985,0.012901143769776136,False
M78YOZ58I2,250721130015,250901120017,2025-07-21T21:14:23,2025-09-01T20:33:43,12.400000000001455,10.69999999999709,2.5,2.0,20.161290322578278,18.691588785051813,4.016666666666667,5.35,7,9,0.11398701286261179,0.0055502414127845045,False
M78YOZ58I2,250531130005,250911070008,2025-05-31T21:24:06,2025-09-11T15:53:46,39.70000000000073,45.69999999999709,5.5,6.5,13.853904282115614,14.223194748359768,0.0,4.766666666666667,7,10,0.010058558089021055,0.017661326871455985,True
M78YOZ58I2,250701080011,250930060012,2025-07-01T16:02:11,2025-09-30T14:30:36,26.099999999998545,26.400000000001455,4.0,4.5,15.325670498085145,17.045454545453605,4.683333333333334,49.11666666666667,5,4,0.006360129430861318,0.6008274355731011,False
M78YOZ58I2,250331070008,251111030001,2025-03-31T15:15:32,2025-11-11T11:09:26,25.299999999999272,26.69999999999709,4.0,4.0,15.810276679842353,14.981273408241332,0.0,0.0,11,10,0.019015026335238824,0.005322253644516846,False
M78YOZ58I2,250701080011,251111070010,2025-07-01T16:02:11,2025-11-11T15:42:33,26.099999999998545,25.60000000000582,4.0,4.5,15.325670498085145,17.578124999996003,4.683333333333334,0.0,5,1,0.007820159289634615,0.6204502427958983,False
M78YOZ58I2,250930060012,251111070010,2025-09-30T14:30:36,2025-11-11T15:42:33,26.400000000001455,25.60000000000582,4.5,4.5,17.045454545453605,17.578124999996003,49.11666666666667,0.0,4,1,0.0038033616058543826,0.02702487528670116,False
SGQ5MOWUGY,250121020003,250311010002,2025-01-21T10:20:32,2025-03-11T09:50:49,59.5,58.19999999999891,8.5,7.0,14.285714285714285,12.027491408934933,0.0,0.0,12,10,0.015923783512509213,0.639781223800993,True
SGQ5MOWUGY,250121020003,250711010003,2025-01-21T10:20:32,2025-07-11T09:18:44,59.5,54.89999999999782,8.5,6.5,14.285714285714285,11.839708561020506,0.0,0.0,12,10,0.907888496028339,0.004821664646100488,True
SGQ5MOWUGY,250311010002,250711010003,2025-03-11T09:50:49,2025-07-11T09:18:44,58.19999999999891,54.89999999999782,7.0,6.5,12.027491408934933,11.839708561020506,0.0,0.0,10,10,0.909872934233615,0.6436084329674248,True
SGQ5MOWUGY,250121020003,250930020002,2025-01-21T10:20:32,2025-09-30T10:11:50,59.5,56.099999999998545,8.5,7.5,14.285714285714285,13.3689839572196,0.0,0.0,12,8,0.028560182070695873,0.002322580934669358,True
SGQ5MOWUGY,250311010002,250930020002,2025-03-11T09:50:49,2025-09-30T10:11:50,58.19999999999891,56.099999999998545,7.0,7.5,12.027491408934933,13.3689839572196,0.0,0.0,10,8,0.013097398326997163,0.6394301321682214,True
SGQ5MOWUGY,250711010003,250930020002,2025-07-11T09:18:44,2025-09-30T10:11:50,54.89999999999782,56.099999999998545,6.5,7.5,11.839708561020506,13.3689839572196,0.0,0.0,10,8,0.9161363224211809,0.004225407212578414,True
SGQ5MOWUGY,250311030005,251111030004,2025-03-11T11:26:45,2025-11-11T11:35:21,12.299999999999272,14.30000000000291,2.0,2.5,16.26016260162698,17.482517482513924,0.0,0.0,8,16,0.3159416863998968,0.015604870401177326,False
SROHH1P6DO,250111050004,250301050004,2025-01-11T13:53:39,2025-03-01T13:23:37,14.399999999999636,14.5,1.5,2.0,10.416666666666929,13.793103448275861,0.0,0.0,1,0,0.02344413268594918,0.7436374757594467,False
SROHH1P6DO,250301070008,250311050004,2025-03-01T15:44:58,2025-03-11T13:56:30,19.800000000000182,19.5,3.0,2.0,15.151515151515014,10.256410256410255,4.483333333333333,0.0,3,3,0.2473830286422601,0.002579112691148714,False
SROHH1P6DO,250101070008,250321090012,2025-01-01T15:03:55,2025-03-21T17:08:37,30.59999999999991,30.5,3.0,3.5,9.80392156862748,11.475409836065573,0.0,0.0,4,4,0.014984426090865218,0.016818986434818217,False
SROHH1P6DO,250321050004,250331050004,2025-03-21T13:48:58,2025-03-31T13:31:51,17.0,16.700000000000728,2.0,2.0,11.76470588235294,11.976047904191095,0.0,0.0,2,4,0.006086797268513774,0.010673770595333162,False
SROHH1P6DO,250121040002,250501050002,2025-01-21T12:06:30,2025-05-01T13:18:18,35.20000000000073,35.30000000000109,4.0,4.5,11.363636363636129,12.747875354107254,0.0,0.0,6,6,0.02021628499977966,0.004514039488065926,False
SROHH1P6DO,250121050004,250501060003,2025-01-21T13:29:51,2025-05-01T14:21:33,20.399999999999636,20.19999999999891,3.0,2.5,14.705882352941439,12.376237623763044,0.0,0.0,1,1,0.004632991657914297,0.011208440125781803,False
SROHH1P6DO,250101070008,250521080015,2025-01-01T15:03:55,2025-05-21T16:43:35,30.59999999999991,30.799999999999272,3.0,4.0,9.80392156862748,12.987012987013294,0.0,0.0,4,3,0.2871920742140305,0.027396288527076026,False
SROHH1P6DO,250321090012,250521080015,2025-03-21T17:08:37,2025-05-21T16:43:35,30.5,30.799999999999272,3.5,4.0,11.475409836065573,12.987012987013294,0.0,0.0,4,3,0.274820767987833,0.013424622386981711,False
SROHH1P6DO,250111050004,250531040003,2025-01-11T13:53:39,2025-05-31T12:44:32,14.399999999999636,14.600000000000364,1.5,1.5,10.416666666666929,10.27397260273947,0.0,0.0,1,1,0.017674603687518168,0.748323194024804,False
SROHH1P6DO,250301050004,250531040003,2025-03-01T13:23:37,2025-05-31T12:44:32,14.5,14.600000000000364,2.0,1.5,13.793103448275861,10.27397260273947,0.0,0.0,0,1,0.0061515304858278325,0.016844771048344448,False
SROHH1P6DO,250301060006,250531050005,2025-03-01T14:18:11,2025-05-31T13:31:51,18.300000000000182,18.19999999999891,2.5,2.5,13.661202185792215,13.73626373626456,0.0,0.0,1,0,0.014010714663262565,0.010143688282280303,False
SROHH1P6DO,250311050003,250701050003,2025-03-11T13:00:48,2025-07-01T13:18:47,16.599999999999454,16.30000000000109,2.5,3.0,15.060240963855916,18.40490797545889,14.4,11.1,1,3,0.0026358129670840144,0.234970314747341,False
SROHH1P6DO,250311080008,250701080008,2025-03-11T16:10:16,2025-07-01T16:14:35,16.899999999999636,16.900000000001455,2.5,2.0,14.792899408284343,11.8343195266262,0.0,0.0,3,2,0.0046773752946495896,0.00526071181237223,False
SROHH1P6DO,250321040002,250711040002,2025-03-21T12:52:43,2025-07-11T12:57:47,25.0,23.80000000000109,3.0,3.0,12.0,12.605042016806145,0.0,0.0,4,4,0.013201495422395057,0.60703033496318,False
SROHH1P6DO,250321050004,250711050004,2025-03-21T13:48:58,2025-07-11T13:53:14,17.0,16.19999999999709,2.0,2.0,11.76470588235294,12.345679012347897,0.0,0.0,2,2,0.023400510528828543,0.00928988863503541,False
SROHH1P6DO,250331050004,250711050004,2025-03-31T13:31:51,2025-07-11T13:53:14,16.700000000000728,16.19999999999709,2.0,2.0,11.976047904191095,12.345679012347897,0.0,0.0,4,2,0.01745760348290548,0.018698398091206925,False
SROHH1P6DO,250321040002,250721040002,2025-03-21T12:52:43,2025-07-21T12:46:44,25.0,23.200000000000728,3.0,3.0,12.0,12.931034482758216,0.0,0.0,4,2,0.013655611764536911,0.016411408873471766,False
SROHH1P6DO,250711040002,250721040002,2025-07-11T12:57:47,2025-07-21T12:46:44,23.80000000000109,23.200000000000728,3.0,3.0,12.605042016806145,12.931034482758216,0.0,0.0,4,2,0.009134694524148232,0.6175243801273504,False
SROHH1P6DO,250321050004,250721050004,2025-03-21T13:48:58,2025-07-21T13:36:25,17.0,16.600000000002183,2.0,2.0,11.76470588235294,12.048192771082752,0.0,0.0,2,2,0.008368077434081378,0.010206939663669798,False
SROHH1P6DO,250331050004,250721050004,2025-03-31T13:31:51,2025-07-21T13:36:25,16.700000000000728,16.600000000002183,2.0,2.0,11.976047904191095,12.048192771082752,0.0,0.0,4,2,0.0023350934595735007,0.01904683479993457,False
SROHH1P6DO,250711050004,250721050004,2025-07-11T13:53:14,2025-07-21T13:36:25,16.19999999999709,16.600000000002183,2.0,2.0,12.345679012347897,12.048192771082752,0.0,0.0,2,2,0.015122510023331981,0.0015391276406128696,False
SROHH1P6DO,250101070008,250721080013,2025-01-01T15:03:55,2025-07-21T16:57:21,30.59999999999991,30.700000000000728,3.0,3.0,9.80392156862748,9.771986970683807,0.0,0.0,4,4,0.022213203109077782,0.005124692804620514,False
SROHH1P6DO,250321090012,250721080013,2025-03-21T17:08:37,2025-07-21T16:57:21,30.5,30.700000000000728,3.5,3.0,11.475409836065573,9.771986970683807,0.0,0.0,4,4,0.007229258942096397,0.020676279654162195,False
SROHH1P6DO,250521080015,250721080013,2025-05-21T16:43:35,2025-07-21T16:57:21,30.799999999999272,30.700000000000728,4.0,3.0,12.987012987013294,9.771986970683807,0.0,0.0,3,4,0.26888797321405045,0.029634168794160736,False
SROHH1P6DO,250321040002,250901040003,2025-03-21T12:52:43,2025-09-01T12:56:42,25.0,23.599999999998545,3.0,3.5,12.0,14.830508474577186,0.0,0.0,4,4,0.13051037888535927,0.007006657217856591,False
SROHH1P6DO,250711040002,250901040003,2025-07-11T12:57:47,2025-09-01T12:56:42,23.80000000000109,23.599999999998545,3.0,3.5,12.605042016806145,14.830508474577186,0.0,0.0,4,4,0.14184113183141064,0.6140269232799795,False
SROHH1P6DO,250721040002,250901040003,2025-07-21T12:46:44,2025-09-01T12:56:42,23.200000000000728,23.599999999998545,3.0,3.5,12.931034482758216,14.830508474577186,0.0,0.0,2,4,0.1440631995161902,0.01352892646601185,False
SROHH1P6DO,250321050004,250901050004,2025-03-21T13:48:58,2025-09-01T13:40:13,17.0,16.200000000000728,2.0,2.0,11.76470588235294,12.345679012345125,0.0,0.0,2,2,0.6171341766982439,0.00387260295968805,False
SROHH1P6DO,250331050004,250901050004,2025-03-31T13:31:51,2025-09-01T13:40:13,16.700000000000728,16.200000000000728,2.0,2.0,11.976047904191095,12.345679012345125,0.0,0.0,4,2,0.6159343638668762,0.010594700137636234,False
SROHH1P6DO,250711050004,250901050004,2025-07-11T13:53:14,2025-09-01T13:40:13,16.19999999999709,16.200000000000728,2.0,2.0,12.345679012347897,12.345679012345125,0.0,0.0,2,2,0.6172137961008453,0.00811722964496514,False
SROHH1P6DO,250721050004,250901050004,2025-07-21T13:36:25,2025-09-01T13:40:13,16.600000000002183,16.200000000000728,2.0,2.0,12.048192771082752,12.345679012345125,0.0,0.0,2,2,0.6160769935655874,0.008477541585837555,False
SROHH1P6DO,250101070008,250901090015,2025-01-01T15:03:55,2025-09-01T17:50:57,30.59999999999991,31.399999999997817,3.0,3.5,9.80392156862748,11.1464968152874,0.0,0.0,4,3,0.9516231924089468,0.01480040022253032,False
SROHH1P6DO,250321090012,250901090015,2025-03-21T17:08:37,2025-09-01T17:50:57,30.5,31.399999999997817,3.5,3.5,11.475409836065573,11.1464968152874,0.0,0.0,4,3,0.9454540262788111,0.01106392608849429,False
SROHH1P6DO,250721080013,250901090015,2025-07-21T16:57:21,2025-09-01T17:50:57,30.700000000000728,31.399999999997817,3.0,3.5,9.771986970683807,11.1464968152874,0.0,0.0,4,3,0.942641944249834,0.01591673980552513,False
SROHH1P6DO,250731030002,250911040003,2025-07-31T11:54:57,2025-09-11T12:18:28,20.19999999999709,19.900000000001455,2.5,2.0,12.37623762376416,10.050251256280673,0.0,0.0,4,5,0.1794547792896475,0.0011252366525604134,False
SROHH1P6DO,250311050004,250911040004,2025-03-11T13:56:30,2025-09-11T12:58:40,19.5,22.099999999998545,2.0,3.0,10.256410256410255,13.574660633485056,0.0,0.0,3,4,0.7605520564519698,0.007698774204604773,False
SROHH1P6DO,250731030002,250921030003,2025-07-31T11:54:57,2025-09-21T11:14:52,20.19999999999709,19.799999999999272,2.5,3.0,12.37623762376416,15.151515151515706,0.0,0.0,4,6,0.13379257162603314,0.6573838956921092,False
SROHH1P6DO,250911040003,250921030003,2025-09-11T12:18:28,2025-09-21T11:14:52,19.900000000001455,19.799999999999272,2.0,3.0,10.050251256280673,15.151515151515706,0.0,0.0,5,6,0.04574882314290565,0.656580534404177,False
SROHH1P6DO,250731060006,250921040005,2025-07-31T14:09:26,2025-09-21T12:40:04,19.5,21.5,2.5,3.5,12.82051282051282,16.27906976744186,0.0,2.183333333333333,4,5,0.010556698463093709,0.00934061190523875,False
SROHH1P6DO,250121040002,250930030003,2025-01-21T12:06:30,2025-09-30T11:59:16,35.20000000000073,35.60000000000218,4.0,4.0,11.363636363636129,11.235955056179087,0.0,0.0,6,5,0.02811504703677682,0.002464370309031714,False
SROHH1P6DO,250501050002,250930030003,2025-05-01T13:18:18,2025-09-30T11:59:16,35.30000000000109,35.60000000000218,4.5,4.0,12.747875354107254,11.235955056179087,0.0,0.0,6,5,0.013286453705037372,0.0063937728607802655,False
SROHH1P6DO,250121050004,250930050004,2025-01-21T13:29:51,2025-09-30T13:02:02,20.399999999999636,22.399999999997817,3.0,3.0,14.705882352941439,13.392857142858446,0.0,0.0,1,2,0.0025433794273065783,0.7599136159226441,False
SROHH1P6DO,250501060003,250930050004,2025-05-01T14:21:33,2025-09-30T13:02:02,20.19999999999891,22.399999999997817,2.5,3.0,12.376237623763044,13.392857142858446,0.0,0.0,1,2,0.0063937728607802655,0.7687701236540692,False
SROHH1P6DO,250501080008,250930060008,2025-05-01T16:13:20,2025-09-30T14:22:13,17.5,17.600000000002183,2.0,2.5,11.428571428571429,14.204545454543693,0.0,0.0,1,3,0.004145562434458,0.15149090156187764,False
SROHH1P6DO,250111050004,251101040003,2025-01-11T13:53:39,2025-11-01T12:48:55,14.399999999999636,14.299999999999272,1.5,1.5,10.416666666666929,10.489510489511025,0.0,0.0,1,1,0.005724513479393927,0.7625664549940311,False
SROHH1P6DO,250301050004,251101040003,2025-03-01T13:23:37,2025-11-01T12:48:55,14.5,14.299999999999272,2.0,1.5,13.793103448275861,10.489510489511025,0.0,0.0,0,1,0.0177220801490801,0.025980643040496132,False
SROHH1P6DO,250531040003,251101040003,2025-05-31T12:44:32,2025-11-01T12:48:55,14.600000000000364,14.299999999999272,1.5,1.5,10.27397260273947,10.489510489511025,0.0,0.0,1,1,0.01202173081953715,0.014318631825358327,False
SROHH1P6DO,250301060006,251101050005,2025-03-01T14:18:11,2025-11-01T13:31:11,18.300000000000182,20.200000000000728,2.5,2.0,13.661202185792215,9.900990099009546,0.0,0.0,1,2,0.009868226796170342,0.0071690543641161905,False
SROHH1P6DO,250531050005,251101050005,2025-05-31T13:31:51,2025-11-01T13:31:11,18.19999999999891,20.200000000000728,2.5,2.0,13.73626373626456,9.900990099009546,0.0,0.0,0,2,0.009032910189366871,0.003832386451827274,False
SROHH1P6DO,250731060006,251101070011,2025-07-31T14:09:26,2025-11-01T15:43:05,19.5,19.599999999998545,2.5,3.0,12.82051282051282,15.306122448980727,0.0,0.0,4,5,0.013649158831533174,0.007175382484225694,False
SROHH1P6DO,250921040005,251101070011,2025-09-21T12:40:04,2025-11-01T15:43:05,21.5,19.599999999998545,3.5,3.0,16.27906976744186,15.306122448980727,2.183333333333333,0.0,5,5,0.0033778595737899565,0.007008007298001402,False
SROHH1P6DO,250311080008,251111060006,2025-03-11T16:10:16,2025-11-11T14:42:49,16.899999999999636,17.299999999999272,2.5,3.0,14.792899408284343,17.341040462428474,0.0,0.0,3,2,0.3393253315612039,0.01073984315219462,False
SROHH1P6DO,250701080008,251111060006,2025-07-01T16:14:35,2025-11-11T14:42:49,16.900000000001455,17.299999999999272,2.0,3.0,11.8343195266262,17.341040462428474,0.0,0.0,2,2,0.3381707346882841,0.009115399700923704,False
SROHH1P6DO,250321040002,251121040002,2025-03-21T12:52:43,2025-11-21T12:46:28,25.0,23.299999999999272,3.0,2.5,12.0,10.729613733905914,0.0,0.0,4,4,0.018142952807743973,0.027969105968204032,False
SROHH1P6DO,250711040002,251121040002,2025-07-11T12:57:47,2025-11-21T12:46:28,23.80000000000109,23.299999999999272,3.0,2.5,12.605042016806145,10.729613733905914,0.0,0.0,4,4,0.013295064911036953,0.6212157120843602,False
SROHH1P6DO,250721040002,251121040002,2025-07-21T12:46:44,2025-11-21T12:46:28,23.200000000000728,23.299999999999272,3.0,2.5,12.931034482758216,10.729613733905914,0.0,0.0,2,4,0.0049120907737289264,0.012124699147899164,False
SROHH1P6DO,250901040003,251121040002,2025-09-01T12:56:42,2025-11-21T12:46:28,23.599999999998545,23.299999999999272,3.5,2.5,14.830508474577186,10.729613733905914,0.0,0.0,4,4,0.14813310687626402,0.025651130379927015,False
SROHH1P6DO,250321050004,251121050004,2025-03-21T13:48:58,2025-11-21T13:33:44,17.0,16.899999999997817,2.0,2.0,11.76470588235294,11.834319526628748,0.0,0.0,2,2,0.622497173012339,0.004179203503035161,False
SROHH1P6DO,250331050004,251121050004,2025-03-31T13:31:51,2025-11-21T13:33:44,16.700000000000728,16.899999999997817,2.0,2.0,11.976047904191095,11.834319526628748,0.0,0.0,4,2,0.6215112833688031,0.006518520574259029,False
SROHH1P6DO,250711050004,251121050004,2025-07-11T13:53:14,2025-11-21T13:33:44,16.19999999999709,16.899999999997817,2.0,2.0,12.345679012347897,11.834319526628748,0.0,0.0,2,2,0.6234085679465967,0.012561607767415692,False
SROHH1P6DO,250721050004,251121050004,2025-07-21T13:36:25,2025-11-21T13:33:44,16.600000000002183,16.899999999997817,2.0,2.0,12.048192771082752,11.834319526628748,0.0,0.0,2,2,0.6217369980978249,0.013144035394689531,False
SROHH1P6DO,250901050004,251121050004,2025-09-01T13:40:13,2025-11-21T13:33:44,16.200000000000728,16.899999999997817,2.0,2.0,12.345679012345125,11.834319526628748,0.0,0.0,2,2,0.02279009146800601,0.004827771154469867,False
SROHH1P6DO,250101070008,251121080011,2025-01-01T15:03:55,2025-11-21T16:25:48,30.59999999999991,30.900000000001455,3.0,4.0,9.80392156862748,12.944983818769618,0.0,0.0,4,5,0.009261323488805224,0.028619265239350503,False
SROHH1P6DO,250321090012,251121080011,2025-03-21T17:08:37,2025-11-21T16:25:48,30.5,30.900000000001455,3.5,4.0,11.475409836065573,12.944983818769618,0.0,0.0,4,5,0.007194258828405626,0.01195763482256542,False
SROHH1P6DO,250521080015,251121080011,2025-05-21T16:43:35,2025-11-21T16:25:48,30.799999999999272,30.900000000001455,4.0,4.0,12.987012987013294,12.944983818769618,0.0,0.0,3,5,0.2819580849126697,0.01325136315176508,False
SROHH1P6DO,250721080013,251121080011,2025-07-21T16:57:21,2025-11-21T16:25:48,30.700000000000728,30.900000000001455,3.0,4.0,9.771986970683807,12.944983818769618,0.0,0.0,4,5,0.014021799937367832,0.032630242138389,False
SROHH1P6DO,250901090015,251121080011,2025-09-01T17:50:57,2025-11-21T16:25:48,31.399999999997817,30.900000000001455,3.5,4.0,11.1464968152874,12.944983818769618,0.0,0.0,3,5,0.9449775260517458,0.021050000271507847,False
TPMUFOCRKB,250121090034,250331060021,2025-01-21T17:18:34,2025-03-31T14:18:13,12.5,10.799999999999727,1.0,1.5,8.0,13.88888888888924,0.0,0.0,0,1,0.011830860656826939,0.001944852864884513,False
TPMUFOCRKB,250121090034,250930060020,2025-01-21T17:18:34,2025-09-30T14:26:56,12.5,11.100000000000364,1.0,1.0,8.0,9.009009009008714,0.0,0.0,0,1,0.004771573883551163,0.009623829353393306,False
TPMUFOCRKB,250331060021,250930060020,2025-03-31T14:18:13,2025-09-30T14:26:56,10.799999999999727,11.100000000000364,1.5,1.0,13.88888888888924,9.009009009008714,0.0,0.0,1,1,0.01622579020886854,0.01123660641968035,False
TPMUFOCRKB,250121090034,251111050026,2025-01-21T17:18:34,2025-11-11T13:57:46,12.5,14.799999999999272,1.0,2.0,8.0,13.513513513514178,0.0,10.116666666666667,0,2,0.027570586834914645,0.018089986653147327,False
V9R0Z0ZLT0,250731040002,250731080004,2025-07-31T12:39:15,2025-07-31T16:29:11,31.0,31.0,11.5,12.5,37.096774193548384,40.32258064516129,12.583333333333334,38.416666666666664,5,2,0.02854908428130102,0.024687283077926604,True
V9R0Z0ZLT0,250121080003,250901070003,2025-01-21T16:27:18,2025-09-01T15:50:41,15.0,14.0,5.5,6.0,36.666666666666664,42.857142857142854,0.0,21.9,4,5,0.011624282090667,0.014632645546151502,True
V9R0Z0ZLT0,250711050004,250911010001,2025-07-11T13:03:29,2025-09-11T09:16:38,19.0,22.0,9.0,12.5,47.368421052631575,56.81818181818182,11.383333333333333,112.26666666666667,6,3,0.004204695906641223,0.01044663783570719,True
V9R0Z0ZLT0,250731020001,250930010001,2025-07-31T10:15:06,2025-09-30T09:41:13,22.0,23.0,7.5,7.0,34.090909090909086,30.434782608695656,18.333333333333332,9.366666666666667,4,7,0.003611024000240931,0.028336074657075966,True
V9R0Z0ZLT0,250731040002,250930030002,2025-07-31T12:39:15,2025-09-30T11:34:10,31.0,31.0,11.5,9.0,37.096774193548384,29.03225806451613,12.583333333333334,0.0,5,3,0.028336074657075966,0.007494303069170939,True
V9R0Z0ZLT0,250731080004,250930030002,2025-07-31T16:29:11,2025-09-30T11:34:10,31.0,31.0,12.5,9.0,40.32258064516129,29.03225806451613,38.416666666666664,0.0,2,3,0.0011119492662446384,0.017664763880059,True
V9R0Z0ZLT0,250731050003,250930040003,2025-07-31T13:35:06,2025-09-30T12:08:55,38.0,33.0,12.5,10.0,32.89473684210527,30.303030303030305,29.383333333333333,39.96666666666667,10,4,0.004959686540305877,0.006546079432434597,True
V9R0Z0ZLT0,250731040002,250930070006,2025-07-31T12:39:15,2025-09-30T15:13:34,31.0,32.0,11.5,11.5,37.096774193548384,35.9375,12.583333333333334,4.933333333333334,5,4,0.011470721230099916,0.014021056252305389,True
V9R0Z0ZLT0,250731080004,250930070006,2025-07-31T16:29:11,2025-09-30T15:13:34,31.0,32.0,12.5,11.5,40.32258064516129,35.9375,38.416666666666664,4.933333333333334,2,4,0.030841405544594445,0.01774685836999933,True
V9R0Z0ZLT0,250930030002,250930070006,2025-09-30T11:34:10,2025-09-30T15:13:34,31.0,32.0,9.0,11.5,29.03225806451613,35.9375,0.0,4.933333333333334,3,4,0.030234075308144058,0.01240823668354985,True
V9R0Z0ZLT0,250731090005,250930080007,2025-07-31T17:55:26,2025-09-30T16:28:26,14.0,16.0,4.0,4.5,28.57142857142857,28.125,2.533333333333333,5.133333333333334,3,5,0.018054572408295735,0.0028704652139655215,False
V9R0Z0ZLT0,250301020001,251111010001,2025-03-01T10:38:20,2025-11-11T09:12:40,195.0,203.0,64.5,70.0,33.07692307692307,34.48275862068966,154.75,296.3833333333333,44,25,0.007169047152136736,0.015617413810561136,True
XYK9DYX172,241231220010,250110210022,2025-01-01T06:46:23,2025-01-11T05:29:23,14.400000000000091,14.800000000000182,2.5,2.0,17.361111111111,13.513513513513347,0.0,0.0,8,2,0.44225728060771996,0.12819003050490382,False
XYK9DYX172,250111030002,250121030005,2025-01-11T11:21:02,2025-01-21T11:38:58,14.900000000000091,14.700000000000273,2.0,2.5,13.422818791946225,17.006802721088118,0.0,0.0,4,7,0.299407322283104,0.01082227792214521,False
XYK9DYX172,241231220010,250130210008,2025-01-01T06:46:23,2025-01-31T05:32:55,14.400000000000091,14.600000000000364,2.5,2.0,17.361111111111,13.69863013698596,0.0,0.0,8,1,0.02425636332099301,0.03246900295910401,False
XYK9DYX172,250110210022,250130210008,2025-01-11T05:29:23,2025-01-31T05:32:55,14.800000000000182,14.600000000000364,2.0,2.0,13.513513513513347,13.69863013698596,0.0,0.0,2,1,0.41996562299231727,0.09583699514259132,False
XYK9DYX172,241231220010,250228210015,2025-01-01T06:46:23,2025-03-01T05:29:13,14.400000000000091,14.600000000000364,2.5,2.5,17.361111111111,17.12328767123245,0.0,0.0,8,2,0.020607302616700733,0.02969547175624008,False
XYK9DYX172,250110210022,250228210015,2025-01-11T05:29:23,2025-03-01T05:29:13,14.800000000000182,14.600000000000364,2.0,2.5,13.513513513513347,17.12328767123245,0.0,0.0,2,2,0.4278413925203326,0.09901065792036527,False
XYK9DYX172,250130210008,250228210015,2025-01-31T05:32:55,2025-03-01T05:29:13,14.600000000000364,14.600000000000364,2.0,2.5,13.69863013698596,17.12328767123245,0.0,0.0,1,2,0.009299067638700855,0.007845274809039548,False
XYK9DYX172,241231220010,250310210010,2025-01-01T06:46:23,2025-03-11T05:29:11,14.400000000000091,14.399999999999636,2.5,2.5,17.361111111111,17.361111111111548,0.0,0.0,8,2,0.008339619498426265,0.015347924446628261,False
XYK9DYX172,250110210022,250310210010,2025-01-11T05:29:23,2025-03-11T05:29:11,14.800000000000182,14.399999999999636,2.0,2.5,13.513513513513347,17.361111111111548,0.0,0.0,2,2,0.43534992312910925,0.11321794387761555,False
XYK9DYX172,250130210008,250310210010,2025-01-31T05:32:55,2025-03-11T05:29:11,14.600000000000364,14.399999999999636,2.0,2.5,13.69863013698596,17.361111111111548,0.0,0.0,1,2,0.01615629897722992,0.017384316115176882,False
XYK9DYX172,250228210015,250310210010,2025-03-01T05:29:13,2025-03-11T05:29:11,14.600000000000364,14.399999999999636,2.5,2.5,17.12328767123245,17.361111111111548,0.0,0.0,2,2,0.012516567275083275,0.01637680604128985,False
XYK9DYX172,241231220010,250320210014,2025-01-01T06:46:23,2025-03-21T05:39:35,14.400000000000091,14.799999999999272,2.5,2.5,17.361111111111,16.891891891892723,0.0,0.0,8,5,0.31601307728753614,0.014876667625778241,False
XYK9DYX172,250110210022,250320210014,2025-01-11T05:29:23,2025-03-21T05:39:35,14.800000000000182,14.799999999999272,2.0,2.5,13.513513513513347,16.891891891892723,0.0,0.0,2,5,0.6751903576397447,0.1154603153530605,False
XYK9DYX172,250130210008,250320210014,2025-01-31T05:32:55,2025-03-21T05:39:35,14.600000000000364,14.799999999999272,2.0,2.5,13.69863013698596,16.891891891892723,0.0,0.0,1,5,0.3221077828540561,0.021697118573095274,False
XYK9DYX172,250228210015,250320210014,2025-03-01T05:29:13,2025-03-21T05:39:35,14.600000000000364,14.799999999999272,2.5,2.5,17.12328767123245,16.891891891892723,0.0,0.0,2,5,0.3132283473158328,0.016521133253719164,False
XYK9DYX172,250310210010,250320210014,2025-03-11T05:29:11,2025-03-21T05:39:35,14.399999999999636,14.799999999999272,2.5,2.5,17.361111111111548,16.891891891892723,0.0,0.0,2,5,0.3163048318218534,0.010674712957999766,False
XYK9DYX172,250111030002,250321030005,2025-01-11T11:21:02,2025-03-21T11:31:40,14.900000000000091,14.899999999999636,2.0,2.5,13.422818791946225,16.778523489933296,0.0,0.0,4,4,0.1210515423121359,0.005610174707490919,False
XYK9DYX172,250121030005,250321030005,2025-01-21T11:38:58,2025-03-21T11:31:40,14.700000000000273,14.899999999999636,2.5,2.5,17.006802721088118,16.778523489933296,0.0,0.0,7,4,0.21511987714466957,0.011981630526717852,False
XYK9DYX172,241231220010,250430210008,2025-01-01T06:46:23,2025-05-01T05:31:25,14.400000000000091,14.600000000000364,2.5,2.5,17.361111111111,17.12328767123245,0.0,0.0,8,5,0.01694053486255931,0.018770352933886993,False
XYK9DYX172,250110210022,250430210008,2025-01-11T05:29:23,2025-05-01T05:31:25,14.800000000000182,14.600000000000364,2.0,2.5,13.513513513513347,17.12328767123245,0.0,0.0,2,5,0.4296978217811963,0.110150641050392,False
XYK9DYX172,250130210008,250430210008,2025-01-31T05:32:55,2025-05-01T05:31:25,14.600000000000364,14.600000000000364,2.0,2.5,13.69863013698596,17.12328767123245,0.0,0.0,1,5,0.009871414990019001,0.015944912317629678,False
XYK9DYX172,250228210015,250430210008,2025-03-01T05:29:13,2025-05-01T05:31:25,14.600000000000364,14.600000000000364,2.5,2.5,17.12328767123245,17.12328767123245,0.0,0.0,2,5,0.003815766873412994,0.011153609069813922,False
XYK9DYX172,250310210010,250430210008,2025-03-11T05:29:11,2025-05-01T05:31:25,14.399999999999636,14.600000000000364,2.5,2.5,17.361111111111548,17.12328767123245,0.0,0.0,2,5,0.008745245091404048,0.008570476438089033,False
XYK9DYX172,250320210014,250430210008,2025-03-21T05:39:35,2025-05-01T05:31:25,14.799999999999272,14.600000000000364,2.5,2.5,16.891891891892723,17.12328767123245,0.0,0.0,5,5,0.31458042965812116,0.005752909528453652,False
XYK9DYX172,241231220010,250510210005,2025-01-01T06:46:23,2025-05-11T05:35:40,14.400000000000091,15.5,2.5,2.5,17.361111111111,16.129032258064516,0.0,0.0,8,8,0.5012232669317801,0.01576262662906693,False
XYK9DYX172,250110210022,250510210005,2025-01-11T05:29:23,2025-05-11T05:35:40,14.800000000000182,15.5,2.0,2.5,13.513513513513347,16.129032258064516,0.0,0.0,2,8,0.09833996074120266,0.11726416235735325,False
XYK9DYX172,250130210008,250510210005,2025-01-31T05:32:55,2025-05-11T05:35:40,14.600000000000364,15.5,2.0,2.5,13.69863013698596,16.129032258064516,0.0,0.0,1,8,0.48086683922804785,0.02477781418507811,False
XYK9DYX172,250228210015,250510210005,2025-03-01T05:29:13,2025-05-11T05:35:40,14.600000000000364,15.5,2.5,2.5,17.12328767123245,16.129032258064516,0.0,0.0,2,8,0.48946497050117566,0.01885279194897092,False
XYK9DYX172,250310210010,250510210005,2025-03-11T05:29:11,2025-05-11T05:35:40,14.399999999999636,15.5,2.5,2.5,17.361111111111548,16.129032258064516,0.0,0.0,2,8,0.49519346623718624,0.014478512722128502,False
XYK9DYX172,250320210014,250510210005,2025-03-21T05:39:35,2025-05-11T05:35:40,14.799999999999272,15.5,2.5,2.5,16.891891891892723,16.129032258064516,0.0,0.0,5,8,0.7573480970419402,0.0038682822464362458,False
XYK9DYX172,250430210008,250510210005,2025-05-01T05:31:25,2025-05-11T05:35:40,14.600000000000364,15.5,2.5,2.5,17.12328767123245,16.129032258064516,0.0,0.0,5,8,0.4907382361950616,0.009036938593235707,False
XYK9DYX172,250111030002,250511020002,2025-01-11T11:21:02,2025-05-11T10:01:47,14.900000000000091,14.899999999999636,2.0,2.0,13.422818791946225,13.422818791946636,0.0,0.0,4,3,0.10347956081806449,0.007091312007933594,False
XYK9DYX172,250121030005,250511020002,2025-01-21T11:38:58,2025-05-11T10:01:47,14.700000000000273,14.899999999999636,2.5,2.0,17.006802721088118,13.422818791946636,0.0,0.0,7,3,0.22809954481383277,0.006888752902869505,False
XYK9DYX172,250321030005,250511020002,2025-03-21T11:31:40,2025-05-11T10:01:47,14.899999999999636,14.899999999999636,2.5,2.0,16.778523489933296,13.422818791946636,0.0,0.0,4,3,0.017969862177949228,0.011348116295408408,False
XYK9DYX172,250301030003,250511060005,2025-03-01T11:52:58,2025-05-11T14:51:46,10.700000000000728,10.599999999998545,2.0,1.5,18.691588785045457,14.150943396228358,0.0,0.0,3,1,0.0010560590414111814,0.010329466335057753,False
XYK9DYX172,241231220010,250520210011,2025-01-01T06:46:23,2025-05-21T05:31:24,14.400000000000091,14.5,2.5,2.0,17.361111111111,13.793103448275861,0.0,0.0,8,5,0.01903658734711635,0.006247445339842319,False
XYK9DYX172,250110210022,250520210011,2025-01-11T05:29:23,2025-05-21T05:31:24,14.800000000000182,14.5,2.0,2.0,13.513513513513347,13.793103448275861,0.0,0.0,2,5,0.4279746669139279,0.13436308590735124,False
XYK9DYX172,250130210008,250520210011,2025-01-31T05:32:55,2025-05-21T05:31:24,14.600000000000364,14.5,2.0,2.0,13.69863013698596,13.793103448275861,0.0,0.0,1,5,0.008503421744253205,0.03857672787037788,False
XYK9DYX172,250228210015,250520210011,2025-03-01T05:29:13,2025-05-21T05:31:24,14.600000000000364,14.5,2.5,2.0,17.12328767123245,13.793103448275861,0.0,0.0,2,5,0.0021115003639889393,0.03594283492411197,False
XYK9DYX172,250310210010,250520210011,2025-03-11T05:29:11,2025-05-21T05:31:24,14.399999999999636,14.5,2.5,2.0,17.361111111111548,13.793103448275861,0.0,0.0,2,5,0.010800507383154164,0.021298674614767407,False
XYK9DYX172,250320210014,250520210011,2025-03-21T05:39:35,2025-05-21T05:31:24,14.799999999999272,14.5,2.5,2.0,16.891891891892723,13.793103448275861,0.0,0.0,5,5,0.31474652191908725,0.020848075514742888,False
XYK9DYX172,250430210008,250520210011,2025-05-01T05:31:25,2025-05-21T05:31:24,14.600000000000364,14.5,2.5,2.0,17.12328767123245,13.793103448275861,0.0,0.0,5,5,0.0021127036057587145,0.024993987604900222,False
XYK9DYX172,250510210005,250520210011,2025-05-11T05:35:40,2025-05-21T05:31:24,15.5,14.5,2.5,2.0,16.129032258064516,13.793103448275861,0.0,0.0,8,5,0.4892440404802669,0.02121040683273457,False
XYK9DYX172,250111030002,250521030002,2025-01-11T11:21:02,2025-05-21T11:01:56,14.900000000000091,15.200000000000728,2.0,2.0,13.422818791946225,13.157894736841474,0.0,0.0,4,2,0.09990282612837811,0.00493416765113671,False
XYK9DYX172,250121030005,250521030002,2025-01-21T11:38:58,2025-05-21T11:01:56,14.700000000000273,15.200000000000728,2.5,2.0,17.006802721088118,13.157894736841474,0.0,0.0,7,2,0.2319844836481202,0.006832063966290656,False
XYK9DYX172,250321030005,250521030002,2025-03-21T11:31:40,2025-05-21T11:01:56,14.899999999999636,15.200000000000728,2.5,2.0,16.778523489933296,13.157894736841474,0.0,0.0,4,2,0.022022208226788458,0.008903052684604803,False
XYK9DYX172,250511020002,250521030002,2025-05-11T10:01:47,2025-05-21T11:01:56,14.899999999999636,15.200000000000728,2.0,2.0,13.422818791946636,13.157894736841474,0.0,0.0,3,2,0.004231933883424587,0.002445179049542588,False
XYK9DYX172,241231220010,250530210006,2025-01-01T06:46:23,2025-05-31T05:11:03,14.400000000000091,14.600000000000364,2.5,2.0,17.361111111111,13.69863013698596,0.0,0.0,8,2,0.015776652817553444,0.011246342402153702,False
XYK9DYX172,250110210022,250530210006,2025-01-11T05:29:23,2025-05-31T05:11:03,14.800000000000182,14.600000000000364,2.0,2.0,13.513513513513347,13.69863013698596,0.0,0.0,2,2,0.43627571937586146,0.11802622543587388,False
XYK9DYX172,250130210008,250530210006,2025-01-31T05:32:55,2025-05-31T05:11:03,14.600000000000364,14.600000000000364,2.0,2.0,13.69863013698596,13.69863013698596,0.0,0.0,1,2,0.016981636922926587,0.023205649523011164,False
XYK9DYX172,250228210015,250530210006,2025-03-01T05:29:13,2025-05-31T05:11:03,14.600000000000364,14.600000000000364,2.5,2.0,17.12328767123245,13.69863013698596,0.0,0.0,2,2,0.00843854734441864,0.019045004108703734,False
XYK9DYX172,250310210010,250530210006,2025-03-11T05:29:11,2025-05-31T05:11:03,14.399999999999636,14.600000000000364,2.5,2.0,17.361111111111548,13.69863013698596,0.0,0.0,2,2,0.009886810518941514,0.009131014020110658,False
XYK9DYX172,250320210014,250530210006,2025-03-21T05:39:35,2025-05-31T05:11:03,14.799999999999272,14.600000000000364,2.5,2.0,16.891891891892723,13.69863013698596,0.0,0.0,5,2,0.3080046197055309,0.00381194656081468,False
XYK9DYX172,250430210008,250530210006,2025-05-01T05:31:25,2025-05-31T05:11:03,14.600000000000364,14.600000000000364,2.5,2.0,17.12328767123245,13.69863013698596,0.0,0.0,5,2,0.007271349014644331,0.007892384120454128,False
XYK9DYX172,250510210005,250530210006,2025-05-11T05:35:40,2025-05-31T05:11:03,15.5,14.600000000000364,2.5,2.0,16.129032258064516,13.69863013698596,0.0,0.0,8,2,0.4977387813632156,0.006346112842650405,False
XYK9DYX172,250520210011,250530210006,2025-05-21T05:31:24,2025-05-31T05:11:03,14.5,14.600000000000364,2.0,2.0,13.793103448275861,13.69863013698596,0.0,0.0,5,2,0.008507116454432032,0.01735300346197395,False
XYK9DYX172,250111030002,250531030002,2025-01-11T11:21:02,2025-05-31T11:24:42,14.900000000000091,14.899999999999636,2.0,2.0,13.422818791946225,13.422818791946636,0.0,0.0,4,2,0.09316005659429147,0.0018578115402871672,False
XYK9DYX172,250121030005,250531030002,2025-01-21T11:38:58,2025-05-31T11:24:42,14.700000000000273,14.899999999999636,2.5,2.0,17.006802721088118,13.422818791946636,0.0,0.0,7,2,0.2484682896834606,0.0090269200183826,False
XYK9DYX172,250321030005,250531030002,2025-03-21T11:31:40,2025-05-31T11:24:42,14.899999999999636,14.899999999999636,2.5,2.0,16.778523489933296,13.422818791946636,0.0,0.0,4,2,0.035864750278979084,0.006242934936732197,False
XYK9DYX172,250511020002,250531030002,2025-05-11T10:01:47,2025-05-31T11:24:42,14.899999999999636,14.899999999999636,2.0,2.0,13.422818791946636,13.422818791946636,0.0,0.0,3,2,0.02037008168885039,0.005464689667604713,False
XYK9DYX172,250521030002,250531030002,2025-05-21T11:01:56,2025-05-31T11:24:42,15.200000000000728,14.899999999999636,2.0,2.0,13.157894736841474,13.422818791946636,0.0,0.0,2,2,0.01655339303177369,0.003161850861688811,False
XYK9DYX172,250630210006,250710210019,2025-07-01T05:29:42,2025-07-11T05:34:25,11.100000000000364,10.599999999998545,1.0,1.5,9.009009009008714,14.150943396228358,0.0,0.0,3,2,0.006405287689669352,0.005825240542055609,False
XYK9DYX172,250701030003,250711000001,2025-07-01T11:10:17,2025-07-11T08:26:05,11.199999999998909,11.200000000000728,1.5,2.0,13.392857142858446,17.857142857141696,0.0,0.0,3,5,0.14369336212249337,0.03988646223617324,False
XYK9DYX172,250701050005,250711060011,2025-07-01T13:58:23,2025-07-11T14:58:26,11.100000000000364,12.0,2.0,1.5,18.01801801801743,12.5,0.0,0.0,2,4,0.4738455579660133,0.013899673637189617,False
XYK9DYX172,250331000001,250720230013,2025-03-31T08:00:42,2025-07-21T07:37:25,36.0,34.79999999999927,5.0,4.5,13.88888888888889,12.931034482758891,0.0,0.0,5,3,0.46952152633481203,0.7287319529587314,False
XYK9DYX172,250301030003,250721110012,2025-03-01T11:52:58,2025-07-21T19:16:27,10.700000000000728,12.5,2.0,1.5,18.691588785045457,12.0,0.0,0.0,3,2,0.5980633434020431,0.006693051403252929,False
XYK9DYX172,250511060005,250721110012,2025-05-11T14:51:46,2025-07-21T19:16:27,10.599999999998545,12.5,1.5,1.5,14.150943396228358,12.0,0.0,0.0,1,2,0.5978571367329565,0.007031919206579231,False
XYK9DYX172,241231220010,250730210015,2025-01-01T06:46:23,2025-07-31T05:42:22,14.400000000000091,14.5,2.5,2.5,17.361111111111,17.24137931034483,0.0,0.0,8,5,0.48331393214316337,0.011977800947015357,False
XYK9DYX172,250110210022,250730210015,2025-01-11T05:29:23,2025-07-31T05:42:22,14.800000000000182,14.5,2.0,2.5,13.513513513513347,17.24137931034483,0.0,0.0,2,5,0.07423981843915041,0.11832759483586536,False
XYK9DYX172,250130210008,250730210015,2025-01-31T05:32:55,2025-07-31T05:42:22,14.600000000000364,14.5,2.0,2.5,13.69863013698596,17.24137931034483,0.0,0.0,1,5,0.4625247725353513,0.022723269850642738,False
XYK9DYX172,250228210015,250730210015,2025-03-01T05:29:13,2025-07-31T05:42:22,14.600000000000364,14.5,2.5,2.5,17.12328767123245,17.24137931034483,0.0,0.0,2,5,0.47099964824126506,0.022362060259447567,False
XYK9DYX172,250310210010,250730210015,2025-03-11T05:29:11,2025-07-31T05:42:22,14.399999999999636,14.5,2.5,2.5,17.361111111111548,17.24137931034483,0.0,0.0,2,5,0.47709475994920625,0.00600004876141234,False
XYK9DYX172,250320210014,250730210015,2025-03-21T05:39:35,2025-07-31T05:42:22,14.799999999999272,14.5,2.5,2.5,16.891891891892723,17.24137931034483,0.0,0.0,5,5,0.7352539439141359,0.014135169204073178,False
XYK9DYX172,250430210008,250730210015,2025-05-01T05:31:25,2025-07-31T05:42:22,14.600000000000364,14.5,2.5,2.5,17.12328767123245,17.24137931034483,0.0,0.0,5,5,0.47239124867221194,0.013932747917656672,False
XYK9DYX172,250510210005,250730210015,2025-05-11T05:35:40,2025-07-31T05:42:22,15.5,14.5,2.5,2.5,16.129032258064516,17.24137931034483,0.0,0.0,8,5,0.024331274501385627,0.017438057279503934,False
XYK9DYX172,250520210011,250730210015,2025-05-21T05:31:24,2025-07-31T05:42:22,14.5,14.5,2.0,2.5,13.793103448275861,17.24137931034483,0.0,0.0,5,5,0.4708483150966312,0.017133748270945725,False
XYK9DYX172,250530210006,250730210015,2025-05-31T05:11:03,2025-07-31T05:42:22,14.600000000000364,14.5,2.0,2.5,13.69863013698596,17.24137931034483,0.0,0.0,2,5,0.47932339354388676,0.011148481514951597,False
XYK9DYX172,250721020004,250731020003,2025-07-21T10:18:53,2025-07-31T10:43:06,93.0,93.5,15.0,14.5,16.129032258064516,15.508021390374333,2.7,0.0,3,3,0.5021426551573805,0.008462546945578223,True
XYK9DYX172,250301030003,250731100009,2025-03-01T11:52:58,2025-07-31T18:31:05,10.700000000000728,11.19999999999709,2.0,1.5,18.691588785045457,13.392857142860622,0.0,0.0,3,1,0.003945284848287382,0.009672197097472909,False
XYK9DYX172,250511060005,250731100009,2025-05-11T14:51:46,2025-07-31T18:31:05,10.599999999998545,11.19999999999709,1.5,1.5,14.150943396228358,13.392857142860622,0.0,0.0,1,1,0.004707088679374828,0.011333203976625874,False
XYK9DYX172,250721110012,250731100009,2025-07-21T19:16:27,2025-07-31T18:31:05,12.5,11.19999999999709,1.5,1.5,12.0,13.392857142860622,0.0,0.0,2,1,0.6014909726569363,0.004741322561586431,False
XYK9DYX172,250630210006,250910210005,2025-07-01T05:29:42,2025-09-11T05:35:26,11.100000000000364,11.099999999998545,1.0,1.5,9.009009009008714,13.513513513515285,0.0,0.0,3,1,0.00786462163155672,0.04008665968466737,False
XYK9DYX172,250710210019,250910210005,2025-07-11T05:34:25,2025-09-11T05:35:26,10.599999999998545,11.099999999998545,1.5,1.5,14.150943396228358,13.513513513515285,0.0,0.0,2,1,0.005164846632789247,0.04183963666168448,False
XYK9DYX172,250730230019,250910230007,2025-07-31T07:32:11,2025-09-11T07:33:34,98.40000000000146,99.20000000000073,15.5,16.5,15.75203252032497,16.633064516128908,0.0,0.0,1,4,0.07995275504778972,0.7013790462387063,True
XYK9DYX172,250721020004,250911020003,2025-07-21T10:18:53,2025-09-11T10:31:47,93.0,93.59999999999854,15.0,14.5,16.129032258064516,15.491452991453233,2.7,0.0,3,4,0.4293266136577876,0.012381766528847381,True
XYK9DYX172,250731020003,250911020003,2025-07-31T10:43:06,2025-09-11T10:31:47,93.5,93.59999999999854,14.5,14.5,15.508021390374333,15.491452991453233,0.0,0.0,3,4,0.36542524386754427,0.01629396949328155,True
XYK9DYX172,250701050005,250911060004,2025-07-01T13:58:23,2025-09-11T14:26:34,11.100000000000364,11.5,2.0,2.0,18.01801801801743,17.391304347826086,0.0,0.0,2,1,0.023911708524997393,0.2746201362875762,False
XYK9DYX172,250711060011,250911060004,2025-07-11T14:58:26,2025-09-11T14:26:34,12.0,11.5,1.5,2.0,12.5,17.391304347826086,0.0,0.0,4,1,0.49284747373923704,0.2607259517517409,False
XYK9DYX172,250301030003,250911100009,2025-03-01T11:52:58,2025-09-11T18:56:58,10.700000000000728,12.799999999999272,2.0,1.5,18.691588785045457,11.718750000000666,0.0,0.0,3,4,0.7464303266647677,0.009451550142720562,False
XYK9DYX172,250721110012,250911100009,2025-07-21T19:16:27,2025-09-11T18:56:58,12.5,12.799999999999272,1.5,1.5,12.0,11.718750000000666,0.0,0.0,2,4,0.258704493248291,0.004843936447111843,False
XYK9DYX172,250731100009,250911100009,2025-07-31T18:31:05,2025-09-11T18:56:58,11.19999999999709,12.799999999999272,1.5,1.5,13.392857142860622,11.718750000000666,0.0,0.0,1,4,0.7490746462722381,0.008905487685640538,False
XYK9DYX172,250630210006,250920200012,2025-07-01T05:29:42,2025-09-21T04:51:50,11.100000000000364,10.600000000002183,1.0,1.5,9.009009009008714,14.1509433962235,0.0,0.0,3,1,0.4583987358076743,0.0509765641469475,False
XYK9DYX172,250710210019,250920200012,2025-07-11T05:34:25,2025-09-21T04:51:50,10.599999999998545,10.600000000002183,1.5,1.5,14.150943396228358,14.1509433962235,0.0,0.0,2,1,0.45779313649934655,0.0528506850588074,False
XYK9DYX172,250910210005,250920200012,2025-09-11T05:35:26,2025-09-21T04:51:50,11.099999999998545,10.600000000002183,1.5,1.5,13.513513513515285,14.1509433962235,0.0,0.0,1,1,0.45270923045966893,0.011016563097970538,False
XYK9DYX172,250311030003,250921040002,2025-03-11T11:19:57,2025-09-21T12:26:41,13.600000000000364,13.099999999998545,2.0,2.0,14.705882352940783,15.267175572520781,0.0,0.0,1,3,0.3755950082101004,0.011784118143077721,False
XYK9DYX172,250630210006,250929210006,2025-07-01T05:29:42,2025-09-30T05:48:23,11.100000000000364,10.799999999999272,1.0,2.0,9.009009009008714,18.518518518519766,0.0,0.0,3,5,0.008334035352815752,0.0071875558360966684,False
XYK9DYX172,250710210019,250929210006,2025-07-11T05:34:25,2025-09-30T05:48:23,10.599999999998545,10.799999999999272,1.5,2.0,14.150943396228358,18.518518518519766,0.0,0.0,2,5,0.004705039405840718,0.0022308831369820276,False
XYK9DYX172,250910210005,250929210006,2025-09-11T05:35:26,2025-09-30T05:48:23,11.099999999998545,10.799999999999272,1.5,2.0,13.513513513515285,18.518518518519766,0.0,0.0,1,5,0.0010558593970125569,0.044049809018938846,False
XYK9DYX172,250920200012,250929210006,2025-09-21T04:51:50,2025-09-30T05:48:23,10.600000000002183,10.799999999999272,1.5,2.0,14.1509433962235,18.518518518519766,0.0,0.0,1,5,0.45308877098847083,0.05506279317094285,False
XYK9DYX172,250111030002,250930030004,2025-01-11T11:21:02,2025-09-30T11:31:51,14.900000000000091,16.099999999998545,2.0,2.0,13.422818791946225,12.422360248448328,0.0,0.0,4,4,0.06629884515565633,0.013664127926460441,False
XYK9DYX172,250121030005,250930030004,2025-01-21T11:38:58,2025-09-30T11:31:51,14.700000000000273,16.099999999998545,2.5,2.0,17.006802721088118,12.422360248448328,0.0,0.0,7,4,0.2918955952962664,0.0030864486122552616,False
XYK9DYX172,250321030005,250930030004,2025-03-21T11:31:40,2025-09-30T11:31:51,14.899999999999636,16.099999999998545,2.5,2.0,16.778523489933296,12.422360248448328,0.0,0.0,4,4,0.08251771678155301,0.014025137374079703,False
XYK9DYX172,250511020002,250930030004,2025-05-11T10:01:47,2025-09-30T11:31:51,14.899999999999636,16.099999999998545,2.0,2.0,13.422818791946636,12.422360248448328,0.0,0.0,3,4,0.06594061711766355,0.009911765611900707,False
XYK9DYX172,250521030002,250930030004,2025-05-21T11:01:56,2025-09-30T11:31:51,15.200000000000728,16.099999999998545,2.0,2.0,13.157894736841474,12.422360248448328,0.0,0.0,2,4,0.06174194802097298,0.009904691856110277,False
XYK9DYX172,250531030002,250930030004,2025-05-31T11:24:42,2025-09-30T11:31:51,14.899999999999636,16.099999999998545,2.0,2.0,13.422818791946636,12.422360248448328,0.0,0.0,2,4,0.04668926659753538,0.011925959038245823,False
XYK9DYX172,241231220010,251031190004,2025-01-01T06:46:23,2025-11-01T03:47:54,14.400000000000091,14.799999999999272,2.5,2.5,17.361111111111,16.891891891892723,0.0,0.0,8,5,0.015776652817553444,0.033155233876875044,False
XYK9DYX172,250110210022,251031190004,2025-01-11T05:29:23,2025-11-01T03:47:54,14.800000000000182,14.799999999999272,2.0,2.5,13.513513513513347,16.891891891892723,0.0,0.0,2,5,0.43627571937586146,0.120529825755559,False
XYK9DYX172,250130210008,251031190004,2025-01-31T05:32:55,2025-11-01T03:47:54,14.600000000000364,14.799999999999272,2.0,2.5,13.69863013698596,16.891891891892723,0.0,0.0,1,5,0.016981636922926587,0.03531979295445872,False
XYK9DYX172,250228210015,251031190004,2025-03-01T05:29:13,2025-11-01T03:47:54,14.600000000000364,14.799999999999272,2.5,2.5,17.12328767123245,16.891891891892723,0.0,0.0,2,5,0.00843854734441864,0.03993519782225317,False
XYK9DYX172,250310210010,251031190004,2025-03-11T05:29:11,2025-11-01T03:47:54,14.399999999999636,14.799999999999272,2.5,2.5,17.361111111111548,16.891891891892723,0.0,0.0,2,5,0.009886810518941514,0.0280375224868987,False
XYK9DYX172,250320210014,251031190004,2025-03-21T05:39:35,2025-11-01T03:47:54,14.799999999999272,14.799999999999272,2.5,2.5,16.891891891892723,16.891891891892723,0.0,0.0,5,5,0.3080046197055309,0.03833796682398038,False
XYK9DYX172,250430210008,251031190004,2025-05-01T05:31:25,2025-11-01T03:47:54,14.600000000000364,14.799999999999272,2.5,2.5,17.12328767123245,16.891891891892723,0.0,0.0,5,5,0.007271349014644331,0.03639396223391452,False
XYK9DYX172,250510210005,251031190004,2025-05-11T05:35:40,2025-11-01T03:47:54,15.5,14.799999999999272,2.5,2.5,16.129032258064516,16.891891891892723,0.0,0.0,8,5,0.4977387813632156,0.041871033262724185,False
XYK9DYX172,250520210011,251031190004,2025-05-21T05:31:24,2025-11-01T03:47:54,14.5,14.799999999999272,2.0,2.5,13.793103448275861,16.891891891892723,0.0,0.0,5,5,0.008507116454432032,0.03495505755784662,False
XYK9DYX172,250530210006,251031190004,2025-05-31T05:11:03,2025-11-01T03:47:54,14.600000000000364,14.799999999999272,2.0,2.5,13.69863013698596,16.891891891892723,0.0,0.0,2,5,0.0,0.03566376709867691,False
XYK9DYX172,250730210015,251031190004,2025-07-31T05:42:22,2025-11-01T03:47:54,14.5,14.799999999999272,2.5,2.5,17.24137931034483,16.891891891892723,0.0,0.0,5,5,0.47932339354388676,0.024544512802806267,False
XYK9DYX172,250111030002,251101040001,2025-01-11T11:21:02,2025-11-01T12:21:03,14.900000000000091,14.80000000000291,2.0,2.5,13.422818791946225,16.89189189188857,0.0,0.0,4,5,0.1204941706646243,0.008594249004981553,False
XYK9DYX172,250121030005,251101040001,2025-01-21T11:38:58,2025-11-01T12:21:03,14.700000000000273,14.80000000000291,2.5,2.5,17.006802721088118,16.89189189188857,0.0,0.0,7,5,0.19931849721636496,0.012460361436846536,False
XYK9DYX172,250321030005,251101040001,2025-03-21T11:31:40,2025-11-01T12:21:03,14.899999999999636,14.80000000000291,2.5,2.5,16.778523489933296,16.89189189188857,0.0,0.0,4,5,0.02123823098926897,0.014111038932719878,False
XYK9DYX172,250511020002,251101040001,2025-05-11T10:01:47,2025-11-01T12:21:03,14.899999999999636,14.80000000000291,2.0,2.5,13.422818791946636,16.89189189188857,0.0,0.0,3,5,0.028902925805560552,0.005587969314573502,False
XYK9DYX172,250521030002,251101040001,2025-05-21T11:01:56,2025-11-01T12:21:03,15.200000000000728,14.80000000000291,2.0,2.5,13.157894736841474,16.89189189188857,0.0,0.0,2,5,0.03268467708454238,0.006738593599658573,False
XYK9DYX172,250531030002,251101040001,2025-05-31T11:24:42,2025-11-01T12:21:03,14.899999999999636,14.80000000000291,2.0,2.5,13.422818791946636,16.89189189188857,0.0,0.0,2,5,0.049215856603958406,0.007999692588687992,False
XYK9DYX172,250930030004,251101040001,2025-09-30T11:31:51,2025-11-01T12:21:03,16.099999999998545,14.80000000000291,2.0,2.5,12.422360248448328,16.89189189188857,0.0,0.0,4,5,0.09342982957150728,0.015442946817820435,False
XYK9DYX172,250701030003,251111040001,2025-07-01T11:10:17,2025-11-11T12:20:03,11.199999999998909,11.299999999999272,1.5,1.5,13.392857142858446,13.274336283186697,0.0,0.0,3,1,0.12026382665839709,0.045222995820001236,False
XYK9DYX172,250711000001,251111040001,2025-07-11T08:26:05,2025-11-11T12:20:03,11.200000000000728,11.299999999999272,2.0,1.5,17.857142857141696,13.274336283186697,0.0,0.0,5,1,0.023470542420548655,0.01745004413771448,False
XYK9DYX172,250111030002,251121040002,2025-01-11T11:21:02,2025-11-21T12:36:26,14.900000000000091,15.299999999999272,2.0,2.5,13.422818791946225,16.33986928104653,0.0,0.0,4,3,0.07033423428705939,0.003902230624686344,False
XYK9DYX172,250121030005,251121040002,2025-01-21T11:38:58,2025-11-21T12:36:26,14.700000000000273,15.299999999999272,2.5,2.5,17.006802721088118,16.33986928104653,0.0,0.0,7,3,0.3005291047989417,0.00745006008528909,False
XYK9DYX172,250321030005,251121040002,2025-03-21T11:31:40,2025-11-21T12:36:26,14.899999999999636,15.299999999999272,2.5,2.5,16.778523489933296,16.33986928104653,0.0,0.0,4,3,0.0897942453267134,0.007950080384565274,False
XYK9DYX172,250511020002,251121040002,2025-05-11T10:01:47,2025-11-21T12:36:26,14.899999999999636,15.299999999999272,2.0,2.5,13.422818791946636,16.33986928104653,0.0,0.0,3,3,0.0737443830495882,0.003439960683644337,False
XYK9DYX172,250521030002,251121040002,2025-05-21T11:01:56,2025-11-21T12:36:26,15.200000000000728,15.299999999999272,2.0,2.5,13.157894736841474,16.33986928104653,0.0,0.0,2,3,0.06959663567753664,0.0010557504650433435,False
XYK9DYX172,250531030002,251121040002,2025-05-31T11:24:42,2025-11-21T12:36:26,14.899999999999636,15.299999999999272,2.0,2.5,13.422818791946636,16.33986928104653,0.0,0.0,2,3,0.05396300990819235,0.0021079035953368843,False
XYK9DYX172,250930030004,251121040002,2025-09-30T11:31:51,2025-11-21T12:36:26,16.099999999998545,15.299999999999272,2.0,2.5,12.422360248448328,16.33986928104653,0.0,0.0,4,3,0.009302883011806653,0.010476814392997854,False
XYK9DYX172,251101040001,251121040002,2025-11-01T12:21:03,2025-11-21T12:36:26,14.80000000000291,15.299999999999272,2.5,2.5,16.89189189188857,16.33986928104653,0.0,0.0,5,3,0.10169525955558867,0.007074790411659136,False
XYK9DYX172,250111030002,251130040001,2025-01-11T11:21:02,2025-11-30T12:39:21,14.900000000000091,14.799999999999272,2.0,2.5,13.422818791946225,16.891891891892723,0.0,0.0,4,3,0.10785952593755675,0.004017799004878775,False
XYK9DYX172,250121030005,251130040001,2025-01-21T11:38:58,2025-11-30T12:39:21,14.700000000000273,14.799999999999272,2.5,2.5,17.006802721088118,16.891891891892723,0.0,0.0,7,3,0.216392013985478,0.014250946084037444,False
XYK9DYX172,250321030005,251130040001,2025-03-21T11:31:40,2025-11-30T12:39:21,14.899999999999636,14.799999999999272,2.5,2.5,16.778523489933296,16.891891891892723,0.0,0.0,4,3,0.015728018749118788,0.008715900241448105,False
XYK9DYX172,250511020002,251130040001,2025-05-11T10:01:47,2025-11-30T12:39:21,14.899999999999636,14.799999999999272,2.0,2.5,13.422818791946636,16.891891891892723,0.0,0.0,3,3,0.012272309538081911,0.008999714733671947,False
XYK9DYX172,250521030002,251130040001,2025-05-21T11:01:56,2025-11-30T12:39:21,15.200000000000728,14.799999999999272,2.0,2.5,13.157894736841474,16.891891891892723,0.0,0.0,2,3,0.01573016217340221,0.007606384385566872,False
XYK9DYX172,250531030002,251130040001,2025-05-31T11:24:42,2025-11-30T12:39:21,14.899999999999636,14.799999999999272,2.0,2.5,13.422818791946636,16.891891891892723,0.0,0.0,2,3,0.03227918504298445,0.0053997099557626434,False
XYK9DYX172,250930030004,251130040001,2025-09-30T11:31:51,2025-11-30T12:39:21,16.099999999998545,14.799999999999272,2.0,2.5,12.422360248448328,16.891891891892723,0.0,0.0,4,3,0.0764646251324889,0.01723521362979802,False
XYK9DYX172,251101040001,251130040001,2025-11-01T12:21:03,2025-11-30T12:39:21,14.80000000000291,14.799999999999272,2.5,2.5,16.89189189188857,16.891891891892723,0.0,0.0,5,3,0.0170950413949513,0.00776228041797828,False
XYK9DYX172,251121040002,251130040001,2025-11-21T12:36:26,2025-11-30T12:39:21,15.299999999999272,14.799999999999272,2.5,2.5,16.33986928104653,16.891891891892723,0.0,0.0,3,3,0.08464728822437222,0.006820570711443367,False
YP6LR2GGM2,250311120006,251101100004,2025-03-11T20:32:13,2025-11-01T18:19:57,74.0,68.0,27.5,18.0,37.16216216216216,26.47058823529412,30.133333333333333,6.2,18,13,0.006647762537912055,0.009221403429354801,True
ZNUKGJO57M,250101060001,250130230002,2025-01-01T14:05:29,2025-01-31T07:38:22,27.0,28.0,6.5,9.5,24.074074074074073,33.92857142857143,0.0,0.0,12,12,0.007441573185373992,0.008674954936832693,True
ZNUKGJO57M,250111000001,250311010001,2025-01-11T08:50:49,2025-03-11T09:24:32,498.0,525.0,133.0,137.0,26.706827309236946,26.095238095238095,92.26666666666667,74.8,69,78,0.013757800659757489,0.015200815287644845,True
ZNUKGJO57M,250228230002,250320230003,2025-03-01T07:16:50,2025-03-21T07:44:52,359.0,340.0,98.5,103.5,27.437325905292482,30.441176470588232,168.73333333333332,180.7,49,95,0.002890044223432596,0.0022638520674242175,True
ZNUKGJO57M,250320230003,250521020001,2025-03-21T07:44:52,2025-05-21T10:32:00,340.0,272.0,103.5,72.5,30.441176470588232,26.65441176470588,180.7,92.56666666666666,95,51,0.002686008671325236,0.005936048905818259,True
ZNUKGJO57M,250501000001,250521020001,2025-05-01T08:27:28,2025-05-21T10:32:00,248.0,272.0,60.0,72.5,24.193548387096776,26.65441176470588,23.933333333333334,92.56666666666666,34,51,0.004529651412232405,0.0027135049670183632,True
ZNUKGJO57M,250430180002,250630190003,2025-05-01T02:39:14,2025-07-01T03:04:42,328.0,322.0,83.5,97.5,25.45731707317073,30.27950310559006,35.96666666666667,141.88333333333333,47,75,0.008697791917715098,0.006263520952107605,True
ZNUKGJO57M,250320230003,250701030001,2025-03-21T07:44:52,2025-07-01T11:15:54,340.0,282.0,103.5,80.5,30.441176470588232,28.54609929078014,180.7,66.2,95,65,0.003924689800905674,0.01197970050453385,True
ZNUKGJO57M,250501000001,250701030001,2025-05-01T08:27:28,2025-07-01T11:15:54,248.0,282.0,60.0,80.5,24.193548387096776,28.54609929078014,23.933333333333334,66.2,34,65,0.006263520952107605,0.01034533750285299,True
ZNUKGJO57M,250521020001,250701030001,2025-05-21T10:32:00,2025-07-01T11:15:54,272.0,282.0,72.5,80.5,26.65441176470588,28.54609929078014,92.56666666666666,66.2,51,65,0.00430007060725559,0.008933476415760108,True
ZNUKGJO57M,241231190002,250720190001,2025-01-01T03:56:02,2025-07-21T03:08:11,440.0,450.0,125.5,133.5,28.522727272727273,29.666666666666668,146.6,135.2,114,103,0.0062152244639250885,0.0008448669963547849,True
ZNUKGJO57M,250531020001,250721050001,2025-05-31T10:15:57,2025-07-21T13:35:09,167.0,138.0,57.5,34.5,34.4311377245509,25.0,141.83333333333334,5.683333333333334,49,35,0.003181093335408196,0.04293621168601807,True
ZNUKGJO57M,250711040001,250721050001,2025-07-11T12:06:41,2025-07-21T13:35:09,124.0,138.0,39.5,34.5,31.85483870967742,25.0,61.6,5.683333333333334,41,35,0.0027636596941198487,0.006868493262696367,True
ZNUKGJO57M,250110190002,250730190003,2025-01-11T03:35:28,2025-07-31T03:31:17,238.0,280.0,67.0,83.0,28.15126050420168,29.642857142857142,59.03333333333333,89.03333333333333,35,73,0.006855377305638085,0.0062452770195858195,True
ZNUKGJO57M,250430180002,250730190003,2025-05-01T02:39:14,2025-07-31T03:31:17,328.0,280.0,83.5,83.0,25.45731707317073,29.642857142857142,35.96666666666667,89.03333333333333,47,73,0.006270402918765685,0.0023525560694315426,True
ZNUKGJO57M,250630190003,250730190003,2025-07-01T03:04:42,2025-07-31T03:31:17,322.0,280.0,97.5,83.0,30.27950310559006,29.642857142857142,141.88333333333333,89.03333333333333,75,73,0.0066117754670742615,0.007952662752137093,True
ZNUKGJO57M,250228230002,250731020001,2025-03-01T07:16:50,2025-07-31T10:02:02,359.0,288.0,98.5,88.0,27.437325905292482,30.555555555555557,168.73333333333332,240.95,49,77,0.0031775700205852256,0.006456925725344433,True
ZNUKGJO57M,250320230003,250731020001,2025-03-21T07:44:52,2025-07-31T10:02:02,340.0,288.0,103.5,88.0,30.441176470588232,30.555555555555557,180.7,240.95,95,77,0.004054847798225205,0.007910118391635083,True
ZNUKGJO57M,250501000001,250731020001,2025-05-01T08:27:28,2025-07-31T10:02:02,248.0,288.0,60.0,88.0,24.193548387096776,30.555555555555557,23.933333333333334,240.95,34,77,0.0023525560694315426,0.004789200508818892,True
ZNUKGJO57M,250521020001,250731020001,2025-05-21T10:32:00,2025-07-31T10:02:02,272.0,288.0,72.5,88.0,26.65441176470588,30.555555555555557,92.56666666666666,240.95,51,77,0.004936709716717761,0.0031695685160101,True
ZNUKGJO57M,250701030001,250731020001,2025-07-01T11:15:54,2025-07-31T10:02:02,282.0,288.0,80.5,88.0,28.54609929078014,30.555555555555557,66.2,240.95,65,77,0.007952662752137093,0.011459679736937907,True
ZNUKGJO57M,250110190002,250831190001,2025-01-11T03:35:28,2025-09-01T03:34:26,238.0,250.0,67.0,75.0,28.15126050420168,30.0,59.03333333333333,116.21666666666667,35,54,0.01173007595251759,0.00863120795145389,True
ZNUKGJO57M,250730190003,250831190001,2025-07-31T03:31:17,2025-09-01T03:34:26,280.0,250.0,83.0,75.0,29.642857142857142,30.0,89.03333333333333,116.21666666666667,73,54,0.0058401617057049155,0.008226154435103035,True
ZNUKGJO57M,250228230002,250901010002,2025-03-01T07:16:50,2025-09-01T09:51:42,359.0,298.0,98.5,78.5,27.437325905292482,26.34228187919463,168.73333333333332,137.66666666666666,49,76,0.00601317177965721,0.008635664480820638,True
ZNUKGJO57M,250320230003,250901010002,2025-03-21T07:44:52,2025-09-01T09:51:42,340.0,298.0,103.5,78.5,30.441176470588232,26.34228187919463,180.7,137.66666666666666,95,76,0.005113072232140125,0.01044535100928094,True
ZNUKGJO57M,250521020001,250901010002,2025-05-21T10:32:00,2025-09-01T09:51:42,272.0,298.0,72.5,78.5,26.65441176470588,26.34228187919463,92.56666666666666,137.66666666666666,51,76,0.006972126968310116,0.006193120167306497,True
ZNUKGJO57M,250701030001,250901010002,2025-07-01T11:15:54,2025-09-01T09:51:42,282.0,298.0,80.5,78.5,28.54609929078014,26.34228187919463,66.2,137.66666666666666,65,76,0.0036300174545795183,0.01404091708133743,True
ZNUKGJO57M,250731020001,250901010002,2025-07-31T10:02:02,2025-09-01T09:51:42,288.0,298.0,88.0,78.5,30.555555555555557,26.34228187919463,240.95,137.66666666666666,77,76,0.008734778585907427,0.003025877173382908,True
ZNUKGJO57M,250430180002,250910180002,2025-05-01T02:39:14,2025-09-11T02:43:38,328.0,326.0,83.5,95.0,25.45731707317073,29.141104294478527,35.96666666666667,136.65,47,79,0.0022707801911465817,0.008534103063422303,True
ZNUKGJO57M,250630190003,250910180002,2025-07-01T03:04:42,2025-09-11T02:43:38,322.0,326.0,97.5,95.0,30.27950310559006,29.141104294478527,141.88333333333333,136.65,75,79,0.006434417409301615,0.003421881070098279,True
ZNUKGJO57M,250730190003,250910180002,2025-07-31T03:31:17,2025-09-11T02:43:38,280.0,326.0,83.0,95.0,29.642857142857142,29.141104294478527,89.03333333333333,136.65,73,79,0.0049416762424758405,0.009550691347964737,True
ZNUKGJO57M,250711040001,250911030001,2025-07-11T12:06:41,2025-09-11T11:02:08,124.0,126.0,39.5,39.0,31.85483870967742,30.952380952380953,61.6,69.56666666666666,41,49,0.009325284233187115,0.008542530157812952,True
ZNUKGJO57M,250721050001,250911030001,2025-07-21T13:35:09,2025-09-11T11:02:08,138.0,126.0,34.5,39.0,25.0,30.952380952380953,5.683333333333334,69.56666666666666,35,49,0.00795134173247703,0.01530602130549715,True
ZNUKGJO57M,250228180001,250929190001,2025-03-01T02:59:52,2025-09-30T03:11:22,169.0,180.0,49.5,54.5,29.289940828402365,30.277777777777775,39.833333333333336,38.35,44,64,0.0018373845419324137,0.003320097395037063,True
ZNUKGJO57M,250228230002,250929230003,2025-03-01T07:16:50,2025-09-30T07:48:58,359.0,359.0,98.5,99.0,27.437325905292482,27.57660167130919,168.73333333333332,53.21666666666667,49,68,0.03617655225608703,0.0005559746336528115,True
ZNUKGJO57M,250320230003,250929230003,2025-03-21T07:44:52,2025-09-30T07:48:58,340.0,359.0,103.5,99.0,30.441176470588232,27.57660167130919,180.7,53.21666666666667,95,68,0.03328667681522854,0.0026767774504974414,True
ZNUKGJO57M,250330190001,251031190002,2025-03-31T03:45:31,2025-11-01T03:18:38,409.0,391.0,107.5,112.5,26.283618581907092,28.77237851662404,59.483333333333334,127.68333333333334,103,79,0.0073235775441386495,0.013424250386352338,True
ZNUKGJO57M,250531020001,251111050001,2025-05-31T10:15:57,2025-11-11T13:33:38,167.0,146.0,57.5,38.5,34.4311377245509,26.36986301369863,141.83333333333334,7.566666666666666,49,42,0.0030053612921989614,0.026536522509158136,True
ZNUKGJO57M,250711040001,251111050001,2025-07-11T12:06:41,2025-11-11T13:33:38,124.0,146.0,39.5,38.5,31.85483870967742,26.36986301369863,61.6,7.566666666666666,41,42,0.0030865002747168676,0.011260717085467591,True
ZNUKGJO57M,250721050001,251111050001,2025-07-21T13:35:09,2025-11-11T13:33:38,138.0,146.0,34.5,38.5,25.0,26.36986301369863,5.683333333333334,7.566666666666666,35,42,0.0037321119253504636,0.017964515148544927,True
ZNUKGJO57M,250911030001,251111050001,2025-09-11T11:02:08,2025-11-11T13:33:38,126.0,146.0,39.0,38.5,30.952380952380953,26.36986301369863,69.56666666666666,7.566666666666666,49,42,0.006708107306228301,0.005671470052626345,True
ZNUKGJO57M,250430180002,251120180002,2025-05-01T02:39:14,2025-11-21T02:16:26,328.0,325.0,83.5,83.0,25.45731707317073,25.538461538461537,35.96666666666667,17.333333333333332,47,37,0.005924241154453755,0.001143366671930129,True
ZNUKGJO57M,250630190003,251120180002,2025-07-01T03:04:42,2025-11-21T02:16:26,322.0,325.0,97.5,83.0,30.27950310559006,25.538461538461537,141.88333333333333,17.333333333333332,75,37,0.004447797066039538,0.007009705127668501,True
ZNUKGJO57M,250730190003,251120180002,2025-07-31T03:31:17,2025-11-21T02:16:26,280.0,325.0,83.0,83.0,29.642857142857142,25.538461538461537,89.03333333333333,17.333333333333332,73,37,0.0022669190743483517,0.0012104700275663977,True
ZNUKGJO57M,250910180002,251120180002,2025-09-11T02:43:38,2025-11-21T02:16:26,326.0,325.0,95.0,83.0,29.141104294478527,25.538461538461537,136.65,17.333333333333332,79,37,0.003960297290488119,0.008930426997019623,True
ZNUKGJO57M,250531020001,251121030001,2025-05-31T10:15:57,2025-11-21T11:21:47,167.0,147.0,57.5,36.0,34.4311377245509,24.489795918367346,141.83333333333334,5.966666666666667,49,20,0.0033738462582876,0.03405124717463801,True
ZNUKGJO57M,250711040001,251121030001,2025-07-11T12:06:41,2025-11-21T11:21:47,124.0,147.0,39.5,36.0,31.85483870967742,24.489795918367346,61.6,5.966666666666667,41,20,0.007857379756875525,0.003481863398659849,True
ZNUKGJO57M,250721050001,251121030001,2025-07-21T13:35:09,2025-11-21T11:21:47,138.0,147.0,34.5,36.0,25.0,24.489795918367346,5.683333333333334,5.966666666666667,35,20,0.005594203559529254,0.009006789058102316,True
ZNUKGJO57M,250911030001,251121030001,2025-09-11T11:02:08,2025-11-21T11:21:47,126.0,147.0,39.0,36.0,30.952380952380953,24.489795918367346,69.56666666666666,5.966666666666667,49,20,0.0038187522511775565,0.00842782601039788,True
ZNUKGJO57M,251111050001,251121030001,2025-11-11T13:33:38,2025-11-21T11:21:47,146.0,147.0,38.5,36.0,26.36986301369863,24.489795918367346,7.566666666666666,5.966666666666667,42,20,0.006348364766230608,0.009239378045158177,True
